1704836367
67353841
1635714736
1207241589
1667573786
891303851
1825743863
116353371
450102317
449986420
352249150
794198832
1116042789
2060904611
145382856
15458594
1638290885
1599573457
548854286
207898649
1640363323
1598865809
846109527
1378776649
695703373
1612667485
572224240
1421334248
555539997
1302010513
1445074697
1849917178
338435229
733779600
1808247596
1578820936
55186578
161225477
820844122
1487202160
1966951229
265385284
552296644
1625738773
918142636
2068357070
133559075
289153591
1038509469
1170044147
194720181
1875723676
317359114
1058318738
1305054419
1050271854
1634172501
145388029
298238260
1575704030
673477906
1502827255
1902682552
466915846
1056674668
1859240158
3826930
1730650829
200120885
214650598
2142179381
488549892
1438568844
1643270267
179386969
234681998
222898988
1371860680
1097465867
793100986
1902247759
957404246
1536992206
82974132
1886285374
1627041996
370275218
1802194449
489164919
1069217493
1575366127
555735945
977551226
7689759
1958592766
292052419
2102059311
1697026942
244374741
1044815432
1888370678
2122088753
981693340
409794457
897849677
1604712765
465494352
739498844
72920345
1407507446
1058805012
646728113
1041708945
1191851165
1648408111
794373026
1624235980
1629799970
239034023
1158062777
2002371812
44851722
2054333814
1494581164
1364227016
360221548
499929711
809644596
1851174812
1710688277
2026747304
1884398587
505222861
259989964
1718860963
797151412
466210485
2020112814
1311833854
1794182468
1606877158
1792569275
1715051729
1905725469
1901104406
740769900
1334339755
1958210731
502664872
1986927225
1237481252
12309481
1196211411
811699904
1544932895
1256688651
1457361521
2066734146
1124175263
2034348381
815174246
449886789
1564576834
1039266348
155892139
187458200
1904017757
1265293272
1606076406
1440333299
1920431797
2045103882
1272555783
84915325
838654937
1916944645
606202002
384025703
120927511
1230221333
1618885316
271589557
823787553
775416100
337494901
446544412
1359939644
1569553515
204301801
1366471686
901907490
2071187268
997852993
51111860
1192228725
1111570718
1192512900
2037397370
1181020640
686865803
483198278
1968608302
192570829
26219892
443152370
274970269
220328125
646961516
2120588473
2071113521
2089684806
551730977
898149911
210472376
887609007
1433795567
1515408895
937263936
815296033
98303631
1822163618
1271267356
1662951819
1596183020
1537570273
667185156
87328790
2112527125
1875935565
2035439192
1863243838
1423557711
429830359
34712710
557786005
303793988
445777433
1019184256
165401617
435726422
1010394688
938938736
1420059917
65885461
1057340564
1194416232
797307363
1630549965
1677360037
900721490
550229027
1191572026
1250739988
1883582439
1930013551
1298944344
296693755
1079170266
1745340663
114011223
213683706
335492885
89168013
345112746
1632837343
799840539
1242382692
1174568253
1255782129
1195978380
944330858
1396526790
905669593
1228742087
253304383
1773051699
511886382
1084996009
890987217
366008900
1933841819
730813812
856148117
127756595
1725389743
2131440843
638304611
1950889869
324825410
121977307
625229551
471167781
1342781054
1213272979
843559135
2069764381
1332727185
1431358995
705923726
1498350117
635680750
235587363
1533684316
2125938624
717700666
1341335769
1969331376
376814786
1249324250
505883743
305222797
1424175830
2141294358
775587532
383030219
2064951099
1119138538
1109099054
830004473
1730396303
794713961
2144887976
579561679
1592616900
1466419150
249096121
2083404105
1812743727
1312384289
155754899
697107558
1968951999
1234862210
739992233
1016320124
355057739
225630230
644000077
277658677
1049018115
236021899
1102802285
952634410
1829020424
1164051785
59614845
592001050
1606361624
1814825270
97193330
1512395206
468548194
1401883174
1810939113
1718271853
1871606904
957815006
375877992
581952480
1193628259
126924740
2098744253
560328257
1897225679
954028580
1581782915
1567009628
1058203495
336305697
1185494979
1703400097
763078972
1938027318
993295287
1542187197
911580766
1741635431
920337834
1995469269
1364361613
83879179
2041138682
228248927
1151812874
1974364972
848514112
1876997532
787084678
460360354
2031497350
1237253302
94214716
1213186476
1511450294
1046528370
1169867802
2007840838
1883045396
1212347793
880582170
1238589199
1097961186
937668553
841314480
1490178767
1364957218
2043306842
996846172
1707781798
1304770424
1848489808
1877450591
1142626008
971586862
969758550
1165447818
513762864
1994309200
878819377
1690876209
385157133
701523703
854157792
396352
1445374222
1585933987
1522217293
2015287395
1104808030
1915629761
1061012399
1498259304
1673352084
86805326
320445824
250412196
1864243017
1673545105
340201239
784162438
552234554
1570103564
807549153
461080401
830322965
1095390830
592466240
121186023
1478805732
528769215
73215488
174849982
584713747
1515985054
1160620913
574433520
2012790303
2066858406
240331559
912858991
472867294
1996540910
160826443
1444575317
392896101
902441897
1515216794
783558234
1685314201
1694583017
1477482755
1822254174
924205909
1092151689
303161562
66090791
1554657333
58824480
2047571632
1720621092
1025395453
247538480
373454811
2041477999
1276543913
434309985
592436095
1268777682
1891203858
830185446
894162515
1784074240
2207290
452193791
531202038
1836484581
883543092
1425182871
513881069
1580644631
2014855346
764782863
1916127286
1235318636
1856281901
787767826
289952654
1301208741
1301424811
1881308839
1819270460
2138099271
1816497712
1255577414
2013655192
1084575882
1995442627
1811662624
279883293
465256043
751404060
1912712067
758289445
2147209948
1643847911
315209558
1969871174
1304755996
1097782199
2059336894
2078069321
1240166945
961869706
1729474275
1413119428
1838703920
1962382580
1887550925
595455827
168189840
1879285996
503844456
2032989303
356598611
493559344
1459876006
656796939
1505826130
1795664725
405968324
1687712094
1803293245
1641260910
1001416868
144965619
553894599
1367914328
57690714
592547025
529129725
1481971105
1592972481
1003515014
6619322
818263827
1342432589
648852671
2063207729
798617057
2032587228
498912381
1173278122
966120811
1597884870
1063618037
1465566027
422801585
2097087733
254786567
141480461
1776747858
1913815853
1277168984
853624525
1630133568
995966316
2037444365
611511427
1967601922
1646971756
769192231
272302733
161078438
1924439876
700023
959645221
874856770
404101424
708411964
1121476849
1608258852
506385766
1908784479
1791569593
1242977437
2104014374
224703818
1109552180
1398007143
1189956566
784639584
439943419
269303472
1504599361
443679773
455882399
1554139076
736063999
826503371
1927761621
537933658
490365170
728446687
428935888
2124012922
1254556908
841006574
541267368
614097418
352213358
1195513166
1162896374
1492197876
790847884
32853582
897628801
1182135542
1588615915
1842544648
1553509905
1733281286
1776082668
589229803
1281920611
1081870432
883536868
1739157954
2106707510
1576284973
917057665
2026098303
525965955
1095175634
1292317520
148596875
1163424457
533608146
440520796
2054372032
1707193478
1468329824
263452398
200324876
1048259522
143381893
782594418
1269351836
23845573
775280362
1395114363
1936408007
308955880
934626883
1623030237
1511445114
371579017
1522834776
532797689
1042615388
241929240
815076785
350258454
1027443582
1952330318
1871045086
768175337
744057536
767722878
2101965152
2110451254
2104704706
1383815683
1774897463
1782350993
1489881734
2145312729
301701898
1808163390
673391520
667757385
1800692972
1253471543
53452825
1786861243
1876591568
2010741324
715622372
387559343
2073346700
416735332
375137277
1961394374
2115342211
821583329
1422157083
904276732
1305125619
565328418
921107474
2050383856
968130522
1464823074
526867913
549285732
1034213765
1576326973
2077543634
1449114049
1003063222
1004598035
1676812971
869562833
1555714929
864125829
1562292880
1511405455
672826979
147775453
334774267
1787713051
130270960
1635033098
1630773945
255741640
1560177367
147426057
953766570
1468025679
186911365
2073348446
609006870
413266215
936099571
2050784705
246457766
1505185772
1659638843
307889623
2047431940
1018234108
1876253374
351421717
1825781523
723502625
455581933
1087667145
594041540
1950393704
1821523887
654855220
1657611667
521175057
1105167223
1507569615
1624444070
593111711
304978914
271302319
2005894528
1729760269
1021221895
1376733954
160368734
1934293539
1247540575
1748529848
1418698286
2002471135
702969680
1280469312
1200362545
440803087
233995608
1215486824
1444450092
716980734
950048210
1519021926
539154502
906537546
1717406568
2092303092
2108972417
311448531
708401942
344615318
268009432
1007803087
1152598230
1410239735
456222961
1816172538
1395762414
456388978
836977278
1663045099
650073042
1583071404
745097526
180328835
546572983
1979096157
774886764
1321432958
1359282869
514825008
1938690888
413618475
979027095
1962340800
159368363
787980856
1733570370
407300548
392365720
1929537958
1769159360
1648748867
1473426528
1926543325
1680777705
504523784
1214620239
2078395353
1751923885
1353838864
1512344076
512332162
1507489024
1927937599
1636573841
654275352
981196898
1054506004
579763656
1240436684
111061002
312658833
1256089022
701466989
220858799
290396221
75568006
1177107255
407296754
1784776772
130955693
595643344
93100395
379784380
1414265940
1708960845
27996494
1486992386
1389629680
1082996334
715277498
1551794243
1254678427
1689959402
2140757405
59434007
1937055764
1352399077
1660490824
349579079
1201540186
1881406335
1494996107
1850545583
460841696
2090185350
879594381
647133759
640553581
1541174603
163325995
878512155
195824019
1173091986
560953353
1158640610
1726563273
450835619
1526565689
1938398988
139120168
926226557
534341767
234739565
274079167
629315115
2095873118
872631510
1083486610
828194862
973589595
894369499
1623562805
188637209
1816172909
126780591
1022468354
130926140
1937554085
854864170
860383474
126132856
1731041952
658126060
712540958
688642098
117268879
911900828
1478103249
238968675
1486910942
152258890
1919102281
1617913035
79043976
1470902514
307689739
1704786757
2084940278
1030632738
2006171871
1353928758
999438480
385918387
1920096879
135361823
206942691
1568638386
334524537
507506770
831803757
902027363
1585518762
844785346
214212616
1931246683
49982755
1529925874
1000106735
1455314635
1192133506
783928592
1041359217
60600542
1319549865
641122331
94937907
356960568
1221591060
528717887
1821714713
1307949981
253276625
278340161
289247963
1816527027
1361877531
1079378965
801473313
1447684063
1569446807
1185517197
1480807511
1373015373
1160609066
1315747884
1066897427
121826829
1045006453
559199001
1598305056
1550376022
671897070
94351407
1286596647
61978093
2100576412
908820785
312083193
443866784
1345624942
1623125018
1120315003
957096173
67920442
787194259
1320623919
2111977152
1596768333
287041663
188292187
1568791642
288564915
675164336
1817711063
1483730765
1786530820
1781653179
1214688376
1115765667
1766920168
314295017
369812245
1719974174
289659947
1266535748
420859443
1185225371
635747701
273985746
219746385
1240510864
467406254
1672955869
1035876561
941934517
509553133
190753649
1484860288
508145854
946884121
2109411295
2016753348
587134533
420630559
1269340286
558703203
2091589574
1898616013
1620604019
819536107
1413003460
1960261713
420853413
1009921473
1422022410
371524683
693271251
1392050632
1302954764
1408265608
174131648
285698221
1966113899
116814694
1711656587
1825923277
2079143064
2085477056
1909067549
893390788
1969953168
223272594
524581309
1849111955
976562885
553062447
1888205246
657877101
1868808733
1404616985
1704486231
1664746270
231824148
469823620
354334355
615796761
392225276
1899255394
1715315039
1065753372
90862949
1209255466
124254401
398881666
1150262167
67224363
2068149543
953682213
1309019708
606519431
689212894
159854062
1693998618
1804543693
544421786
1314006522
1510854910
1001773367
931379762
1932398697
597621686
1528796284
792981357
1823822535
1689434677
1901535571
1740659958
575738128
934758361
1012921478
1102166893
641588322
774199752
1093957295
606772376
904159811
1744256374
717147537
476316343
797017740
54271300
1552851220
110287606
2116415983
1160752450
905704927
102591739
1095483180
2101387796
521066380
1621553565
1111593165
2071229427
335883403
2069406391
571799961
1690111948
1380691349
531805715
454738331
1497184387
2010421961
975492481
1884434894
1145207386
2072406121
399820298
860434533
1342681708
1688616236
863178813
1366923189
2118208595
189119550
1172872104
1358221760
975468522
175715546
69554019
1748591199
590133549
907211137
1585899973
383691275
494359612
41025752
827351354
1727908679
1396848509
20869660
194854957
1719876782
1930700257
525508418
4296223
981676437
695075648
640728751
155056090
1038328668
801195230
2011010703
1677265086
584148311
48605199
1517079511
1701406522
1344425298
1636331766
1452861139
518661719
530389702
1899074408
1242089323
2108776046
1891657367
849299440
1409671927
1626496762
1470924168
1115598573
637683131
1891101576
904455996
34620374
235074049
1452807626
427564010
1311834780
259184338
413820620
1993755291
112017712
816592976
1338124606
1040220707
433086235
1682572211
1190774511
2147479194
418680139
1521494238
1496927067
352492950
1955074030
30520222
1622228315
2136742630
1286700151
1353514622
1566843386
355651597
1435669950
1960966472
636230249
1201909818
1933674563
1892424988
500117256
1353734912
470444180
1195984936
1577843108
438599576
1938224580
1768971010
405897409
694282958
1152959002
630067623
1433417228
726616460
481428429
1533817359
784280051
1864124928
1151037409
2010040939
277849680
248407405
891920691
1238685951
884638272
1949580427
1962585493
1009080215
1400217874
613552284
117222161
120013992
1297428059
1001947917
1611138890
2022892548
465783079
14640581
258257665
823398712
1544679497
791741965
1126122418
1981357445
1853235667
504298523
1057181022
1105679226
452476834
1214261564
1172461156
642112043
1641343761
1867001501
1688397704
1210143248
1141549518
1310934711
864639511
404104572
386123209
673581910
1818502688
1920280247
412154440
707744324
1977586403
951432635
1709219863
1037232790
291556169
1342326664
1910975197
2013701266
663124102
1212139812
1357441419
1254600251
2012030180
1782446130
1822563309
1009053308
1295501468
1782999854
1846120290
385591533
1656816348
933339971
670766249
889082948
601858278
226828746
1280983249
317861211
1433482583
1406344030
9636691
1846456537
1938268548
230949536
2112158522
347260288
2059571967
1805370500
515814785
668336403
2100041530
1854943317
1337646709
442044898
226461508
1621337421
632053849
1178531571
1672752558
1561247690
1639401736
1049186511
1318660240
1384472621
1238667476
1233958118
1583753639
1255081300
980565103
1740017055
1132254871
2020611249
306605056
1552724224
357608272
1797343751
587401557
197621751
195518603
137111746
159442742
1030340675
1044510834
672590063
156517335
642179842
345944927
1291319774
665436264
891111895
1795575484
1139856466
1592393670
938273975
1335562251
173110883
1225997909
1947968081
2009480702
1331790577
1696290021
1391316248
1279838663
1415683780
287422674
24678126
712903274
1688683845
383789864
1478184302
1076595789
694087380
717351170
1952510166
1520899794
857998020
1668566772
495314832
172763675
1289465592
1824588190
1852217435
1649170156
1454858011
875613537
1072336154
788132527
798305655
24612655
1069236281
669174161
968902515
1125947514
1557796536
394825929
200859564
1314398286
1159180502
1113520888
1481303981
383087483
1680300890
370372780
1362389838
2031269353
1772882816
253791998
646973352
194127633
331935615
1164947035
2084935600
220068737
1175862707
191681377
478859384
673119644
167480429
1502972896
404694782
1838630756
402365523
1632721408
2081028525
416647024
638721908
1424650113
1268225914
1821008631
1149413099
1508350748
1312906900
162572047
822116655
1525967369
494324935
298982128
1116336886
1293066138
1367407471
1002300784
2068698307
18892037
1821876507
1357027219
672743188
821015359
525750973
424480315
1186696993
174266627
62021260
636386555
690597457
424877810
922565239
928977930
1854809662
1788898259
772087877
1341641555
478292836
1237969660
1336217933
569719977
1376020576
1121834698
1135549391
511555352
369423339
1924770122
1638882286
67212631
153779027
1064121594
1244910155
244830553
1416317872
1280788393
900516415
853126914
1691714476
1565940091
2134583732
1014011895
588011497
5106185
2071831712
1613537934
657781774
476663205
1900244511
2066699748
1726751345
890162363
1939513644
882728206
1124500578
125966163
731527933
914553704
1492108562
333655731
271261945
1480733704
1142542623
1151797024
1888570453
371111511
1840495805
1291404229
590206289
1969930677
1282450050
181046957
109328396
882463323
505504974
1791307498
848874752
221055296
1307106260
1796841177
971247390
406872368
713071178
942605437
1660283271
73065218
1492980393
1340050951
1746790115
2106600161
207783714
321311863
346078306
580956362
2110311964
1797817947
751913549
1747019280
442668398
1062714550
1332399176
1420712473
1427992086
191593469
611029799
1476245548
1666878131
718471994
1812677225
1567330402
1410644615
1822731091
618474325
1852571064
2101791520
413939814
308215727
1096309575
221125289
543792971
1321055767
1046829707
1857537227
1268736314
522066431
442166495
1990423616
262127503
1859395911
2047087113
2018345718
351938976
1397473655
693878258
910340830
1688102605
1368891032
660416366
1448765775
438378140
1397067183
1714483769
1337521945
1554350328
1742636247
72730116
426383145
891941017
1928803065
2105148578
1658613204
330412418
1838160171
1109750119
1862890180
186891683
408395684
523025291
1814155133
1440154014
684605527
1180040647
583851148
1288070054
485785907
934569218
839550796
1567299204
1370232820
674385957
1110542931
341957300
183579047
681859851
922255998
627568556
1076262841
783607444
613878424
1980143420
1501433019
1428082648
661956513
462433553
531847861
606546041
590213057
486536275
1751985443
1496375826
1368716745
100523375
492646545
1774354123
190358370
1004119534
1781109198
176486671
986663892
1541723268
1325340368
1321481300
1218142580
575222566
787852068
1810655513
1713756075
561088850
1876359695
1267015150
1775786912
2121562225
1542869062
207708077
1295658370
181238875
4366152
1648757446
3474549
623784431
70196307
1564612536
1936983829
1114777059
1545377032
209845405
1688568491
920751515
1496658846
1655068123
1393076971
722693170
1959660734
1152854017
867912807
352699797
1023242490
1003498665
810548117
1435148750
164273134
1773649046
1173613175
1578287711
1707801328
1624836323
544485101
659229637
2076894582
1773368658
358933396
202360092
14893318
366740931
1160326488
1443426272
750463698
1481306301
1614925724
1542789585
1347182839
2063501612
1740151045
1767647984
1207092563
1277022510
1784255199
1379520935
595260415
1272457214
978287917
1665617669
1273595751
493135121
105365841
50758951
1114915853
1339740736
387622227
78399922
1077937622
1615304481
162998737
983965308
1854531855
813451123
425630852
1524077130
680511745
985851569
2125629802
1022208948
2071186988
1627509446
1700287637
1600839717
2115528227
2131371999
1184917136
276052223
925736708
2129612635
1616082281
1947232475
1207861393
1081822176
2049381471
747877102
1587322095
289043592
2063815722
1736418950
1265742587
1783787831
467000802
1733021876
950197317
1334012432
80450190
2038212100
1118724267
879721469
839932232
708839016
551872914
565421164
1195730448
2140855603
326135490
731805210
257483566
1143570241
1327945438
1401161991
1710131005
1554811187
453764479
1609807753
1991721433
506863576
2143662316
109795965
781109478
1894225063
1476426105
753718936
1687711866
854429801
1299340410
1083567323
729896809
15271412
2122120417
1948737573
321163883
1582649105
200465276
187146723
1638834154
1306523007
1592244420
211703778
1403522669
2100087312
1196358242
1948855620
816045981
961088498
1931521604
360677521
223138290
1396343305
846030169
1591845092
1272273659
1388546167
1758642148
1288268871
469810254
1455633469
1271276930
2004697370
951598345
380161787
348701371
2130924716
1762013700
1231293651
1315931710
1115857133
637607575
1882160748
1692104636
511687482
1766578177
1957224722
694837860
750192214
1291072892
1107496699
598568183
230347130
877164251
1926721956
783473031
789780099
1582574556
1280899162
856278736
696625482
548931088
579384534
2000317746
227068433
1092394852
1068261375
1197142346
617557272
1127669579
1036593362
412124717
1853598031
567625866
661213023
676215104
1358684199
1297619359
194588139
1017012663
65818754
2112539086
401633843
140070312
2061330120
578030795
1153853648
1937467083
1048067099
1998202622
796679350
645310673
360371875
34339958
188165334
855565149
91151618
1335616620
26302948
588112291
16436972
1715465073
1021374002
1733570971
912061646
2019282487
1891680699
983360739
1428183212
661886714
2042805308
997606703
965687818
388654986
1252579197
1985418861
871075585
484415989
1717355438
1477943418
1210926194
1534394836
775565292
1418680954
1242500950
1282127922
171825379
1125888472
330154291
1555135510
1550557068
1885472473
1208693162
1255100844
610273816
1231460575
1434775341
373991956
262516965
1236515896
1205864655
798293446
1831680428
1885885345
1762550580
1635410847
1447994046
2084185946
1080502951
2000572045
2408548
1416123367
1892881482
236862420
822079074
1977854560
1485193320
1482996730
221976479
339115126
728543207
1882447957
1561220574
311619075
562781913
1867822895
2083294117
2055636555
57095729
1615470739
1076722240
1824742100
2032412306
910157239
1511781854
2027605472
279043652
1238605061
1511520729
810252932
276868160
113476808
1006010131
1065584743
818954858
1927814767
1967462011
1309819160
1465067741
1545598081
909470128
1238851851
266130530
765564191
131392445
355221042
1316844027
1008626478
615965697
359300660
1879939484
467779625
1375468849
1869985356
257767931
255971457
998695543
1856564928
1022111612
451771567
1196934323
1298047997
566761550
1199554776
999358947
1155104589
1930565523
1290452252
884222109
775790900
199776698
2136914043
743731640
1395521388
706366441
183380070
1542189579
673101946
1548458134
972449501
634578509
472235757
353966901
1390764361
1806474011
1537416754
1200889099
518990297
68391705
942140183
421219618
21689745
1225174319
1579602394
1348339029
1950200051
1337142517
1339667437
676171403
1462826317
349415210
1442916169
1359558144
838322333
1025111133
1180062060
1670194622
1909404189
790260654
1247098864
607719980
1530875248
1578157998
386744522
457371325
1902257768
918239075
25639964
301661129
1239435121
2140028264
1051455926
596221817
432506013
600579891
923520047
346332123
1356803404
800376430
773315484
247485461
937782903
523179654
1927678443
2040197813
81022874
236640322
1109261023
1154114344
193549372
571112842
1657385385
1465069633
395406364
1385570120
169653791
341670394
1577810937
871184237
1047925659
1258181687
120482047
1692580107
1267542899
1189019845
1252274377
1317488800
2122249487
1836095073
1731868695
1906275954
670098861
1852950261
234854926
33553686
2119719342
1878365918
1164763686
523773450
373881243
418707304
2000501427
1829934721
135935160
1457673819
433568276
1601627712
14388033
1238717615
1294473330
2017100443
1108410950
1356199514
1429256245
1486192547
1269611297
397524299
655657738
56105308
63981713
918176111
1987444104
46647078
1336933237
166983664
1500558213
1498866492
974913830
1370815357
465993461
1566050395
1918291312
1436469188
716479353
1165911931
916318767
425392637
1089263756
143554489
1891755651
1605519520
234814533
305562197
301711280
899023927
1354320073
532458710
964279701
1990693709
491499090
153633611
612588742
751729542
1424479188
1625695404
1194557511
61123017
2110832720
1086608223
188859623
1208601495
1794084538
94292952
1523019830
120171391
1034892928
458744664
888804646
1540268714
850924216
718835926
840804410
202920338
314864103
1475944954
202464621
1304424911
785520751
1132002886
1836468641
1461105425
789135253
1974745679
2384322
1543484714
74464046
1404034345
1007817079
2003718467
529240038
1837226465
1939620740
1552581680
872211500
422043429
618681792
27814878
1605359037
1873821437
1731662509
1608313319
1103781324
1313493180
1333226169
591961415
1929842123
1569181426
655968017
1532200233
1492782809
1693373336
356282396
1780924123
1957064135
672412751
983376283
1020719329
962059721
1727013058
1514112602
151590181
462273463
286983464
1773467027
176452684
998685692
557765349
955345888
373277731
944327972
57209169
1347770843
1982102327
1702582524
1479227535
1802994260
941788037
681356902
1404991647
838615599
358602312
1809972668
29306481
285424600
1852951277
715321823
1002776877
218759267
1019527981
330076123
1696661913
1966207043
649842225
1500620600
1150707093
1329671590
1288486125
832945376
68704703
1528437356
218587540
1911257767
511488819
40008644
355734561
75910525
1575889780
2102066528
287616528
1192197164
263753830
1366912604
1276399406
1487511757
1761653362
2007216553
1680170381
162664141
875680462
1695480879
1934774930
1260277655
310670292
663132807
1084032810
942440415
1008635278
1175918675
1745965338
477099915
705382483
982401848
594207604
791692861
801669002
1024336761
1023116325
1378299521
1485467277
596157489
837666986
1837820303
2059012521
2086356268
1766960098
1755094462
548971843
18731108
1705209599
692556167
549170453
1387048211
1137858454
224150834
1757236629
690424441
877919447
1429945630
53154167
597867564
833222102
1156966064
860460360
123421207
1326111495
715694553
89428795
2059343376
1723641032
2109184317
2018814208
1301674266
960352537
860402439
714627536
908892724
230357607
1668252741
2077486725
396202204
1688430981
748998913
2034496998
76891428
730995900
1324466909
317212418
468582254
760847865
1850712169
19498931
1121647046
317276709
1723821829
2115590464
1319955677
85838738
1093241198
1562209575
740831902
1098678673
1959515366
1498932207
2072787055
1400303392
1316871940
1654880315
1215142662
172399297
402443798
547362782
1325393381
198388070
2053484078
1932832039
318869620
2089451143
1319322832
1781856829
248279737
968461142
494744886
111577254
1958120373
149790475
1640554301
1032703714
1569887070
1179724376
647561969
240963124
1650291253
2062813184
2010108591
1479445120
1419597957
27163780
902282749
1024384592
977850167
1984904946
125951715
1069829361
47692884
83360995
1049465859
252286138
1493562647
1150348156
189493565
855565164
2003736494
1397954481
803623159
586591925
1327564429
1626490762
788525069
1623216847
1782841199
791305885
87760469
189970758
661186539
1426151324
1092890061
1197173206
1408829871
1960707335
2082007651
1020954482
1187518555
572844802
1935410273
1002068833
1525873404
1670358081
1997830003
509161603
476541731
554198047
1815615575
1516658866
1650514849
496650191
1458115360
39818820
443537635
1897941161
1463862311
176776108
1139176676
1290256806
1199502735
2072933183
1163903186
1201183207
2126195570
1159901461
1278326337
1048856175
656820397
138146054
294236678
639497458
222656069
13087444
1985970865
1945194948
1257494388
39700071
1139844267
1058175732
1543976020
1953083954
431285736
400085618
1942775079
348183990
492260169
232751467
752019521
1505337885
1221702032
1994497717
1280027794
783778566
1006060544
1865747046
1580579540
1910698336
18973329
344338560
1079248717
193403504
1509241292
1311245510
168973890
1299604716
2096115272
787392946
1806941432
1660837449
1548139970
1212175486
369355112
981334546
36083669
66003040
1038940798
1019028847
123699284
2074583763
124146446
1104335046
1666510151
1818964752
1171091796
668381565
614060679
130676381
1803580709
1190010333
407850224
1786766588
1612881592
1150780690
1827702592
567874692
1458417675
730735951
1463931541
301253196
1098365684
509067790
725519486
2076419906
1711506884
1252539509
1858145467
1100303452
57299098
1197674452
970552471
491859943
1116759361
876663883
1291573726
1999875579
46300103
18811273
1157359484
875806223
32546204
1306692527
533966259
523614121
1947980129
1991849042
353696760
1224765486
823556438
1502431647
1296055915
464331736
562818651
818249114
296843506
874494916
448954784
1729519486
721656305
1578902314
1146334958
1817592137
794033831
518421929
1053354385
1511174992
1481876264
1378300089
1648889311
1748424717
271652851
1378406978
266412394
2021913081
1807611695
2123705929
2134879165
118599061
1231303559
213366217
1612485078
1688324482
1261124254
756992152
1332870690
1433067215
2077394224
425356424
1791065901
1983392595
2072432328
414065552
1750410991
376987697
1100009241
1559540509
619123887
506697338
19918586
349163150
841446290
1929423853
1447105279
447395512
1825544131
1494510049
167327160
1479934115
351372353
1099495484
1518152576
888395096
1386070848
857882267
219908611
256842963
141433661
524023188
537087312
1068312082
195185314
56117784
1428255894
454065743
1323602961
890377457
234451071
1214040393
740197712
1210304619
57662759
1664519358
933429970
216290831
1648140726
1324810486
33112542
2066574986
212938657
1784354937
1315240798
1177722285
1582381944
43389153
1568850246
1065804942
1896343917
1566768841
1502871711
1250333643
1277757283
1924523749
1006950959
2142586862
177049264
652482092
2045680583
1434192364
949241710
111446832
578569257
1731311048
943916931
574907022
583211923
1016588629
1188210475
838359168
91753197
488168728
1798792509
1634963855
2055928714
1597417803
442045700
100465766
1572612510
1138923774
793382833
322944707
5501757
117132633
25265023
1831354246
2145668619
68850429
814570086
2003206123
319008134
1162341255
1299812986
247961045
2011415532
1311960373
2045673954
1889745216
740501451
40417956
426057841
238515929
132089891
162133167
963121379
740014505
1216264505
2134550651
743031734
303398380
2088731642
366730129
967028130
11280129
361218571
2050390048
519580598
1023300217
1332998249
1392081765
2022723343
397607505
184877762
2095671333
13134392
42489917
193716560
1606229846
1309792793
606006299
490642284
251945182
1537090717
139208583
341440694
1385584243
1972315877
1671303307
745714399
675981985
826912035
200002935
1443119632
1931857386
12807700
1626428359
1124058620
986262535
1509622812
338285634
2021406077
1526870861
1104682495
1837340193
340893422
316616748
219922746
71373676
2080105221
1793007312
376182780
193349728
54391914
314684650
1401218244
2110670859
591742425
726599048
751654296
150226939
1058910447
2067939616
732270815
1455191306
1119928212
2121872300
1615459803
1459356508
1133502981
63062769
1171237575
1170541412
1916255100
2050805464
555594378
946988576
930303871
2002515452
1887396884
1228200549
965245379
1482285125
136363358
889982292
1279507130
1701433769
303213561
818333676
525337280
609838866
905774415
1447576505
1470612957
800423773
1728415869
478498987
52904504
755855998
1900995532
234702338
1838973721
1622628544
694704074
801362020
1672497817
1101153322
515256834
1169706768
1112255464
946826750
1206188380
677417517
458276923
1750694490
696043027
2032659516
255426640
1182864386
1749540686
2141235372
1024879775
120078901
1125603422
1693784461
538398239
878312123
455214996
857116252
232978866
1687261696
57004220
1049339389
136814638
307088219
1673059640
1361350086
479974664
2033544039
1798831037
410181560
1371608479
246369938
152633765
1707864520
918240034
1085154740
373008368
167217244
1042080032
1980766934
180420059
1771699665
1698654890
309641237
152644378
1745359160
1681780775
938461855
217635764
1571008034
1083506612
161823706
2082688891
1480859537
710785589
1799600803
512468775
1285636110
1085896445
614203059
1251977486
1180719321
904640534
1918914590
1530386306
2052751930
963828013
193281270
1246515912
1193244406
46957341
1710016268
600547505
531950814
1897500182
1461152726
1047008214
994157697
1529191529
1521125484
1854024819
718569985
856774644
1053932461
1562504416
267067651
1705172005
1710819454
265730986
400586176
1705932460
1211603506
1978993994
1227042104
1891797185
2032086277
1302507401
404528775
98824975
1721908419
857092208
371998544
106239548
1132673926
335248101
1646832981
2042106389
1969304220
800547558
110526249
721259867
1209683847
1021672294
794177020
1830547492
335740702
814165951
302877334
2048891632
846747856
160479956
388386655
1667449929
784251913
862991813
67273115
256395030
1007264173
762615885
723547058
1379486588
1662501824
1195254970
2138266284
1656640624
438230313
557799818
1783793853
2039471069
2062836619
728572575
909147893
1736918895
2039790931
1563337759
1558980632
1051041787
1719702992
470325484
438414990
1439569291
2097156476
403037882
1703247728
383810057
1867891801
1696491985
1043016898
490241159
107441272
964131425
381878465
165220136
1434489490
1693158780
1333015633
2136474030
1303597784
1417028534
556194457
9730722
555593672
59184981
116372394
1258527002
1629352245
931322932
906049626
2055809321
828813674
1517331257
774394159
503772394
755718760
1856830320
160451191
1470880798
1948775754
1309092548
1366341493
1932819591
215174602
1956190298
1870730933
828495047
918064092
915227275
2092509568
394718187
774210936
1166269051
1646399596
987047830
732768885
1711259482
1735089931
1772067535
1020365969
282440503
498628804
1405630310
245310861
1537459068
1053665470
59665408
1557863797
1669103370
1451853560
1604671678
1098937085
1305555953
1301175413
527459470
1826883591
1457524428
1900566677
220699918
1427485761
1579062711
305695104
739371800
1662296043
367433967
179939771
161072623
676284599
1270043396
1836250332
526495491
1389081289
1662915261
75388251
491282532
677013470
1260742792
1812618622
555825090
1233061513
952070556
974495094
1701054492
1029915544
1390901933
1340606600
685775885
894787476
484496460
1917336419
1244713647
371274343
653021912
1580570002
518971691
1881345816
1506513956
374159370
1862263518
1315299762
1036305575
537860834
2023129641
1435633988
1946893914
823757858
739255255
1527287809
1025309490
776243635
612474659
2069791623
1969911097
913016950
689122412
933646141
1126051404
1338727026
1826903160
917576405
1974647147
306382373
1773357664
147869425
2111422400
631341307
965720600
297763298
799284016
110583517
202880412
1063333515
830652566
1443014880
1421740727
821868388
1782174626
1715219742
470018930
1204967322
1104862797
602978722
33846040
1732363348
200328696
1225118844
869216739
1921671185
450344993
523281141
1467451716
1551368749
1332013248
1717490141
789660372
138245251
1881513027
469528832
1571777490
846063916
1178244901
1486803895
1904287576
1738066532
986492197
1758177434
66619680
2141152909
552127017
613718611
925043435
395450958
534605486
1135799182
1922961044
1205517012
261700074
2111021068
159559347
1809064504
44678016
1610343639
903544805
1321918465
32728798
1635158416
1347839167
786509760
1890525750
1605795044
547288654
948991962
289901336
1176985117
42511178
1067758179
1425517225
2082756052
519276502
1756512804
2049864578
1230931909
1061470197
776787391
1951793959
855609275
2087671437
1875778281
944980259
1860803497
222520082
644162519
461510077
767415515
1673775055
479428789
414978649
954919490
691323605
1514876750
599459181
990948843
286417792
1823515344
1820759069
329439123
717524642
775308714
36934518
436477524
1498864463
645592973
1873640259
1232337783
1515532868
254486931
2049830031
20744302
1171438069
1413241466
1963713976
1890781657
1479489842
877974800
1095491117
1005902278
319273589
774746795
2054398916
99844855
813816267
2136687567
1899525050
1769865049
1735247707
944251124
1833658695
715271069
640788632
1248937310
24116190
1663082970
246522367
1966454315
566879999
1222528367
1628599181
821188460
931886520
123873770
1927885249
264941930
1283640254
715308831
1120486729
1099532297
68445732
684592218
1841986379
1083197002
798666165
1668265137
1882427475
251289578
495326451
562323060
1620197332
2097802023
580311981
1086740414
466649693
1053086884
1522610743
334410286
1239893082
712912739
626923081
1323771823
1346994050
50152175
1373037430
740047474
1302806756
506206619
1285501255
1550066173
1624688010
1590784228
397424884
1147549533
1395292103
687214068
124951743
1211609719
1071462179
726898752
683084524
589146749
53146848
1152072784
61593184
1261529980
1254248230
205813919
38092501
505631505
119305427
892901016
1341113014
1453950523
479411162
1656058304
1212118174
1282077260
2019685459
271208180
1212477032
260844282
800858665
1299948999
2044730354
210425747
1852696411
554098189
1534244724
1575846220
28084462
1837966197
878178680
177779898
259659888
153915730
1294229108
2121762904
166063145
1853954162
1367925770
380942921
1881419742
1174053167
1113915355
2082649881
680622149
1099697028
1421894147
147061692
1792795394
2016333654
598308150
1976198296
928640346
191962837
251006581
486218686
1756351356
1535151354
826089068
340654132
568765032
2080463407
800317035
670711917
1504044665
1436723470
210146047
454025690
1509220502
534904131
392994349
945508249
1399634929
1609860747
1916353353
96688716
497806971
997382621
866508409
917730053
2043817444
1330371239
1864946114
865725277
1567220562
1607317041
1962559948
1411966116
1963782045
559936287
2064895031
822198322
417671749
821540626
177824154
450757340
1317381361
2139063404
442084627
1178975618
1243635108
1048433204
2122949518
982691014
359442815
307888145
1899117719
176185815
1733116460
1574258800
294786774
922543723
688488431
314929867
278571556
1467117003
727444036
670640129
1297105230
1819919623
2001791283
931785438
919442797
468603979
798163257
299751104
782206167
1926734666
1659806666
945514063
1119551429
799634135
1865301638
292791403
169272454
1025154450
1552929530
441141540
865412441
1952715199
278921488
1594975458
1610756586
1883002418
131796501
1511676837
992427628
1031351399
1186140771
624956007
1021026895
1242038702
86185907
1291079838
726345887
671547779
1181323768
1459648477
2129316856
341031676
763444474
943575962
1551038506
1124166491
756418673
1858331402
1766722405
133701572
933518553
759045929
349925665
530513928
1154196184
108060374
1347637389
772224159
1480693577
630004506
1973184688
531757493
1541576165
183301513
1655002146
1021546843
28550286
827261633
74190434
413001438
1592633655
1136950032
510801106
569955637
1794495602
1080464178
243932500
649798291
320727704
27877176
1632664705
1609982748
2127017358
736543107
1525151107
1444484277
833718586
77727728
893881745
613246453
1080452227
623704334
1866636549
313539128
1001052413
216085386
83916828
2010324177
334005050
338485676
226732362
590673248
665615785
257942266
1019492150
713584441
753522729
915844602
73273432
1188832771
175619630
829574165
227300910
799525218
785618318
2107699607
2008801813
1736608204
220856297
2091963347
185269707
1488601208
1185826995
945749860
1664215422
784852085
1794533855
783159438
892299664
2073362134
923431210
212651970
1246639594
768536588
1253617666
504550464
692831482
1530918988
1932312592
416902871
1345752138
745739567
392037993
1759067847
916549822
1155982936
2135621452
1415115464
1235992682
501541711
2093038745
2105530404
1706602509
752192621
1481023695
1709636096
1244067374
633241840
1698103488
321761977
696827346
916472878
636614100
698528104
778423000
163605479
1051151094
1256232326
1830111728
1991889330
1871515166
164455084
1012557374
1636344218
1823535228
2111712883
2143706759
1658290114
1925660477
418679420
437548054
1320425283
536108798
734088328
106933550
1369736214
439505868
208697031
450364715
83634733
1363312595
211558958
236733495
426093468
1622434473
1245736193
859265190
1795215348
1510785849
29921137
722709487
1347309233
874860102
896358494
1252298056
563121865
303256475
2048881724
716008413
1751616868
568650710
1077674004
445659820
1214201260
2096001228
1550846626
1451751423
1544213433
1154929307
194495901
1489629831
1681689775
1756361547
758139155
198706707
1594926564
215012129
2134829809
209168874
1543198009
1769600895
1786727586
115690185
200586378
204019323
1314480336
580455036
375042624
1552396538
62049095
837394194
1263548675
11593097
1212357878
548121537
1549918349
264594872
1606979094
171412823
1059821978
1242110002
628291685
832910423
1086318332
1370788190
406123403
1177372344
1254643146
1876765867
881268126
991454006
1843398328
133771389
1671920064
1377370194
1654930050
1060243121
1671417574
771358957
1636037506
2039296973
645812405
2043918460
664198754
1586845385
508701830
1612364009
1171575787
1010244469
1019344008
678913031
1795843579
94022022
1486545667
1762319023
1157368214
729856575
1403113401
255165308
426807315
1152589504
1666898281
1052574495
1702150518
2047549669
243983727
1072898143
724896222
2131544285
1325807494
601664945
845630485
1287434569
1041335213
1475293807
596511558
1623634957
760151079
1668132280
746536395
1642486198
486997404
978873573
1336687395
946247048
1924406108
1391038371
1020090114
220002339
1513385411
307721138
1743444866
723329744
217982137
632283705
610677880
1260643693
726892625
1605531843
1740717537
1074139379
2077389201
1111386074
680445820
1608886433
1073628498
818889022
1750499185
925940680
1420155709
54931395
73897519
1394070065
695143157
1618514628
79203667
232682798
460847444
475174728
1982317507
919011132
772358093
896272559
1305964763
1912831057
1038084080
995570456
253288640
1839727816
96754956
492130643
394650576
1001888999
1175688686
1981390973
1118077753
631980809
649189576
1820054334
1860185256
1273198189
129145646
470564508
165979931
1844387993
385294393
252164729
1436173008
1813474156
406689486
583978927
1313330783
902737343
733256185
1885564358
1825979106
2082027703
1497568626
355074640
788142418
493449131
846377026
148794338
222558958
1582642348
845873023
838525615
434351828
1319195573
1020126003
22450370
1634416305
754988657
1437175643
1109603287
439258261
405523107
607838987
810336983
1914745823
1314334005
134401967
439595247
727951192
989006817
1574679147
1533675595
877123164
2131308406
1835508132
1042626164
1364263731
1151631560
1551814808
605684804
169964671
1585031735
1045777193
857068418
705268685
1894340569
151088055
1434442782
1367929677
1898354759
436243755
882819850
678409375
1566982145
1198365455
1839891634
60861124
1780537726
1475690970
1090014490
584835379
1665092565
290300234
864909204
428773901
1562575361
1345553130
1086361626
1653577063
595393749
1674393267
1994575949
1560949702
1064556923
150165455
1960456714
1707503018
1112503978
442620792
918278567
43838018
1449230948
358083583
1316485576
257285950
1875696232
1288909289
1596248799
1721066432
1589791035
813387060
1661620294
200065140
862439887
1771856054
367105266
80703159
1502092237
1146859943
1331931605
1176738034
2046497412
197098806
703004627
1183911434
2115217517
341001813
319346526
1471068655
619151707
1967390106
685197232
148755795
1536435516
786662717
910311332
2133007989
1264639373
632894269
1634040370
1220644123
794869600
448598944
1797456005
1054806942
94833667
909495511
824538043
842211103
1725477454
1728915519
1264252984
1791469783
1955093131
2053988547
1743600807
1632684684
670500610
1597602208
1514714766
262924321
1177154335
1620377409
1250741901
2094440516
342293314
508802121
207640116
1212077642
1001617187
670026927
1380008317
1808811799
1199968480
514685187
1117535725
1085881143
706396837
1207739342
770203970
1202128906
1348519159
638968599
1783417304
1532244508
451729309
1214103554
1167698591
1322066579
492236587
392795796
1195105457
485327297
277934380
1404268433
283750548
57108698
2008336619
1044272774
1471764746
1111932095
69385951
2109918690
1941760406
1282810872
1244503216
429073216
1069908624
460335553
2040580073
123831745
221177052
1595818043
2110070076
2123227282
976111434
202404804
30144111
1623169941
1873995662
1758708064
1028941022
611288084
873754842
1415193174
800410293
1153974191
422769174
1783004887
1752669355
1191693145
1894628795
262134234
1788262002
108177533
898772305
1846683650
1800489923
219249212
1656283779
580412353
456400901
184284370
1033355228
1163038838
288378516
1140859158
1136161568
612597457
2124516786
1914902047
1608977225
928859193
1019573775
1256745732
1957278748
595621730
1726707950
396346045
1363825000
419521538
959827701
843838502
739005404
2106034076
1690192276
1731031073
624214401
181324155
334926095
649177050
548408282
1687617466
1003092265
1856197925
654372246
755331968
536852079
806594309
190654960
96810570
507436574
800224326
1477486499
1793997408
1736587953
676050506
554500493
805847146
2053152523
1828892128
915621600
377343004
1777271358
113718352
13059327
1084518924
667700727
210229876
1146574075
1749217443
280717702
1072404479
2111391400
139634226
2024713100
721939681
1823253343
381752861
1173388354
2058647234
817635916
1297043249
499618405
585833645
1677445233
460858652
204592314
1194595015
1319030336
61034226
1790413377
311367741
1800930511
1660591338
1619600122
1287614779
1898517688
1310168876
1521779534
1551253271
99651730
278067138
182672413
380565647
900494596
1466208683
1013102945
768336935
635850890
756635407
1389138307
985437877
1821895880
340676748
640597818
1305909239
564851590
196769711
1385656347
203976546
2007214408
75400830
1126543811
1393654518
1655601035
1720774193
1539139484
1793921612
1858707613
286082818
719885135
1489344433
834672410
806464282
199522759
2121021804
834671359
885624490
1308085980
1914455324
1294442092
1433192219
1385673124
1327304510
759886842
728929117
171172691
1573097674
270280887
824416092
1012875979
988085500
1364802490
2050153617
974141125
1734193456
1658668391
875891124
1619349657
736362727
2122522689
1020142479
60101037
1913946085
1850967399
1465993454
1265917304
1235061885
253638318
1074985907
1391313458
1506409445
633172056
891660550
809263642
277277379
297565301
323044009
1189078883
780063689
613278166
1077009257
275483836
1411657339
1351305386
1597397168
1680401530
1202190351
507563704
1631021880
1644669029
737978479
1520903480
2068848858
660503580
1263285592
831222350
1645511044
135605286
735045028
1914277923
1696057673
59741078
115529381
1475142562
1803219347
850981465
194262439
47555789
1894079347
109190687
1577865112
1715737273
2102693145
1889638370
199735492
480816429
1053627487
973811737
492695224
581971410
826654848
1678082931
1874654792
1404279574
944211174
1822308944
765040557
1470131874
1104115488
706909379
1412168390
1755474294
405109234
1372613947
1976206718
60313504
1068582790
348945364
57736783
729179542
1065397441
1714242616
819991771
1355622708
307029937
1513535539
406950584
827875412
1601846050
811153619
360683086
1600272135
1458301263
1472675896
1656838615
797427566
1220011958
1545575934
1827022982
547882297
1843969540
1902039107
8340422
454796985
2125537840
1118348119
399743641
157566371
64750500
1998840319
2097435934
250253667
2113722261
1035239526
110581302
1019677978
672077940
1350388641
412939581
1854829366
2045839996
576243678
1400394228
22182061
143980396
1938392871
2133181567
1192839638
788869967
1918690008
2094074763
1419360995
931814519
1828692379
1220868744
196068863
1149790344
972207133
777554453
1247580416
1813917872
1829163599
312036473
2111755465
425479925
707289947
523331661
254025792
86195878
1915861537
1434934070
1461784806
1015402995
1326469228
1148708559
1713781527
705441433
1147816630
1567533478
581508064
998548405
1128017556
1982334557
1305742968
1112722106
2117817791
1664031473
606461789
1568834941
2026391489
643082776
504968973
443255662
1669645369
1342699715
701871709
1401640930
450095051
1892204995
1861238392
1887857547
960984486
419004808
1037926008
1528754953
686026675
323714052
1704034458
1249772697
987088727
1827798701
1417187617
1234028268
1078759653
1289781410
706836682
1635119890
626377636
548365030
1379312871
1940997013
241119352
880620231
1063483163
516522659
589429039
1465806945
387749553
1722878306
549024362
1305213758
1100332440
420192872
624294438
1595959062
555555583
1806033219
934440166
2092341941
826017161
922296627
1903395710
348142331
1375622957
1493925111
1635976063
1989182460
1648192685
425603525
1496140859
1644188231
1918984881
1108475730
2070309491
1910128196
1868221055
739260178
738491557
235522999
759214170
620776570
1083167212
464965473
765619572
1094506624
264621458
530992326
1960468368
1324884516
1299331385
1145843208
187056185
1634688552
1855147936
2098026481
194737561
1150089179
1886874134
1097317393
131684087
97342740
692574842
1160653564
1228996303
465479482
1206066154
954190005
253355151
1093368702
748758032
310322472
637802476
1426644012
121585414
1514871504
1678546911
1874588951
1818066912
1870378361
457563968
1717062962
1296986080
164070176
311320829
1547093821
538592818
1092210934
47205879
1406581660
908169823
464025220
1780588152
1685953860
1784669012
1268773096
1264646485
1604238286
1267569935
50769981
1876669084
115070126
1390972644
979671321
450018299
176702845
551443562
994696239
1878524077
1680068977
835627781
991979029
1272661793
1432292335
1162073615
1055213856
1733644841
705337912
1374669733
1234936684
519150556
1794350654
1259746316
195076856
1623368712
71482522
762406335
950036974
1938975830
412635029
1756254230
115717376
429939709
569866596
938747540
1496991212
1891067162
1002104689
841955021
179057699
1291511219
275331284
782430962
1500276093
687234633
275519969
440261371
2109509934
1675868178
579618522
1592430191
262622904
6124764
365283269
1245966547
404935443
2104345209
1487591256
1095166637
1751588338
1740704744
172033810
2038100275
1456109857
1213350403
975917667
640884373
260262921
1657845215
1395454731
882656484
660366670
65208005
1455155329
132711838
920190103
1139279305
2006402185
112433111
2140655212
764342540
725905129
1547536132
135844925
305154186
806859316
640701543
1635727991
1675513504
1914667972
2122745106
1604409049
742925854
1779374279
804472475
1070760134
1600847876
1966865009
2048357467
1651428815
1799760605
2114677584
347432802
1282331732
234519990
1273466813
578919163
1498003012
1334524088
1042377582
734318550
1951258112
1534989673
86238760
2137323479
2004662110
444194940
1781344656
1622463612
721202890
140416848
445041187
507433444
1400578182
633840396
84561212
675170432
696529426
337144660
650559058
1564667737
1543565222
1253907112
1995777348
1395452155
1792739291
1053625945
1043648461
921466109
2085969770
1096420393
1583710226
1960243246
2048581389
1947137919
1854190170
2123591005
1853422978
150102084
1775520733
1698418886
349284271
348972381
1449403573
1525938197
1781024990
695796933
301793010
1837570327
904385833
232887110
1954716872
473178373
1941690352
1850586579
223070188
1750367843
1404348551
1953289860
1086995444
1335189401
101648110
553824048
1514767866
229773331
1979286199
12264354
1504381766
731823627
783691276
1143948663
1207339295
1165857529
1184710345
874544028
175734722
472688794
1944936388
1543792478
1881479789
827982997
1646302254
1036763438
788612762
1450403024
2143858450
1945634547
688180297
706365007
1927577850
1312257548
2072861045
1906389187
340721073
1182558945
137335467
723382455
209435683
2021449764
2009488045
158141011
944263775
894986154
715760474
415059658
1247817662
74356448
99105163
1820270181
1554560798
517308651
308616755
1971421485
1736801095
738162784
519052937
1228922928
1856020335
228127389
184188258
1954924913
1516338649
706414274
2139332503
809158767
1652283032
1184670287
744934822
1711209807
2065950834
1085549916
1483881557
467778729
1066923488
1381824623
1002483345
1032200683
1475729457
1869573629
819077717
2048794221
366699214
1274061184
1458903749
1751330579
490371223
2079159857
114899291
1958511257
154522989
39794531
163379257
1421146751
1575595464
677059708
1605597084
1784680592
1205036681
1311494800
521957490
1760774928
306038475
76268956
1572306433
843745665
1271604722
1722319707
1004343497
1038619666
1359820741
696463816
528120933
1642461093
959592631
4698930
194228907
870111356
441015362
1727246836
426008019
1537017215
2107408236
247492058
182660051
1985558059
2134589803
1976943884
1317354696
1932459291
238273638
729453239
1053607569
812620077
255293521
584981816
1150099318
1816948560
1034842617
1515712002
1912570373
372578034
765587489
389483797
1239874558
82412289
596562112
881801746
1580669541
2124509593
1480251500
1837260030
605553845
491973717
1915997652
1659766934
2027673907
330580780
1791855463
482904138
2141469791
1689422851
1633962259
1182176215
1865690503
492589274
393904168
1922720387
31019640
961590923
2132667226
938375160
932777035
507381311
418727142
1498031286
671139685
679420788
1217430731
1687376951
2050889849
1612060834
372212025
2126570146
781867205
716866704
1632563976
2143966250
1967035230
672485939
1158283359
471164934
241153447
1563411774
383684469
1195352325
1690309850
439518539
331662196
497647061
871529160
309457316
451814777
814398161
1629227933
1427089325
2131172280
1060280193
1916106460
550356466
2124247228
84720052
304153964
112137674
1014549709
1454565429
1316107976
1430775204
2103321450
844986157
127713113
618003957
134559479
84402197
680253920
1727183550
236418160
725393237
2088762893
312013748
738298201
1381175678
1755328045
787021071
2102736313
1587259936
1124937217
1328524017
1250884669
1612873290
1184371882
1171906928
57373306
133545117
362990528
1355602754
11670349
1390234890
1867001217
2025058564
1570215265
1841984047
148018214
1758939942
834136018
1603921483
1038273617
1251706999
1766332134
145788380
1620475043
2105606985
597850875
186808788
2006725739
1928986433
483636095
118854524
328495993
123316670
326438936
445443044
1921129744
1930589922
2030643683
794773765
1417799673
404292929
173641435
2104175221
1336376756
2133414436
857768271
1136926663
181934794
981379195
45608341
356051582
1944429118
199971935
1589041086
1087341995
959067682
969131327
1450746750
759942442
831752005
1499556014
1268627502
421994101
1754148361
1371285447
2110464749
975891747
548699732
1365119291
459733217
1858462977
1302947997
1868782074
1474911131
248697804
1916738085
2146532986
1186341273
998388872
2098343496
70446760
225527013
571135615
507339498
1360088679
1652578778
1616099801
701948428
2101277896
369979399
1032903636
598168191
390132682
1904467755
745426081
303825335
833983170
155558496
75532508
737712313
732415345
1851786069
451326118
1793191470
318687650
611350452
637195872
1134733210
950121849
2127999649
1194737413
1294171046
324624479
1440681060
1286802980
2073823128
1954001030
1759543838
1855092601
1537100261
376567579
662417336
1806053415
795735006
982295815
1851540953
1034779029
297133190
1376862818
288661013
1809956834
1447116419
233583222
608382755
672425478
1761782577
1268674155
229360455
1994324358
881556692
549978260
778728143
402696148
1144881638
433236565
1103398072
613904193
1998420879
17874607
16480112
1796285854
1398360371
1083890537
566793142
873991799
930347813
49793756
1693158301
1778408163
1840979576
1606711387
1023199152
687312138
608941046
1858502974
2094801968
923556150
748839978
62033035
983498873
800407187
144286361
1477980991
1810670210
275100039
1626444301
838329150
426119300
111497641
774413329
1495516884
136749746
966411614
1420348792
1246976743
1824304932
1487893782
540879384
895614395
776851931
1754333216
562252181
120283234
554726102
2059724070
499167063
595420350
1560038495
810252362
1128820637
1329959476
1118688110
1418911963
429183915
790162159
823428130
356677811
1837223711
622300110
1489122411
1754695471
2060466273
1201283307
900837063
1020424652
291952186
1320016073
540866345
1867979866
1707439227
700719130
903855094
46977761
1777291741
1405489193
1349031208
1294710541
836065513
1586502122
1585697685
769870678
1360901645
643372956
355779147
1368479152
1328381136
173051673
50224146
2101474283
313667104
879922874
290101011
716594090
1119097286
1003237097
1060079766
1598906363
1704424698
1087529540
69452519
1199601303
92405779
1402822250
2108125010
1259968183
779777367
846563174
511559246
99740561
7097073
2026071989
418031542
1942942829
723366400
297983734
564278578
57887849
188595404
1609716013
1658089652
1590817733
655980051
616120501
471662878
807834860
1247927169
1875795135
1430216449
1260576512
1608109374
169586315
1889127296
1711845408
2095195298
81800994
188584788
1376414009
1187726341
1446555595
1371619305
944137606
1203147185
1152294677
1648982181
919089062
1573351415
176804983
1013321
1992928855
1250583649
269167780
1190660718
2090345172
2062696444
1275617394
1555848498
2107929289
1295399640
960372836
953524973
268687344
1448678539
2058624721
1324297244
1469951817
475032559
727667380
2100711775
437567994
1556389867
1063869711
110484895
2126905792
911518575
751344380
1222817862
1906070289
1615761017
1271074385
1515827633
496541393
973338197
1462691566
1554674596
275187117
1617688289
1650857639
1414117362
516796182
431867662
1150220746
688195390
2010074588
1211994723
1286782540
2062836188
430117991
1857262011
1220203412
151672025
163934862
722910480
628706531
46734610
1006671636
1643612270
1542766686
86743679
151080645
877411849
1458490553
1438315922
998013736
8890219
463802242
1379268793
884144865
813422534
1421800967
1161641985
300252583
1922435431
2060940005
1766293718
1235705308
1268621387
2042118703
1154698214
1503082957
1970242507
1691158071
562023203
477472393
1481646452
53421821
965484007
25032278
578915059
814743088
609555761
2112531668
837828907
1792375268
1021522445
1213127346
2099273319
1427505106
1771497490
747059975
204337580
1516436295
664749573
2048494669
1942912295
1377705899
541542044
998653697
1206823367
587991471
1399335772
1257780176
2028364260
983009553
93545380
293593982
779003165
90406159
1072472514
1564666456
296191808
972934502
726982722
1851691347
1085402210
753183237
714160456
155946691
969389070
1320672083
329552403
1241176241
443950489
218271002
767638689
1481048801
1019842452
1210490382
1328009585
1381188191
1022766171
1278811646
656057188
1403572419
762936778
1605387414
2011254716
1509230850
1861251599
473811662
1909328967
1305884657
1863435163
11874548
1919841685
617265751
1015096883
1158421328
1957412709
548774573
1386672931
66817913
1404717342
858112117
42018450
1126923315
427210873
171934516
513646575
1203672579
558816316
1886901004
1446688650
673919570
2100738336
1322621178
1829395263
640576313
1586381524
80826538
56951887
1861318126
123888411
482713075
687667272
1489876428
2033979664
1977188338
1199007521
739948025
400185994
1409047494
299374698
1471796150
736125338
1167440101
1652914584
1833304904
567177265
1351493913
251002750
948615549
1420649439
1391752731
183823578
952869853
1405473718
643419850
1157345290
2031581551
196112973
1773227528
1249782238
1912262180
1529040352
1605031217
1230720905
2131522276
1933029524
751227961
1208531378
1822133300
1671332569
1214265697
2141639335
1709189505
1366634985
1480811158
51672498
890357516
692796525
448563815
527692163
2035532913
2055776062
1022741151
176193484
18774486
1307032648
44330631
414344172
1934374315
1849202059
1376186033
1101071043
1608256804
541791804
1605406850
125134244
1081149745
1287918600
1177895744
1404353128
372431414
653038200
1981281491
659653279
798874701
1784025711
470235164
116081634
530765363
77404113
1511503599
965716804
80968915
1354966846
300517806
894252519
165635438
950771196
1360866947
412520618
1895149666
1801119218
1624144441
1257701632
1415206560
1238214609
664239288
1040926940
1816306597
1756740941
964883227
1178048456
595265074
491046282
301302128
1347042069
1645281676
310926738
1519291915
1464065837
1910417777
299507457
452278407
1593398276
16888471
1940235970
504596059
1649403565
2023670233
1885930996
1628012308
1301578249
1534215177
544743144
2026082868
1342105754
1245362253
1641123908
2017149095
99973494
1352464181
1448865866
278832094
1161499222
308387932
1548499506
764087434
1811398861
2004056245
1784836019
1406178039
212210839
393814907
1614254241
611848963
779748616
2028027823
673721008
1302506936
821263267
2036241485
1721295702
1458670221
2031990219
1875023121
1300659663
1628844598
10342293
998189536
296288059
1670872355
893774260
24986325
1074377441
240955293
1887927445
1862558439
31846550
1305476471
2012646028
1925704506
1832167224
2047037299
339247908
1282511107
675466581
1591067701
1834273170
13436946
2126182889
306579165
663351374
984583166
137267014
914699587
162126776
1064735217
670745099
1755295699
1857035764
606309644
441108054
1313656066
48823772
709840759
1377750262
592185964
2125773579
286142986
1657522904
944108939
349815061
1980157072
1349674117
1276159509
1368497111
1225763007
1419401153
1075528691
1428659945
88406451
244292948
927052507
1581077039
1011745311
1148232933
1124146569
1672992142
739930907
1446063361
1201126046
1176145341
660254085
2102090043
396739861
247893042
704278546
1519437934
1896563293
106644539
1267997686
2041023774
916312089
292306733
1925929515
727386621
244011889
2097717685
811633506
1529271433
2138178577
1716286542
70978693
157409235
1677978823
1988149452
809433572
1951551833
1980996532
1062123287
488880899
1398178324
2143902765
1633364721
390807807
374721935
672920626
241360120
963543448
1626599724
471695241
868556967
1332893920
1454103947
282894966
712085910
897620863
656604165
589557272
2122754498
20169633
651430482
1323626594
2126129926
1893745276
1740688969
221907381
520187306
778903681
1649148871
1296155159
1509869074
811480606
2077296297
2068314130
2056934295
525133614
1696914164
643621676
1577036403
1555098366
1996772629
742360063
723446486
2706173
1336755267
2113977332
1055323926
185491967
2006753535
1050535584
81238787
1234716205
1372185021
1537568442
1969591894
32614286
1842853789
342194361
1679268939
2059783466
850695506
768367879
1029864007
618199776
36274725
698633187
960214962
1353001414
1207687952
315561176
909975785
1583979832
28230670
993831893
1462292298
2067431039
817572714
1260824041
952393840
1090930976
1549885778
1027901342
427503225
1557754302
1881498993
1422941934
2049080193
713380268
1219964081
1441841894
213361205
500564244
1822048542
521466583
1512013176
1079208380
208944616
1537306418
1542412614
1371831419
1721747846
160892425
1178263195
368055097
983158775
843312415
1684507785
302360989
758701860
2033066920
1782411368
1079031381
1786423137
1440740772
1895165738
1274810117
724681234
951261906
2047119820
2102878412
69075051
1707379538
1138943721
266823537
1662755919
461554651
929540969
1865035047
976880986
493474709
1061325910
1879260418
231752698
1797008787
1916335054
936923638
707710136
1438439409
685077269
1982180487
1366723988
283062919
528645059
39442707
1586159502
1797926727
933378586
1622888632
1830897218
680556089
1212187258
982974179
415385516
979144463
1318642669
916280694
1061207561
937937511
1996100062
1589918101
1390487005
1329874078
11597544
1407103758
994085392
722336844
1991828167
1895819362
1512230962
1604097631
940795251
1481478516
885671649
1838090711
620857668
549366478
930510912
1002704155
453066318
1527108490
1564893862
48611063
1267525839
1211326435
1394235737
106734899
239609030
1964100184
1783885679
1634056912
1839460507
1384107386
1553362645
1019799522
2117439741
397807699
437288300
99147013
807313354
203091827
8368717
1748692093
1679415334
967150744
740883756
1044716270
36131247
1064955641
1502405081
816464308
1334574279
821730863
1825352163
70237409
1879265807
1420345792
1386597976
10862289
264193782
242380618
414907304
1909654378
272742758
1931440457
1538666919
1922448628
1918608539
17264773
801481138
1559966867
1188139289
1640040986
1663896808
1571240031
1785319860
799538213
1027572889
2103447839
681590728
294728457
2050068157
170547622
1392789643
291905884
871485595
774877641
495009152
1682795631
1639350666
1525343995
1721629185
454924160
894437333
1520422024
1967132671
1488385910
2058699191
310779243
1825557959
472701272
2042895493
2028626379
2145226490
1392141646
871971819
1232957976
230550176
1518233681
302748495
515559871
1478062164
943836785
335868754
727169925
725993119
1757362114
1606331764
900749701
1921588322
153006565
1706659798
650527433
356908910
1346322478
1832557339
641398910
714918446
253262967
1518990440
1717746903
1735457411
2056862336
994555275
1924644225
1913906096
239908866
623009081
624634814
1547390316
1306428239
754237807
877755425
1988211221
1018028711
596477433
1140893668
1637281285
681846297
1883257104
919267817
61035005
84798996
671111198
1766723915
1095510717
1508774025
474521246
267854753
543682485
1421960894
1268064543
1897638095
937519828
1402301874
1004328551
54893193
1605127039
1598571304
1985958068
2098499939
1646442143
744958291
493193502
1231448473
483034578
1678334748
1818279703
421738841
2054817729
299342611
121671189
1873547976
1597977490
382568176
923368263
489270169
1953063283
130570692
1506237826
1919919172
1740946007
1413965504
789258559
1048234214
496480446
1199388321
911837885
2036090292
1952838828
1217712567
979941442
558459165
151090364
897409169
1961117311
874982780
405347917
507964743
114039059
736257143
704523994
1086173027
125823270
1104739831
370411623
824044653
541711412
1663468739
703306519
202446611
1708950763
1282247355
107648475
407205617
1088213037
827940527
745517125
92029697
945193009
372180442
673742714
679393441
352450504
637145855
1667393606
94984510
1017919417
500274461
534208586
1329928346
1979584588
2130376657
76566608
1012458943
1148037350
972312393
134351295
1553635457
1115004873
558705121
1755767081
223145385
928982013
474784092
514203650
2043206595
169904973
274007488
1404804972
332081798
841483879
274799566
103087662
671340251
830616871
1903986971
620692418
1232301452
734428397
22587345
2136269452
846931594
112141098
985177084
1816931113
1204234970
39931387
1577264274
896754398
67571486
2018061547
1349927427
694570800
1247751356
1781574620
1373662328
735717522
1228809133
1006318081
285520811
1104479800
2053926628
2002194179
2106245729
410449162
878744920
836589637
422666121
124799924
583082417
1570969664
1619633899
1965551066
421931659
910873103
1869271948
2060275817
910087529
122911495
36836775
1430073609
1796988472
1540500606
945786432
1239225006
287755648
1310060461
383330917
327201102
1910384417
856237488
565032965
1680719532
275348432
1872375209
1648242284
944069204
1125967630
1445792517
1289274458
1533007519
11674592
1228008918
1873874367
102661366
1123418640
1654169439
911866646
662709012
25929247
2081879215
1679438939
1862304642
265526726
1647872357
1514203562
1276603176
1201369894
1443898514
766038902
1252781562
1469778068
1665616315
829996130
1138816206
730834684
944674814
680300223
40080975
546916591
481933644
275218339
104385802
704465996
947635156
2009043362
84884644
289035406
31788928
1899776299
1785911341
1661716399
1578213784
1283853443
973822864
909635511
268923013
1239501142
577481250
1198156518
674619825
652745215
1342653531
797783162
1820066697
925287510
2126784160
1923952669
1987126691
1024134192
812811071
152814063
444829949
73134968
744024436
969776427
12272221
787423719
253397928
1418695544
598386900
1747635810
463894202
791465679
1098222181
2008458225
12168309
1588494339
100028610
892058713
1206596384
1276357618
235675692
758868565
978865204
316694855
387988092
910568821
486024232
307118313
420958272
307743122
377580905
1281155843
1280016893
2090015724
1203861605
1327448752
989197204
1206380515
1013676743
1963719235
2042295230
102135119
1323292605
862501426
603576762
69761660
1213619060
1724253340
640801534
1514433477
1699969957
864475006
90127144
666364620
461360969
205557614
2043172856
48738131
49942377
335146257
1281897334
1260315578
86971152
999606047
538721840
631082773
1799903328
782013200
1024803742
2003125993
1165544643
887918179
703036070
1941766787
1811457594
1455616651
269737019
668502518
2105294802
344145272
304415264
740137647
1115622198
1363163325
832303050
1925741494
2012924254
1606879587
118310755
64183172
1077173349
401551946
1561693418
1251963259
1347069047
570954550
2001942904
2022997253
1917385192
385551998
327123104
811261006
1556477538
1304567628
673892844
1360925845
1135632183
1019562641
1353711755
1812547123
1693917909
1278080136
1086454537
1703716395
1146518359
333825254
1839750451
1871886185
316893240
1298621339
1140160030
859676059
2047856930
828504136
1280621633
1806730153
972342245
135591486
1630120380
1030664146
1557487491
131620653
993057468
1452900196
2099519079
673072753
1498509302
1299194904
1627214262
721223413
1969936208
797416712
287621055
815660483
1833647263
1256129869
927037324
1029970730
1044186251
702280249
1316096922
232553611
1725813647
503069486
864322981
624431295
1415037725
507913497
37782940
12593448
1304266462
1540721550
409410996
991385939
1549034519
670318978
1819483543
1841325894
1042480423
1570079647
1457364669
1895282284
1732907821
795866696
466994132
1846032155
513572806
1508854057
639090009
1837860030
1690159347
1416510073
1627276616
1242922148
518181146
557536207
824894448
1262892900
491144484
729176734
1532260319
1103228650
2040171203
981077583
1964006141
280820515
1163727062
468020730
853704374
910339905
1728775140
1360093119
1252538702
314605996
1307936966
1450390471
1689177688
1867221124
116637538
683285715
2106727489
1059910871
1385361297
1543329917
511695111
1294128732
1137271330
649224468
969713672
1376588265
1656129528
1610490636
34306805
1175655544
1371746638
1827262503
120377317
760048849
1721677595
2041809439
1186102918
239539669
1883379856
92061453
2061362797
1977408357
91238079
312193370
336162960
1035854836
2084190293
846415198
1010529737
934742184
1023549320
1351339674
378518682
816006695
778566668
525940367
1937104880
620113925
1235645246
1564899129
991301919
989458630
272218212
1877213995
898811631
178847890
241635084
1695962440
745868236
421813364
1182192017
2021360155
41565473
1355393102
1683037627
1905411284
576007614
1266238813
1221421446
1394254304
1860287861
1230178148
294085116
1699731747
1189681093
1135661689
2039453243
2090664404
486927278
890309481
653562011
1357466102
1956318883
2006410439
1359552488
875459439
876879006
996749976
630633164
559663303
1271842637
219352725
1945552712
2016502654
415540842
486029083
310153313
1130577418
603487016
1747497652
348656599
831597419
965146825
662823490
179184144
1192783469
577389645
1817037765
1802807828
1746225786
1681947972
1682966473
1985547185
1387694105
1280885188
1056168817
1607346623
938116871
731856759
549300505
750395006
1259149296
951583692
1239056809
911709211
842463178
228678990
1263222909
811393874
63137487
431079442
542456812
667630125
1479406869
751976264
775500915
627715306
154287819
748015092
1129434240
1201156858
2042163729
408852663
1397060316
1105113638
691607669
977660615
210520502
2109757900
1852456455
1276129278
1388917831
966963272
1209249816
826131981
1241371943
480236654
1628351891
1113747153
2064901932
245077299
1238696695
91772350
1194523386
1128735083
1003695088
671136376
461390637
921743788
1758246033
1771270784
718715166
1227927122
747844657
2032112651
1365279828
970716060
884726751
531807215
727658122
1614476788
914698883
239173815
2071907928
897558604
777926802
264422613
778629762
1844455075
1478085997
1595455990
1938733017
911885992
2121060439
64849778
1793987538
1430540405
1904416529
123119067
1535966626
1662075260
652145684
1655775668
522567698
101915520
1375250026
1650071363
799694309
1030480313
1087286570
2062145919
1467585249
667289115
527276174
1607292452
1677630335
460794032
1627755186
1908435175
614305069
413936418
772635116
73723843
534817083
32225877
416745155
703435377
1937224807
1135382576
1383405452
1594904309
660667656
856608637
948755368
2137259348
35936721
2048654310
1128020051
336403557
906169154
325529632
2085314858
2136037821
704907697
262100004
1006976574
2087610060
1953688048
2009019798
603052494
1393020167
1734353564
1780712522
1172811683
969446202
1301552130
101504222
572282893
1737532927
735253678
269740928
1319807093
47387980
904299665
217624787
235668383
1925798181
557926606
2065191658
300168063
1458630515
2061402657
333263989
1473955508
1376503021
265269229
365128691
1152551845
867236659
1718432224
1731638564
1711235895
1568849401
434436677
1320867459
1986282791
1484192096
1838537445
194878695
1053224971
778822497
1977775770
335654729
772038368
429812323
1066238323
1266916513
805879375
2108144362
903977342
1429120496
1985952641
1032334962
1568776757
34399835
184133276
723064146
174271624
1534499693
1203077849
1529081306
1774392705
1467903869
27508291
762624642
1031611802
1519700015
267512590
849758521
397548184
1507474196
2133292176
490888666
1756636705
364472941
2144791008
2117915068
342395618
912436237
1938495499
1156569704
541958741
1338506332
1027165679
1102104934
1656698162
1457381239
2138948532
452441904
2072490102
2119037557
670875628
755608392
2079023369
1200754373
873641029
1245442917
29589520
1522205107
19344360
929070025
277969357
286521866
907674993
1876302510
424638773
1971580370
2030047883
741662942
80339472
455105082
73127721
2092802402
488506311
1526259601
1926283867
2125791826
875884237
1004100462
1671092946
885360844
995489452
699941617
712669427
1401500159
836438699
1222713120
182667410
328354663
793358106
784805235
1505193035
1389648915
305529146
1441416811
374029442
1934168353
1308741579
863521884
8109045
2033860428
1549824562
1182237772
99187706
668543900
891856967
627727092
227232347
1205628219
34106553
1990408163
577217226
1558239848
952321054
554115266
1375305218
1616843396
878850715
15208114
137672829
1666078538
1824858668
722204625
1810361035
1260816156
385360786
218345180
1442655637
1056844408
1546359766
231004911
712565551
1528735369
802476157
506227047
179126484
733464282
669893706
1522727912
1451946368
1534914597
119813802
83031162
48417903
2080992842
1689151424
33022414
1232222509
1896771419
789127950
1799957919
1028881242
597974484
515642044
1128140596
1283768316
1505913832
1728298376
1732699137
424437377
1912226294
1888303434
2004365421
1643028303
2051203610
1021721636
459647663
571480586
2029843168
277141059
1250939345
1357061473
1921762068
1878310483
688698071
762839701
1459714229
661437061
2143067640
484421256
1066532104
1902989365
476425739
467550846
434591689
565347389
1033708542
1901452914
1093356411
676664786
2123610238
1660219159
885335264
34881054
667559357
11608426
1351077764
487038555
1703234375
1020245488
142303604
84518567
934112789
1598918033
1823371276
1671782250
649737886
1476717073
1252958190
550969186
1451568934
9731111
1603076622
52320329
1148625946
1030420796
633991147
517424162
782035091
773067457
525154521
825613604
1123819768
1268205869
1070240376
791161410
31774145
369538194
348085833
175934038
1300344918
669220059
1823864406
1888045033
271639574
1751079844
1489752848
1876778915
1891886450
1482564022
750451768
1926693706
931672378
1729092125
1744590578
1778058105
858129904
1638647016
891257600
993061343
2098073943
1339949949
1011751173
1564094000
2021471249
1065185430
641416196
1165463467
355310941
465354204
849186797
2012626248
1774100732
1575063838
937477966
1735333503
1305528631
960363310
438114854
385674929
115984122
1565803096
280369111
1450401075
1837892119
626170496
1231513145
1661879292
463973297
1662256343
740106187
1632294633
784815280
388837690
366912260
616402347
87566959
48225063
627950792
876939855
1980636022
1505541212
254375926
984653416
308692577
1860423437
1986141213
913422555
1053701343
1725184450
1774110031
1088038471
1146914006
238608077
834006799
995995151
2045755812
1706305890
277949541
1307325957
1498566529
1643991644
35292944
1700935348
1036937984
1347090059
1728798681
920644170
1345019572
1017804979
952091142
691290144
792539376
941705510
1504590822
118439656
2118265766
1055706366
2111008393
1811947378
2002632816
1837580022
1958848146
1308494363
1589013165
1357087718
1081602085
838795474
1781813699
691506393
1437153274
177151944
1958251908
1716289740
1389570963
1142095540
906038956
1246070790
1821223562
1443011776
1886080390
1203876623
838253316
395763987
193462446
1070274382
690754370
2142919163
1075068400
1523374914
1350724182
472810680
730892111
1332448349
1455153650
224495584
1433691682
1983297656
1442970459
1610934897
637883994
392193272
402434430
162820474
692184031
932617595
606548505
998567516
1530788887
1818555453
631025690
918906817
1826329991
180841998
371271941
1782163227
2015031188
158725096
642336654
389797080
1685048419
596050992
1433529670
522415392
834479840
1895431562
819588466
1420457801
300877530
220527961
1254318840
1064208864
1975661897
1552411601
1176974195
1337574733
725856948
734392251
542929254
2132315936
403567014
706749382
1363046284
562264065
1281881949
375392132
2130147149
531715630
1061856391
1531823623
29570126
68959920
1880262691
271977497
618333983
168077087
1835581061
1950664722
493850904
2062064140
2010349174
473288026
842394429
1746503698
25630329
1454503292
851712606
704241526
1855601703
742324450
81752636
1167340662
1959571387
361879859
1746450917
374367284
918377899
1240946502
1086128929
287816766
1541212267
889425601
2002732804
125817016
2126349396
1181839698
690878884
576998184
1655697317
1387035529
1074325221
1976736733
639410334
25861458
989776496
600774653
146138059
1356984330
899626178
1453960746
767665247
830829636
92565345
1909521360
1464989885
1349366041
1388458536
863317263
1703064852
1057337127
346102724
598257983
617760291
174221609
492568376
1178824228
1116616219
1228041265
1418934425
204323760
841997730
1964310915
838556384
1501762158
680256243
962845713
865052884
215021203
301943074
217047952
962980645
1597327772
1903096189
1969313587
1682462103
367512740
1260032270
460661260
479415643
510475588
638729278
987028219
127926906
602871590
296602260
1818528338
1080159850
1956226088
601322651
2117660423
720136643
1913824554
1030696416
177905045
192326412
2058714485
1503812890
1260778095
1934074029
1994812104
1407956068
1541239329
1977104393
1696396288
1487473574
461623558
2106704804
283007075
301022996
1147960480
1660375680
795044233
733098956
1724194967
1843653255
212982247
1463764129
1623736657
200587297
338143738
1098545399
1240507946
1616209125
1752694283
868681668
1573317968
1226172267
1937983141
890882231
484328255
1746157120
1659454865
367285622
78305236
377071603
559028619
1633795327
279726863
150080077
114563715
1024969520
848292713
1094539933
523169937
1917716065
252854223
447084848
2003890037
485205295
673511227
1063522783
77750474
297786964
30799854
1277506499
1256392391
1204556978
1749411915
1307603460
1252049330
1524466030
1833446227
143818704
1020453346
1237065273
967568057
230840679
1444171887
1905177002
1615685793
1315318866
1940871287
250609608
1367896826
2028556467
2010151695
1907310755
672690806
479151544
2009225157
175513377
847261474
792511274
652956623
1672520150
1968899237
1886327329
1407601106
1295482893
1696260121
1110114010
2098867280
42173668
877789569
1789908385
608773295
498647699
1549605606
1422916840
1934514401
1623357388
1085409043
269999739
407511478
1696901438
450949610
377811401
124722106
1630966069
1511615584
1050270051
555687116
1850287963
40011291
1396286851
1387116604
15671970
1296869029
1443065284
797875104
2135947065
559251534
235443185
714124852
524645051
706877085
1053499895
2141945066
1192999016
1337487984
1469502716
762518806
1111850890
362954167
1755219848
35606448
1800574457
2113609928
1391512801
366300996
1276430523
1400986465
225554294
1999655546
1010791619
1047311162
548709490
1585147205
806363610
28799554
2096162415
1213209251
802335132
1262931581
830179660
603412752
1954122904
882619769
1867888919
429908875
1160460187
420124010
1301460517
1188737345
800004871
696802785
1572880449
1836549594
1446090332
1719964205
1899315968
476970080
906222041
564913999
559265076
144447176
619511867
829196178
1905769847
2053766174
1467204260
642561487
562384359
242429778
509364375
3549756
943098096
483403930
1519105568
2070160107
619995460
153082754
1555773968
256360935
1056442088
1268732822
1409187430
1561719526
1739772776
1108750762
1732082889
560706219
1490257707
1086419908
276814131
1344877051
1819855329
1951568294
90703016
2029121081
936247320
489658365
10390051
1296529824
365864943
2046921759
944899984
1486245149
171806434
1055457924
1953920245
1650957767
1864389314
604336581
204897197
1491128316
1986314184
2147118152
1999880140
224969241
752664002
1785105041
2027888039
1616169173
748068452
1366454306
1082129772
243455803
1306705601
425391371
1871838956
576973890
1026854361
1136664082
2081578873
1087471626
1872505418
120794496
21666795
851069621
1492576547
1620620932
364638397
719216352
1363687382
1008221512
942111315
2014851517
521235275
1092717966
1248384862
1890568910
840314385
1160286726
1393905496
462353729
501505967
96146993
1957666602
478211298
684807961
824212713
182496750
1989517504
806066750
1131025812
1705479118
1390953824
1258241214
1834703333
1677147403
2081067160
1757165497
494665294
417264410
2060556554
1953574082
1721392894
1346467304
634843966
1333929459
413365146
879402815
693126747
1063912731
1906185083
144566849
310981249
1015968786
1063908513
203897105
1022296772
1083787308
339701557
229053072
870008009
1005021899
1853075382
1231403588
63045623
1632401678
1347789255
730637397
951707227
1995140264
296910228
1717299121
186677531
1029160909
240484828
753496145
989969043
1085775429
1111819423
1590809490
1334487057
961992099
909616230
480168133
717706538
52647567
257885226
1302685634
1860248246
419903807
1775377378
249458615
1990142831
1864455939
1261946796
685570047
1051893794
882682623
745725847
1705774380
167406992
2088225780
2006696458
1814158375
1006970340
118550841
271047382
1698639214
1749927887
1910510789
1683902675
1134301821
832544070
781182061
1103209529
818857800
1834421199
1606374442
1015588733
793242084
762892428
457229204
20831462
1886341701
276218312
751356012
499311275
553563171
1838207029
265146453
1021720522
1825322229
1924309451
217770914
1746158439
1166770207
1343864890
1110127433
571549919
1571173159
2090202376
2022202358
985109097
2068110370
175443277
1514022974
118570088
2082391087
1657069318
2036173801
224439120
1858379802
1982466584
1059418737
377493042
570059041
230133478
1796487815
66072550
1886830547
580580485
453253330
481433811
1528978195
447895714
306557875
2100454237
1406674236
232612595
944728643
1153414380
1322174815
2041558609
1028446302
1944464789
190747304
1857755514
1522616792
1932615784
1239588830
227619170
1906896590
334054998
975342857
1434470193
2033173272
1090205116
2082592045
697054174
2119318235
1678149776
511987253
417082214
1152050747
1645558566
638271724
1348977064
611409454
394489248
119848740
129573600
878832746
2141016560
88013305
935336382
1695187071
19509388
1974172207
814816546
1559274498
1041223085
1098529976
1126514551
1666007007
1009391939
687002963
979597737
752231632
1287893880
1951521102
1888054211
811231467
1842704350
38990956
1259425066
1056296021
1953997113
569649633
152331889
1047557909
97032164
400876410
1250234070
1327727107
660364513
425431258
1460717410
646962399
415814528
1203157214
2041228696
2078032765
363465642
913997602
591929304
1556616222
1563242186
1175043997
1339886932
1668020443
1047335258
1762263655
1371737003
1686009402
1850872581
1792256411
1628302375
1373737187
1557632894
784587608
528624272
253746285
1328808413
1893452257
848113579
542270801
1862581424
1609636836
1080361298
1288570879
720271527
1793939159
1542756913
353232655
1673161684
1096174975
1846788890
398054032
209451938
1773646987
492627975
125997693
1096211285
1185292125
1583415977
133899854
901007673
655738600
866210993
1102392234
1354151018
1287888052
288902043
651673145
1613083967
160779263
655788081
340476568
58778197
1396501246
1942922146
629780070
151432244
1966554688
414837825
1363804027
1843726750
1619497012
2020209617
750171193
1948016252
612515521
763259284
1690973946
1081714526
1151811859
2008308177
250171049
1343460268
790628214
654019867
167954029
931584113
1510487898
2049990947
1098686079
1500030399
1902044534
2086933819
640301084
1907017919
880152586
1711481959
478940822
2140906586
974142269
1581836058
567324550
275040894
1647849892
2129221266
60277788
1796055054
2052917987
2068671441
745741719
1773409640
2071771757
734802999
1034868431
1350835604
759793769
462575033
757644527
1788292613
945485486
252402880
1829785921
1106227472
1254142956
1010552224
1047254562
383317223
634805996
741381043
1129576724
582140239
1545665519
1008207890
1914620914
1396202982
1449860660
392325616
1078714174
272986891
778233750
1712013970
1041133462
1536675689
315433042
9096943
2129639493
1857272867
672319717
897984736
1481809142
1870735773
463644691
1439074819
1287847044
1527946981
2004252420
350986802
1980636908
1542157757
2099473801
911383451
88526949
212438343
525865086
225117821
1311693701
433012043
1235567687
13403774
1814607011
674034727
1594803580
1802746794
1961838653
1035372883
1212107169
1832550667
100597392
923201167
209627662
981940963
469378630
1830128044
1087150829
1559268993
948181068
1464541428
887656546
785284549
2117174976
2061034551
246911941
1476886579
1214351626
1335016564
998435594
444060589
1027217154
758557728
135697475
297459409
465290575
2090707477
854898490
1753358061
973845712
57606427
247680834
1117961123
2110768946
221634059
1491824392
1178237462
2028489377
449402533
1295360162
828271054
2031316636
863097584
1764033450
676414766
1815737314
247161674
822799235
1608851342
980003209
1494428939
1869012922
806066936
284780846
1623635930
692256905
89227133
1360749637
2136901003
1442509173
548810289
442348690
423231156
106662935
1100810696
73810352
1097424331
678149367
354324174
28716494
1789059837
378735764
1382053246
1620188026
1920678541
1616410239
2021119808
711966357
777887719
951865512
2102260162
178145895
146728769
341451954
1840234929
1768320715
290404333
606829951
1723485973
1521989258
1864425789
118672080
1272522055
566507719
1014453266
207985924
539627664
852012942
2010639107
1587518207
636541790
1355687310
765905703
324776999
1685546276
2140376296
2075445120
986132616
2011303119
1293988125
1363661060
756703511
885393634
1340675621
955653449
1918685715
172943150
754742943
1053085132
737608072
1528434223
1856746274
1056801245
1987165165
1782757892
979641523
1035656491
610492654
1023840013
1903191118
585280744
873296452
1905425435
317503911
1925510552
867233471
1653163606
917406443
1535234939
1262885734
1347467440
205588415
1061992341
1965849780
583536898
1536117066
2051156822
347202053
1331291328
897155438
7202028
354125065
168122206
1116611345
7444002
877289332
530455614
1351175578
1838776305
2034497720
1103126099
1497023864
1337095340
1660620266
2037204824
1713480668
1615172292
1657247169
227967143
1687031686
647537205
640926398
313173943
562852029
1251384973
1027327333
1293570101
945992281
1093834655
1593323688
174902717
1897873914
328184513
50791014
1685430069
1606590811
266057404
1879405062
1412363718
2064087744
1945513049
925681479
1934324088
1624918669
89439622
885431061
1817759081
1297141745
1203117342
1892746385
1525601706
1887606463
1069506910
552686644
864133303
1260850269
338975458
1423712012
1118021264
376615381
1186599509
583236644
896790392
947133705
1151022781
508065282
171848778
1951046403
1131996770
1207620169
1553361522
1746625898
1372511318
2109895038
1897321871
382172434
1985522854
801089769
570382500
2016631722
878074140
627316883
551969013
1905446552
1074342061
31170412
773284996
851340514
455494534
1165307789
1237356071
1664956995
1527477677
1974822042
357617990
411314526
1926904407
322494017
234962735
1612074767
1558286791
1772781791
1746409493
1321973980
1300861918
720494147
581022124
665974922
1156321603
629155979
750972250
534288077
872764719
979775786
1107990554
839696151
1100151253
549721610
232959475
2032834192
1441487213
1632329421
1561860878
1314902055
1794557404
135687216
251606138
1369583549
1855738114
421804937
1470415481
1054199425
2097581983
1115005038
1969165956
617222745
163668195
1043936888
328222435
1903258234
427320464
1640328476
1109543392
933692186
447637966
2138320825
383208111
1335280189
1287700619
938068914
513028567
646905773
378402701
185128624
921762650
2059962884
2009477397
1005516551
1933186152
1252567787
1910757425
1106415675
1699191484
776600670
1521361054
14120345
230881171
1490288932
110320473
342942977
2118185030
1651937894
1270860225
969485252
966649484
853365849
3553643
1707833256
1441505861
935363601
670716546
628258312
43753220
1056673914
2033263319
1975943960
721843997
476516449
1100681100
1017137991
10528358
951764907
1939011417
1381032125
716603020
286625193
2070998905
639526660
118277909
1368655492
1298900277
1007982275
1155605229
1706836434
1585057291
1008368548
1646065071
512979020
954708090
884141655
985604723
1091830422
1239969645
1566796976
1881972302
999138108
488464962
496308716
249393260
1113431486
1682629493
1459458321
1549490628
998597826
353935342
1650078579
1331756669
235800936
792137955
1755643218
196872926
1895994810
122841707
571226785
419589610
456678466
225552545
1089918434
1842504607
1346072246
140576113
644086572
718710988
547786191
775012610
1276815694
1422119563
672203832
1749927615
948302606
1889100634
229768865
649877764
1373950602
1094768602
771756786
1788710242
113283265
181306659
202164381
238355344
646636329
701219522
1548162060
1035526382
1458897279
296712784
483186490
773896887
455284128
883021488
1755486557
1325447362
762546059
427388132
2083112896
1287117556
1766311814
522967181
622916017
360508230
1614043234
1548838397
343839118
1019496046
123206615
628818938
1806570752
1571898668
1115030281
1603491602
1782576716
963162164
686679340
670525590
1209587901
96880820
753557059
1879116596
263764541
583929729
692353027
218410805
1802660869
1909626081
582680279
1776681038
1484563567
1934899959
996476157
1879197479
248060907
1286730951
869152205
1877289063
832784136
998419429
2115361562
380369785
1247764402
1786189503
13997746
1959105245
888901499
496396675
2007167486
1635774508
161492242
1445260206
1842283982
1379073450
1116282576
539630643
129604656
2070873985
724669553
1023192644
465653365
268914337
616327647
1108691135
196100438
1891413807
128361770
105747000
849166643
2102523053
16163221
4174751
1135812729
210965930
141662666
2001935246
1481398813
1307717914
386556717
2026236977
2104433221
1752221531
735530061
1196367315
1779822343
356075718
394932343
90963969
586384201
2016719851
1237643877
11297629
698607048
799645037
567652372
167466497
178519604
288201594
680075699
2023160972
252703351
2072489700
1207350710
1237889487
1194548758
1915872224
1871780875
118961934
1434607024
563217500
1199510117
1648320243
1019252900
778360309
1231774644
2119974164
537613008
617938332
2075667637
116294688
1783533683
200164037
225482661
679697568
1082111540
2049936456
1721065744
1312136815
619732796
1804177624
345216969
1338570425
977437566
96326943
184166899
1145906345
1948387350
628175219
1811542331
95426227
251900880
234797366
872747048
352866940
1424468415
1942715854
1797100170
38646121
1000188941
2049525567
707814160
1800215490
1667991763
39713892
1247332341
226790531
123351839
180819143
1077524699
668944319
1223961106
250351138
836599728
1889455537
1745350699
692617073
249640653
1203483745
1311470750
759563187
1480119837
1867657711
1097429214
1827132989
665952634
1021362560
399498298
1034787515
715385363
1004268738
782677923
147876550
2082616585
453043229
1577620363
1943331610
545454363
1115762551
1351242218
18778748
797132149
1279025572
1555416667
1885113383
1184089004
90265705
1265825379
1106075631
122070728
144651052
1295375313
1716951541
1030502774
304532025
872590144
88587270
777313630
96473267
1882767545
301105808
1510632852
1606642453
565474422
1517340480
88086056
1115530340
140130754
1696052029
1314312919
453364723
2057406971
446274300
1111877349
1970726354
610024889
1112767935
983154690
359921621
1272911369
616088237
825284201
2071698747
972707794
1713335694
1208302600
712567556
637369177
1540924706
1951050969
768741065
1483674080
975504671
1871974992
59880022
2102535016
416404934
1018203117
1187958219
602171032
1036247841
1470050033
751252073
2043991222
168185308
158977837
1843116029
1495808977
1925140411
1034568437
1734448871
1920569601
1498582463
440579124
715856071
1260250311
1419260369
822653082
425880003
68156303
1644799528
1657522927
1509160054
562408531
1287154750
1981529995
485642872
1272006496
1181821289
1920937438
1286896518
450062132
1429512985
1091246379
193953102
1239788926
1305609389
1808564818
2107090393
820842056
260663538
301501642
1835641494
1347054385
567492921
1416413357
1052440063
1120559314
2086196242
1540365293
1979246058
648104003
1131654571
952026277
1823564910
1259245238
1020099521
1106595466
729539952
865248576
1704423231
1368237440
306213578
903146168
1441258873
539938633
2141917461
143331769
1153334022
347199064
2062837531
369730753
1369123381
995184580
2089628116
482175611
286848815
1444810327
2034806554
1288145945
1363049383
1749726406
955959535
1483898843
298746944
1611200764
532769638
726915501
813134203
709790352
1291652913
1238320109
1307405914
772058709
1525883592
846266954
929248918
1074053391
1993710643
2019197127
1092011642
1073017666
1024826742
1340182751
241364571
1388032038
236696983
1286280899
1872520116
1190478264
1650387019
1561594047
764447202
2042520554
1123829316
1707590330
258329720
1063229691
537100305
672190428
1568736576
118501601
2085191088
2111925322
1888552911
1615140321
777561273
2044928268
244911300
435064898
1873221404
741407761
1516525212
566842134
825611422
1540752968
1339623989
1050297399
1270892752
1642183150
784717022
2029097298
1750233030
1325292264
94738967
1913177116
2098486109
1947284293
1477313258
1217963940
1811710754
1068160487
749824229
859762881
981919970
1561176380
1252669106
1817754538
690338764
947067940
1959622741
1664487588
528532548
454821623
1034155266
727433686
1382253127
918477471
1392823449
256644153
638486645
858677216
717370047
1310967210
840908224
79554744
1376289178
1633690145
1409929136
1645475296
681147944
58456572
886292304
585790067
1670465596
1406954357
1660555960
1858848678
1182797847
904106291
550819128
357444278
1157319583
1863206907
318386207
1556260575
1006290239
1810062726
1136526885
1457751431
755072602
1078827631
898603898
1827001979
2060975980
1256143172
1682273387
1200355922
1880969151
1788116156
1308636335
1888694510
80572104
1427388167
30402893
523521570
347064604
591934528
1767098152
1771034220
1259193106
9738751
1505953840
1256187363
1874399989
622095883
147730720
1313760044
1475036390
1311938092
1295165932
376709286
1451450957
500810527
642724563
166571430
272389882
342546596
405168126
675068380
960908764
1540392113
2057627086
1937312980
2077679452
1132451784
1448353739
423768985
375884631
18927718
1115544615
1255028
974624951
2098654098
265098729
1605060818
631116973
1280371862
1195894715
1607746883
285887373
1925721547
2058985808
1317169055
1574745413
252374157
1843956083
88422211
1667755899
473047629
1172403881
542651257
277413699
1004182724
2111572098
1266660342
1262466169
1984046916
442297218
1482428284
1076078785
111458092
937963942
119360160
482341913
578989427
292317590
1067692198
405229848
1790467938
741326437
1245567112
775162566
1717581926
504564231
1652209685
2139270678
75228924
202597455
68060983
1877743876
930490052
1622235299
867390797
649273672
198564282
1961724991
1750749878
543403188
856965760
92094244
1645277295
774157615
1603490260
1700114843
869078996
1050432078
340662562
760485994
1980095618
287081100
2032964658
926443922
1840392798
1178668582
1963269122
1929636801
2082279854
1695710613
1265169583
363926107
941060965
1053277609
1669236876
1707659295
1384705916
889170751
2105737813
1982999161
324933499
946167967
389421182
1281062757
644876055
1271250548
663616421
556355579
845260021
2001357416
1421769253
848159131
1202777485
544546140
738036427
1324083125
410962474
1195064129
1503695011
638793781
938874381
1255558806
89180653
1247374474
987927473
1060921726
1984592939
498061650
1007858730
1849413244
1577160540
1799382691
1118515879
514015951
1296001603
1353603833
1019323926
1682000996
200868320
255003319
1434667750
1652854140
64564737
1125592667
1845454567
549277660
267023600
1605956
1988151630
1007866283
168599629
2110180118
39323863
1271547371
68521207
1952962000
556810753
774054551
2076297251
1344305774
564279163
1718351444
1964026768
93949491
886429342
1236049879
2138098386
330963604
1891648017
2046189780
1918673866
503114182
504145036
1186457247
1792320567
956174817
840969656
1375404641
1000519269
2008926384
1762507569
282290936
1604626179
1717594648
1691602861
337740395
1251857939
1401436963
117938743
1270987015
2137375994
711201705
1245310867
821086235
416297911
232175771
353318853
1454808653
1183096624
726487274
1615950253
606959512
1665536680
781713177
1532202698
1779972835
336158286
1576946014
686786849
1259525950
1439098094
2004458095
123516214
358152892
1549161162
538625264
70382134
978001127
1911926659
1371804533
1413446198
538932964
42097971
405802806
1990603925
1965826852
906081940
1297467214
1741589631
596721348
1426071137
2034107055
1774120332
861767299
2041082301
652830375
603072646
372607325
795013064
899562503
1330651719
28125896
795461712
74783990
124735168
2122632841
1278387110
1340503376
250321429
2121738292
854562190
1125081019
2038923749
232409153
1591676240
1325599049
1175863464
967188676
214529260
1382442435
2147093809
119299024
520376682
1701224088
711954516
1542520168
381539918
779568738
1729090209
168880929
55639595
432798481
1191445582
681251666
856775246
282181815
1333436722
636653048
58649500
849805038
1545835246
815509800
1413838454
1867885289
1710297894
1937486640
1441784791
1275185174
1530212333
632427598
1643078017
1324812653
1016067135
1748806148
1050612556
1512242520
1310742183
663406110
443041694
1437978175
1445605377
447845187
708329720
1778008494
1946524762
616259889
1748485804
1603682341
1875920883
1210923672
2034618028
854577021
2065648228
2096742037
1027191423
654772722
1962430942
458086345
210141517
72629202
29556874
2039712533
1688215832
1371664831
1322221068
1934669813
1419514125
1129144739
1855807274
1825260663
1611841265
1741961265
1734223241
1111084759
1550025142
213742869
979417487
1482661559
1263299375
1662754743
1162305638
23343104
2120762078
557924017
1933561885
1596084559
1824005100
572857291
353182705
967864349
855840820
134381231
346919585
2099465328
145623671
435824686
1222764797
774237752
634767794
1337686061
1140517506
227890760
1074931595
654952494
808507935
1568408816
108305384
65578103
478907666
87101499
976541594
1442459104
69569006
1218454466
1362006070
1321569854
1954207165
2071684138
351729413
1775241575
1721512257
971886658
436563217
1464980706
1688840278
619993522
357705312
1165525037
889419125
711823199
889622077
893081515
1699634002
1003705187
1434869425
862112807
1490597540
1477424804
1817541904
1395296520
2050992644
76919823
894291377
1316389652
1804068335
695739763
1297698998
1250814424
945008358
524610556
462944777
206800316
328721333
428861002
1939723879
715238560
1598809552
771288621
678244246
426284850
1965843928
380745728
421102003
923828431
1508324925
79433119
1220228006
1544395795
1745249790
115769094
413738166
2032829951
802358669
378880647
887898424
208568774
1632376782
2085002918
2024960098
21980981
1398034749
656267158
1044991295
1538510267
528574255
305478218
16661692
1825087004
916574512
1873248054
1850249951
628479151
725221004
1841979052
1341888791
787537487
990388713
1654116557
1577674670
455580132
657315090
1902187304
1488757850
992323726
1443952334
121515512
1398691827
1103517290
913917166
1558074098
740175168
2141193732
923161702
201920462
468093675
1991944282
1878108563
1374023253
1823152786
670133130
1229640347
614448163
1305964286
24668697
1771537906
80892923
1307351918
1484899549
639624953
352674499
154643982
2081042830
1599025856
1222918690
83369860
51095529
1653815020
1787470516
191654312
357922678
1411978420
532635624
422319955
380874751
611054086
1458730871
1645854543
1552180878
1302485702
32030338
288128111
620232990
185676854
1775210053
1232573624
1705136866
1818707056
932987517
156246461
525660975
1065512977
2143224660
1163635720
739760391
775942128
1324217605
1439681460
270263619
1754980620
784697106
1264189464
542352732
284209284
97271069
1814565021
597244118
1324942783
984869734
1601988785
1250747209
502721708
1545076961
1816068308
2101769484
771957283
873994483
1412597455
1563186305
455836779
1940369097
1123981061
795185656
94489045
1340042325
1899690210
1980305473
880000901
1772760806
87355504
973237202
979989072
1164933987
476501768
642116241
1858716609
1853799460
1252740389
955735614
1879838006
345653870
976779092
624722815
352686888
246850953
2122635335
1597114249
1275832967
2087893374
1535015433
1401093736
317690436
1637218161
1259747405
135607277
885465832
665244058
1881939423
1740202289
1531287137
654839002
2089215803
108327113
723110366
581163518
516938813
1198234504
24869840
1218250899
1856852717
1799997419
182921232
325733731
187256189
720713253
538985503
784676492
1471595853
1155015368
1359723911
1653999420
1165972778
1005824525
2029042784
1830769931
38540440
1370019264
2068564976
281010421
1333237316
1651793866
1942006634
1850656242
1325669276
1364185948
821635288
1392359220
441462650
1839945397
1032030228
24029181
504691195
2141063057
556341231
1155913498
494714734
832533551
1222489971
2027345919
257236073
1568365309
1702047045
102421377
600289525
333019874
1439126309
1804065321
1472007400
893771302
1045575568
1963246140
809029460
1438820865
1844017028
540191557
1085999891
1194532032
677392996
1744626011
1663181443
872416398
1870600689
846297589
1053387857
1020303589
398868600
1238410342
315888493
783761553
1352820491
543574007
1775813661
1767927387
425307623
1445013919
1520031789
2135580250
957327605
546599777
54449221
2003770836
788462188
1573132098
901720147
1689708490
1753658771
1701455846
435897639
1923055655
1997269924
2062213318
1400912157
140892038
471065805
1301198864
1195582964
524935578
209823568
1886745627
736428478
1238968381
1151962825
1839914629
1784952048
1210795289
269997456
393563884
2091435928
1078201325
1704137268
1644160837
1009840047
352440189
1882311463
965082076
946795141
901434137
1500144250
1807925480
122055514
462641863
1341569982
104855499
430319883
1212632079
140058122
131069411
1268577512
792408420
1541796889
1974140686
1973073059
969884202
1250831506
1777176001
284457317
2042360168
1818238051
1630847675
458829307
1213793548
1173415239
426759787
751679021
582129621
213811816
1750140381
2099409199
752619489
238730526
1370887521
1170288944
967291859
1471245268
1434985146
441571857
392833184
717257995
1117004032
1730476336
962314743
398356601
744028179
448186466
740175691
1700003913
1516102076
85077503
1368108926
1020779654
1341341281
1266838550
618501419
1774680721
1693039460
1643860161
789218704
2116426447
1315915034
822794644
1352236054
1169901153
8314468
1545886767
950877311
1765549836
1271404523
667182579
828145067
1149188919
860127484
1114481873
707114759
772802578
1266486269
435309374
1997675154
1928367059
1231487115
1828880706
478799246
691032603
794801458
514823345
93639104
1264397432
365423304
2006760048
1726222690
63942916
766722918
1779520248
422567854
563462442
883814148
539870170
1338593279
996113033
1080182704
1296242806
1969333669
1668748272
160020331
1977531343
1267932744
9586826
581951904
547274108
1447803126
575935252
1585752641
829961141
2037982155
532650824
1516852352
1356885132
501062204
499734366
1311675176
1096990782
1013456384
180454312
87884950
1807218335
1785140378
816001627
1967076438
1217483188
722662280
646272366
846978142
1863872349
1826571521
211764380
1409335265
147215407
626716527
749232515
1965693392
1237782878
1909279081
569547758
1150826740
1841600472
600581227
1134147632
300188578
1791650415
543135765
1671256486
2097200408
807207215
1351284764
1708782431
935265916
1887096782
2011102929
1370808537
959362414
1265238338
665835084
1259473121
316783176
2132089452
206195253
1324190875
1668280305
1290393074
1068370991
1138369699
994660195
30452523
1871156448
1187835463
1589485751
1284018738
1896008609
1529449206
162522090
412727068
356007616
235770807
2018855726
864742983
1594447468
378045136
943931631
934337481
1406962758
786257287
2072875872
1227546632
1651593601
1480411140
1684897729
93387624
1855188402
2126458197
1820063537
1452735262
141836348
885851532
177542955
1318871331
1332145743
1811518467
195063710
283482437
1082599330
2135545792
1817792683
1966222679
1252510638
1687840755
1986787836
1487719049
1826970019
1711724188
2104501696
401410514
1754707179
288971594
2115438912
1141902729
1492215898
862660605
1927972128
1055663636
1259778543
1505880621
668786484
1362415543
453591370
616372708
1682178043
1009220494
1373647529
1252907270
928042428
204387734
504000672
1256080561
356704060
166746597
540952150
1966684863
623009817
1687464698
2036567157
252818793
2068684997
1440693039
469990072
1295580933
2051370018
1678752586
1563412490
1074077679
1618664631
227532852
1711498078
1398605958
823331725
1884598721
712617741
2037782861
708874922
766293166
687720676
180800307
2073591078
1075413417
1449265360
1257003501
1095229166
1122663305
1820885033
1291678334
535358997
733443742
1904731030
941754328
1669994450
2142585634
1579477404
124293021
15149851
122367184
464439240
131270910
1232884443
7315853
994973812
1234849732
1671182801
1027821888
1312822073
1405902189
2058244617
1397045447
871145969
1272068718
248502769
1836001793
1055161447
1865712023
1977735447
397509383
1027413150
960591765
70774407
1706944120
638762427
2116409488
1816095417
217835250
1641420687
297377269
1211354940
1593816988
1947232453
64233038
1055747551
772412385
605761957
1653541196
1990754709
18460728
1904337282
982901223
837729006
67741214
84490439
1721219228
1093851695
1329425699
1866891672
994772949
1590530315
680661795
837380391
1364178023
1686406656
1037403534
66970519
1337545781
1563947857
50322913
1075324036
558628082
677444508
1492632373
1681086006
1167588611
1465019927
602542838
917264740
1380253826
391074924
189670060
617379741
908280927
1395016749
1018367221
1919717975
656513441
1219890677
1116183443
771225751
2016484042
1647313949
274038946
824094009
143365465
1505080087
1602334946
1333364701
1491061097
598967660
1571737906
1172257390
481739127
112684366
360433950
1171252560
1092068417
370822616
715631759
550339622
1227064009
1095007720
348475041
307371325
473482361
390160025
45870994
1895382424
1061548896
458989399
444045270
1325460376
644729498
725313953
713216583
941546056
152733903
1931038303
1072469881
560547651
1060939985
749498078
2096651307
744459587
1121010281
1864891236
700667098
513086790
1997436203
1770242420
510206065
1019342942
1255694214
369959841
2137205786
1420231702
1283933144
1652126982
1812021816
2045268860
833592766
403198569
1628362349
1163824848
1889995113
1800680172
236962006
84521928
386727724
1155074669
1673017942
1734420604
1858897169
1167882107
1454312464
2077907699
1778129067
476092150
1860568046
1120243532
1070805736
2130851650
467918943
548480642
767617052
1924449575
840697117
1878935515
497370658
1616505928
182676268
987133688
1969697437
1037600063
1146576350
652230769
1589291867
297143122
2096215827
1535756075
1007119060
1424978898
1632595071
639802428
924717774
1136779544
753492004
1491790711
401219362
778128149
491554270
173319831
1991312024
774035348
1105039388
1754528003
47378416
67255314
1367700908
770108995
981987578
105194293
2129085104
1347474688
299634149
838152172
1880409773
1652852913
156722837
966318117
121557443
604072936
2070626347
647819558
1605817078
1050246455
2030774442
837052297
149080491
2085851328
837382834
1334918358
1956748333
1485002840
1170238307
972129470
1194132847
2057405527
637914213
422362098
350710733
461956864
813435908
1014592158
1775702794
1256334471
1936543093
1407771782
334838623
1767250370
236311353
248887483
604954537
624411505
1325397399
610059001
1373496512
1968771105
619822923
1150959776
979151849
357213891
95187518
139701070
809704033
905792455
1379948138
685628181
624642074
104607475
926635231
1964036701
2009933697
1784810437
1839136996
1838558553
157522046
1050650242
947048757
544526112
1447196789
164155355
68250476
1762395751
2112643465
411416891
740033402
676987874
779086561
2090402735
1231876435
1426922547
461331490
1447531379
1788001962
18673551
137553405
1031131669
158273234
1931489516
386175457
2103355720
1000923844
1575315176
135674576
1937973319
1876417342
1017159738
893714766
490087909
918960904
585479629
1930611830
1033285933
822184786
1564890238
874875432
1484980921
1364059192
1667541107
1680146525
1085436052
1921907560
574563350
1497047451
1817167556
997341915
1929870509
2122839683
449111672
1306739135
1201575576
748244616
1216933325
666915190
728808230
277318074
491573820
1682983094
562631188
31190465
444004259
2043408080
887683234
1207572452
706538989
1053978895
102723668
1351433800
1781735264
478483511
1650884417
1251152439
924637572
429210669
416283676
2700695
549698220
1759513524
115924926
962549114
1552166435
1164246613
659674732
857676755
1965900019
295239257
331180714
1608272453
1672264020
2003671280
741327803
1196584983
1533344432
2029785715
1289851315
205180229
322494544
834550983
1114071355
834409648
548559013
700125656
1918382305
1333714804
1877682995
1697330245
1631699481
233620315
1705767709
1677301786
1659289556
692919909
1479276618
122074553
388658364
827443591
513618226
1272498386
1984916233
1817642101
1121605447
357154192
770306051
1295846552
801216514
1189842390
448599317
1970729242
10816649
1592127646
709388425
701584929
459457017
2048679297
582369254
548206873
701021270
2048493141
1958612450
1192486953
210107917
565020914
646700549
1011711687
1622162977
1799240460
678801373
948197735
1366726394
689771076
1708723159
332567119
1150556102
1521240634
159828929
1522252165
370786955
2027227866
860401882
148969963
1440096459
594178233
2062287249
297008481
1587099858
1672575382
645269731
305316392
678841759
478410499
2019225930
293122887
1737585516
1988413724
358421860
1563801125
261989085
951960438
398622754
1243742007
697341121
669236756
812644009
944971732
1876709510
1988326546
1775535560
1796923172
1246951232
111277413
168176919
1491955767
475526476
470123322
950002088
282310451
1187669156
159902331
1400554092
21458853
231147972
1637969135
517994534
321005048
362607923
183207297
804150020
2141525506
1622569904
1993139736
1111922655
296689852
1785239290
1190408613
641871633
2031561482
1530282300
1004344381
514148077
1190418361
515390740
1668512602
2038492127
1870835334
1084918847
488820806
1199241249
1500111451
372750051
475739794
9075992
1939146901
1964868983
838136000
1359685705
1436889984
944975699
670706945
2071444986
2020999652
1611638735
476159000
834888553
860509625
1376736283
1112036444
1590366883
1210614774
560141212
610247389
1616130563
1104179078
1602692348
246123679
438495560
615194972
27202009
729342465
981626449
423268254
1562143490
599647809
29565816
856253948
292077423
1543941400
1549140359
772129060
1426577344
482242689
938108763
1655631694
716038256
1631142040
2129332499
1856858098
1721093270
2020970396
1015568629
476925082
2023676759
54737944
969565151
1548149969
16566765
1568004885
663337829
566601531
1379195979
891430032
424585099
1591050686
2086307445
264405996
59734561
640103134
228663389
2006773405
1748663733
689415719
537177711
2080654054
1149606457
1358128579
27420868
1865519293
1246062898
1454265131
2113555167
949341899
1865356186
3733755
744330789
684367247
1493431124
178251742
1474482391
1020320418
878416457
1362538663
1844865997
1261823509
1546666275
861351298
44554419
1394908150
68951974
618064959
1875213045
1500849138
1912082598
1012902861
1918270803
1923012884
1928049576
192216776
799553024
874621868
194321946
1564493097
1083532140
951091019
878751270
1012748060
965225399
909911786
102035767
1609898735
480012467
739688746
1822177289
2056863781
1607887505
467752630
1591022190
682211755
607845163
1173470404
726437021
163045667
1045957614
1467801019
249079855
2071235930
706353250
1982966254
146221759
442787297
21030744
338891399
2008841245
1945410991
1711731886
1956876415
383774253
1606117122
1295609282
1650121162
11429979
1574081097
2025015921
805734032
646058170
1265625658
999075019
1828751509
158149824
474349311
217600341
280131258
1093669784
1072771724
677083642
495636124
888515619
299890708
894000526
209284698
797937807
1558337681
257017345
1018865780
1025675665
16510594
1822631708
898397134
1816523585
1666493105
1710954490
1851742676
69426580
676844594
1592047880
2118968504
30087791
206951784
1232285871
1463250903
1884281707
1853130816
1293879459
1611881530
49733933
226677634
1875891660
1385679672
1249705558
1098877756
117978317
1796546873
331255853
1819321949
474006829
1469166229
1452811977
1755773796
190803241
28384411
1362573050
719050285
1468190740
191949997
837668790
1591269611
1840152937
562911112
1435626810
1118812723
1692606065
25879201
706782150
1846448692
544610443
554566059
375847918
1511426309
1454348826
1316473397
997587613
627431448
930189328
802094961
1900342956
216215754
1133609490
1592711183
884784666
1801959963
507478856
887685192
1679330537
566622074
1894720963
1889434103
582203286
1493109433
475789964
1441471713
748862259
2128405281
1293011013
494508310
477381922
952044447
1341735550
93453679
1540441200
844163612
1315744663
538108983
1443264203
2033934826
233073485
1902479333
1332710177
1758522201
1006781411
1371480583
2112066519
408048234
1296199661
25564732
2118394531
886795932
92574396
1633127255
1573652487
141182434
1922237793
1578251433
273698923
384314549
678275680
1670720857
2130032853
1338217796
1845891570
296609771
1585870151
1201823689
703420663
605967328
758629045
622829048
902876279
1758755706
720133793
1518656401
1814625235
142539680
611884629
337518102
768574350
431871960
733904829
1749609877
401242801
1684360306
2000924126
1053939878
174132446
281043141
1640567542
230229362
2054908660
1352342416
1426797106
556630503
755555420
1899518849
600580871
748168466
302602991
1817540052
1111205934
1309275013
1577370499
1931336980
1314880574
24058101
294667545
1788031485
333811175
1957079265
514021533
1100103810
560694729
1244690541
1743268695
1801685738
342003695
413500237
482870775
1590568213
32244459
1724149212
1278401079
1661845981
502996622
1168299596
279560494
1442378904
408009796
229459705
2089210928
926075065
875653898
715832278
41511526
731050390
427299086
1679150344
978609382
1143075908
871812322
1894559889
507302798
154848671
1908633691
28992805
581033059
716813925
380669708
1278113816
1489727391
297256834
127777371
641595513
1188819548
424501350
2073109820
849299768
964274652
508645778
1545963921
647734402
1704415602
942206259
912967966
1556890157
547349778
1587363812
1988453410
1585853263
1363167856
2087441303
46170009
630662378
1539973846
1879932559
1074255113
983980993
1968549767
1645469829
763004427
489708366
1157452491
44453868
1151167834
1036569035
23844760
1882265933
256059281
557138798
186599899
73798356
757706117
875359923
198494568
1885054435
221313598
255050705
372138363
352817380
1049351826
491100494
2087358185
1822737180
84116576
770975662
1117109993
803722427
838378342
761026119
1117302905
1432075504
232212928
889865008
1804288622
167282745
1490676221
631806040
1080154140
572518585
1305886944
1766776754
1828986526
365419201
805905584
579577998
1857985731
1473828720
1359589436
402812931
1785534357
2009526135
1272570735
1690459784
240285064
390928375
1293054859
1366953123
1072917050
1897386883
1611212037
58564793
974378220
909222217
288139518
525842436
281762686
1733033036
340170841
1651682465
1747217440
1722404042
159630973
292481737
1702981531
865881534
1470940584
940844824
1337366074
391219326
947656430
1603692553
1107511638
1279502467
2065506253
1699017859
1232923517
690506
1479974767
97016204
61681983
650444877
68484476
1492506907
314637461
1038452020
2050256024
722580492
877217005
1644558858
1731230336
926867757
1641952725
1923118503
1922975676
1391584117
1334660676
1531384366
724582658
2091225428
1971186304
307421615
676713512
1273741094
1027883697
1226984172
1526151874
1533075137
915507199
1677799481
43324512
86558254
2062576233
1406755452
647309918
428601204
665317670
938476116
545347430
1882170254
475213744
1650233686
554904712
1146659455
853213553
2024838515
1320586739
1389296252
1793562125
2006110325
710353233
494067784
1915893834
33500585
1248855996
1887271582
16538009
59549590
1242758497
1021686471
1291291714
313296874
1368627376
965753931
1169864239
2020246389
173343550
2062755267
924542548
1022055503
1115956791
969434318
738645690
1121948694
1039000707
1383067418
107267368
1786427474
641768564
1322848930
113699948
2052731640
276941608
223600375
734693451
1615255821
1794395008
1118212533
700313090
888852835
1136216766
844109849
770892664
658009472
1421716662
1008719785
1724317443
1738698396
380058033
1398542353
74840532
1577867464
1041272803
347293711
1138654976
444700203
35156614
172644228
1780523307
975981672
683192467
2139078825
117817555
2125522459
908229916
563489380
1729383734
1671524995
1545712456
310570417
1773038049
427564346
451289069
482003002
843129559
1650073630
1563003587
690349579
1845131609
1177071956
1759564
210080864
475476825
18583395
1868711228
1118375828
1824388981
1059122555
613957797
1492385342
2095833009
1553506776
122175908
1846561623
63917239
864852034
1353863105
1800286611
355492801
1262922412
546426088
139487699
282280235
645931517
1675465729
1750044335
171346322
1688813802
1264396078
144631606
1565631399
1896569601
1873823648
1934486194
2069922966
753801668
1990324502
1373958051
226466063
1083224554
1207259892
1081120719
1345909998
1272048329
99287292
2138483567
1137480587
1324218832
1361458603
220738955
596644511
1005016110
469606450
1716507487
1071575505
1512028304
1279318031
1798850812
811270365
158913288
867381320
188124397
139282016
220724489
1754154052
600022286
1467107649
106871695
602552390
423988864
1795245759
471973211
26167175
1424779961
1005354772
1245854556
51632622
1937673141
1355899588
1233763625
551811950
1303988556
242354821
1827038123
176336636
1327884700
92144585
1659239384
564344620
286254758
1854348267
573586330
423628391
1539881715
769618934
2132060877
741796043
1370916726
1265157902
1036442215
1238153631
1491993709
850488700
1756081074
796022385
644697986
1689929305
642025910
902951374
412371183
1728664021
586258098
2100774813
642798044
1977574948
1712451528
2120742169
1354522060
639895815
1612269752
1184831082
315844910
897652723
1378107844
2134303710
1164085007
215517408
193526196
1564256456
768137199
626601391
754417138
911674870
1063705521
1335624760
991288021
1554796999
1459859627
889339120
1044229627
1651877873
1946546653
2124726835
1849507022
826710734
239535680
1965599284
232534314
610461790
1940050739
1314430334
2055486997
1449850078
2069029914
119135271
1257246381
281971970
1841510658
852765584
1615266079
544690642
654315133
391026394
1706184659
311937054
322900109
1240959976
56650406
1948362142
494635707
137199373
87384655
1169528235
516179783
805691219
1731422178
1854427028
1121120121
2095236454
1209303667
240941215
250601238
1870948131
364821715
921594780
941784302
852097466
692989302
531013670
1683835538
1168526458
1166301813
2092501880
1221983524
176621122
1889704878
1755542762
1093472583
1899106175
573390089
31610889
1955425332
1217090276
1206862550
1985187406
379829231
846044838
1341313618
62364291
1263954062
1868828784
1696620616
1152782254
547489976
121509355
1509353429
1498885559
1997237038
617524194
846302020
950824351
1171744643
122168852
936583448
956520275
1976158183
1429236122
2094419751
270113586
246398498
276702195
1992881634
1124010267
915371420
1068378281
1921240500
2101452592
1142781080
891862946
1461401729
843680302
2050072193
1069633030
565471566
1578013024
1786825052
286745543
1446650879
1764624453
268236894
130471890
836663099
260046784
873295255
1413823696
713749100
2033979636
1047585996
312842393
1068956130
1093254086
825190754
1843390517
632552215
1138619113
1705400693
1497930384
377053966
1682378661
1955612680
1396493243
1182161108
1650591530
705925208
1397402330
1997364775
1569151883
326995017
1659507885
2067666998
703324761
998080514
2026900669
935567999
5839581
1653697684
1554538274
850521558
1499622897
352852949
1579898095
1166200195
236474748
161404748
1404699964
1470854282
1292888455
1618369604
411725007
1901937925
2066047232
151109379
1637160548
975238062
1967707147
2009796372
1703460257
2074681721
394872321
227847873
866449041
782871902
1125039367
1436250013
237208538
2010325044
1751924042
2007803453
1466475904
1516614841
1195638236
495224583
808274516
1917164974
54776103
1151090210
1692052986
825379872
1587895049
1129600141
2147323285
870094785
322784918
425661516
1471134995
540265332
1985908069
949468604
783910671
343914471
1560912534
3047432
211345767
920522330
984527714
1834895028
1882398810
144401791
349151069
31493719
1884713564
1556376186
1521592906
1512346213
502992506
1934745607
766093723
521291306
2064162660
1117400507
2047037315
905358035
736302364
1230856547
1907609017
1279145126
315270970
1089250441
1787931084
1828393298
214790617
918308885
760167711
1996505441
1699067681
1061136399
1586690687
1622644427
1162243954
1130383746
132133736
1105709732
814248491
173388925
1815393999
1954610164
1006969108
1631169587
1206600620
257493416
1343234157
814516034
2050517257
1705400731
1594901908
1612155408
941034944
589217496
865109581
257377618
2119399892
1879658716
1860457137
2046171814
775379823
359474708
698835895
889137504
1539760499
1156842341
798468183
74712419
1428596158
154612458
558406496
368294437
709083391
1662899129
1654254552
1380432852
1305674287
316085470
827326987
1427343511
986833839
1810885993
1112247090
1907219436
58947581
2066416547
1447417281
41317938
1376593937
591041884
1128949838
988387904
721075546
241652576
1795349785
1013089074
1152307536
1538015752
502311996
202388548
1404853429
1828638956
1770073712
171189462
1828175982
729512886
354599545
494430864
911819256
1612867090
2110168879
421733279
1295029641
1641317569
371817515
205980444
38318020
41485774
1702222602
921502094
622115095
1455147479
670391137
246502278
1500683445
550559884
2066948925
2123229288
1167936811
1412831798
784860757
1068421962
1731229857
229302383
631879119
659628021
138479280
10987504
1273029291
234010121
338254298
1033989511
782163152
1185025084
2086530730
1601884199
392812721
472288707
1074696809
1640725017
1193256348
421966793
522324858
775924561
495009439
1182725404
635284819
1482479323
846610455
265080295
1206383128
429221236
1709042646
199442842
518837206
853856053
976487920
1771198693
1553743704
2119065194
1613394978
1191263716
1554422441
1017908609
708651488
317896789
1600190759
677384734
1439992570
1975905283
1752840001
1523763019
610471658
1476483912
2017712077
1112525005
2091749052
1137987493
1160060168
1391473042
532301722
777710227
1132230443
1827475270
1952005107
649281622
1813709478
2081701124
1618558280
2016804619
1715957756
1078654762
1529317523
411780037
359747387
422353477
567050068
570187724
974346517
1141448491
1033283385
1617784836
1079177119
451806761
195934825
1609943150
1062514854
1042121552
1851404908
1564235207
1302434729
1250090484
1667913659
430782287
2130029943
208672048
1399095265
1919939235
772363111
1700789151
774292555
1020904395
183957551
381230130
1729043376
68004689
678149217
2109790742
961241119
1102314630
1819692166
1127439826
320826274
1632456168
354895576
40632692
761795980
515952032
2129658519
970132958
637827685
327425062
375403274
595639109
1958451310
1111158527
2117107730
651331253
1900735186
1091493286
1427099244
1630473931
1462455660
1667488392
1711968643
377866631
585372463
840170026
507453680
1817904440
974706998
505760358
814197648
1904592535
561856617
118922195
1668416063
541865457
1931630536
1334591297
15143990
291794300
516170072
1467210083
484939518
1068145353
293223335
298225288
1600189455
1530561882
823482876
939714690
1542796810
1177136203
1780733215
40630440
1396854672
1182813484
414334659
405886966
2137044413
191022576
268534157
771475281
1721165892
868344830
1530574786
1981043176
1933517096
578802276
826376849
261616567
1882588693
2011199786
449334266
537388581
830264665
1433878469
408321369
203871438
1722230914
95503523
2091340945
345332826
1473513108
1371159523
1195942362
740578700
2012454887
686507815
374036512
259624535
462859676
391526529
1355577879
395031338
807014074
1383387786
767266274
1959021132
726719721
2058008465
858546522
2070070114
427348681
121756146
626297087
287948047
703102448
200564604
229745528
143639220
2015647358
403966484
693898184
280945748
1585411679
2131646295
299516944
667069081
180242974
1636673914
679740155
460982515
2013082975
954919727
239627722
1314590678
419611907
1898463424
1192863995
955269412
1522837715
2003073085
1643678104
341018795
165695206
213912275
1463669019
1927871173
1522244245
455582003
183172602
1130076958
1083167001
1065692464
1864587986
679513491
57177535
1922550380
1544459827
325661493
432107462
943962154
2029047045
565368172
596341725
2142166590
853053847
690659640
261311284
1913876259
243407172
893834387
959984188
301553965
1167547071
786571251
1286023424
1369462994
501712642
959733227
387231519
821009964
1479337680
139715313
1280050533
375199612
840877797
2143078202
721596166
973968101
1300085946
781167810
256937078
940575035
1310928374
1368367975
840468967
1093239795
679584885
813624629
1790147424
105656378
252844269
661947581
1567514742
816533793
545455683
692086686
117893547
545710837
1153464169
1544734501
1994701152
1516560812
1891222001
897212688
1291549303
580600956
1589542707
680551023
1957267081
552394887
68101656
216815268
891844033
715949233
1852213120
2095105160
501256788
477937809
175566678
1705589680
1053149597
712501381
355732526
649900997
1786008792
494078176
1709926294
713244688
850195323
1195874878
20961539
1079785751
599011628
834332921
834207056
1448222304
1301664099
1624719796
408837362
170627669
2063932061
1501173012
1868991167
1910305343
1982094138
815490191
620569943
550775925
1334419957
1652943452
556221742
1112577678
1090274301
1341951626
1048346935
1930601937
860252852
1900075821
1248023599
709594031
917472003
1429684658
1096961155
1894963301
1810368600
278995797
1938034911
396912070
352109886
464629416
2053301076
673901583
720323478
977388626
1724968229
340771577
510838391
901264602
702364975
1601073358
212387744
578734489
1758069490
813353395
2033029781
1924246221
1007104064
1152549124
351614815
868078796
789400449
15675101
520269529
1442606677
2091310239
1752951731
1552329399
119796227
1299414677
1407042594
1997613849
1338326235
735461264
175138499
1893241799
1343861764
967940543
187469364
1514838794
38327190
737013436
696502586
214371368
454989963
1651249046
991257345
36304763
1527863250
122944379
1547324801
1196067371
1871492226
659070719
1075974141
846030735
1222674219
1200356875
731437990
561839646
1460512841
1143722596
2007959644
1414001163
1545056210
92621015
92035988
2091734916
77716463
2054104830
574462805
857740937
680423623
1036272562
1496387419
1961259617
1346044790
1870453773
922661471
412110527
1290355228
1235480347
323155311
1676569710
2064313106
1490971165
337581942
654211003
346080568
1770819449
1939878624
1818452575
868715370
577413698
2138981206
129966887
1057676561
178028639
591824294
1547343138
423978454
1138783577
1469625278
1264177286
248942193
1692413894
2094317271
2038888224
82389151
2010866509
613337519
941821559
1653319728
903233878
762922222
1678516604
898734913
1991152208
1834037162
889291759
935277440
899471775
701931014
566407505
112906923
1012108832
1293666293
64151937
533572636
1942294873
1821835804
739446005
918269308
960081730
1099440854
411417239
1443627158
191467691
310900049
1730908473
1511954504
442706504
161512662
127747767
1417697939
348475999
708241957
1417094824
2033621457
366790413
847004926
1215564480
1968418565
1697091375
1931996092
215563974
2016520014
1564295156
370092829
1563585068
1682773622
214028542
1390366748
519321936
1359560871
7948590
485733887
1544429645
1556606269
342699541
1947693676
1365193087
1372738743
670646259
68837815
1393009042
1840626630
1143188586
1453028663
5256007
17657224
494764485
996558294
284845250
1046275791
898288863
207621287
1507842193
2092442777
536767410
710951857
74781758
329590693
613170813
2056474825
464211591
536928027
2002059664
1145683102
443459392
518179946
1385806263
863803343
674874055
1990054446
689519937
1425526838
1418552094
1815199824
1742275499
1613060168
1378498731
65556266
281216495
1409294996
810861705
395402207
135600483
920916841
382649993
654137296
1908068173
1407199893
1848594632
1158806826
1341227789
637683528
830094062
1816427162
1655103709
1323829270
1357467393
830826526
561827656
668363035
1952786915
1742599924
769803559
600957497
198273391
239267508
232732248
667608956
732914218
1134111097
1940545788
135187871
1196701353
1001414969
1149396332
1978348711
2057489023
2117353525
2133865146
233978542
1770498786
1533068940
1051685345
11524283
586983130
1892038379
1482307977
419752908
700150053
465165408
1631581304
1793231860
2040677801
173284172
681837721
988312481
1673735318
204562293
77548705
361978103
1942361367
1353881914
170420835
2002008920
558866870
978525154
1039731634
1547159302
857874506
418696975
1283680238
1440026847
1699465117
1289798990
1662093357
187501639
1200419998
281635280
601401352
1947745570
1859305791
1266456369
350591231
116803585
2144202476
491194744
317436554
2074813012
1727250089
1047510296
600733885
749716701
456519880
1120464178
836158358
1916297766
1041811012
1396540126
1518784742
709903145
2032238011
1016915871
932006618
1399557133
1669686798
936660211
739110182
1735478031
53035152
576953100
1693913805
1069831040
2063748324
1733122200
1661343374
360154851
40237186
1948515772
487657455
1271025206
1114295229
810304545
1204491999
538191187
1473040014
624109093
371251210
519191147
2054242022
1311727409
1025369022
2100839346
726209193
1093754666
614973813
444976412
1536122697
56738561
300052991
1169383482
349724929
226329701
694331981
725551174
1773632425
1010840216
957133019
232117311
109981501
346007136
675506107
983046442
1459329508
1596048147
1064938811
663770747
1443086783
1481373397
2129714482
1731247755
385843250
255151071
840031469
1302955337
794396902
2042559732
368753585
1152005871
1252697698
1292148473
892441067
834828521
2072962629
2136215966
1083042043
1597683417
1160711969
143558965
1358206361
84106681
1469405680
2035753891
1259769571
526477077
421136692
1711839859
1822551045
1432950393
556013487
657638408
2044514947
1849944811
1573116090
662287851
504676135
2144134799
1508967493
1631287875
1833513858
593391210
856901741
1652451938
1352626720
14623810
831789748
1920557179
169710412
1347370143
1932141279
1655181938
1501944956
493744885
1778006385
955320268
546301019
1873206746
2133824447
1443347654
1456188785
745604468
32266160
1376560257
500400498
1338359279
638415124
580246619
800323360
1131636778
483402397
1273397848
406727901
1257265778
1234529405
138920127
1022288337
538202982
2120680093
1263911105
2127935411
2044918009
539176057
2093209172
17991481
1735918998
619743380
1371428639
565399831
239986015
1047547290
2059775629
1889269172
916563341
330646296
1288003844
692682096
1724069882
1995394001
1348653104
324361101
80686270
1000274880
1563079289
1731835318
901719019
295850920
1283542931
1201560114
51403133
522411097
1227404339
872853158
1100205390
1761803137
82915040
582189442
1920051522
1382415403
1507559390
1234192394
1394714501
372237530
1270449743
1337062145
1546935017
1343673658
1917875286
988161012
1566923633
137708937
1263170673
1773415711
766277868
1194467714
33462761
1318970880
1074017720
669341953
644142691
470089336
1937632167
90611768
193588886
427432599
1126178048
55949708
1638451222
1443209484
1309774749
1971798796
1406239311
1137624616
182194226
1773576592
1239149711
386137484
993749933
1359823723
1818889018
1689295983
1159343287
1641616589
2065202720
1088296590
1999287130
525311928
801487340
1385947056
1008483518
2069426586
573974195
2129632212
14491917
1823801487
1818908076
836757499
1154469235
603974190
182296576
560375180
1013849161
1204094476
1740021942
1706840679
799984969
1754686931
165157841
1404868489
1069219835
161348863
265815157
1505548376
2000532017
1509378610
1414231107
1336945804
200631469
989068340
665945542
1568722618
1599088608
886811787
1504977926
482191743
1356624589
106850740
1855258939
96161094
341657101
1685285627
1066272412
246560949
1417034987
475588604
1087352661
836304313
441208495
92253622
717021335
211250477
1010967032
888974152
1831530697
1985516321
2118317122
826560588
333819868
869526989
989673352
1998010060
2124571324
1082321170
1193158659
222638822
2030683106
704530601
271694864
2078507511
11549447
282053354
207515695
1717859206
1473551858
1652485690
1424658727
1783268785
1336994930
635724563
1802552903
2073464652
2033031528
1136546986
1124318665
1009791388
1442779900
1656246847
1197276495
234974127
935222256
1916551940
2058418318
737266005
696821777
521039531
1459793930
1375422397
272567754
378356871
1140013559
131770801
1421770450
1779313501
36550464
1979618661
1937332741
903562194
1742100129
1022653952
819923025
325756777
1844127734
575126187
2131965638
723930677
2138022287
1379380559
381509585
270820646
1554504123
359774958
1934783874
2049081064
2092340837
1220650912
1313185545
76720506
784430298
1476839463
1898584896
321917517
997231528
1700068145
203389538
1711375124
1548945568
1788460075
1157791961
847946030
378039550
1258899901
2012226868
1121024429
824584608
1335720421
1070414647
1265402883
1347124594
112162228
618429965
1353049416
1741789163
1674524318
1628818328
1786994218
304357809
906968962
420250345
1691282802
2033085782
497593144
1507858379
699584815
1653322309
1438862031
2014383481
1941713025
292344760
99560812
960866929
834820100
772560352
1947765690
523032417
551883478
472990505
152350992
1625471805
1563642438
1649140628
251010079
27379314
1228125724
1027819587
582988116
809762612
1511786368
540593427
1047689424
1447264500
1184864392
1400296035
1517224449
732315886
663046753
881987828
2103125725
783305182
1950669848
1335429608
298748091
997769426
2103878662
1411593453
1687404750
1538336026
920991191
961130099
1123147326
2134072669
352263989
187516953
97610725
291652550
2120189204
801766694
2118768546
254903132
1642531740
1704324402
1037546846
283424878
1498092208
216669925
1036646297
1851975212
450359576
261450967
1442568111
880440147
1283684431
207494807
2085799853
1438842880
1942465258
213700551
542336971
369985190
756166563
2044946276
1846942084
1890081306
563325697
625803556
1637050968
658748108
998427046
1824508664
944386078
303865105
706307381
1341651121
1464127742
1969175195
877579741
2135101374
471912723
1619945738
574153351
675605780
2022924186
2051932059
1907245463
1024722726
848772567
1850603006
1306426467
1878035987
865859973
1197991494
398055215
858926048
341054711
845511674
483442655
734152411
1623152335
92111433
342607172
548718622
443030362
1451123545
966752508
577734708
1897800070
955779776
28067333
1064346581
1248259458
1403272460
1320216033
1581652685
2097380081
1877710460
808894055
2009938683
2045548746
1624670930
1208619557
1349941622
1252190416
2065473600
1321504110
322075595
1128602793
1132076928
789535236
1459041120
758033052
303682304
1099596642
613944572
109761516
584826681
1209669030
739923551
938178250
1168842272
1387659545
1725897740
1748026876
353626038
1482714204
822993192
814129161
1794576826
1832304433
1019196282
126738462
884856959
1833717732
312491411
1871946368
887063256
264387925
1311938823
94246575
739390255
620666787
2042741464
1974868243
3569589
379443573
1935717364
1708027493
1125542835
1381725159
1331445718
1738349213
1787583487
1599901455
893451080
1481174419
598868107
1704759595
356093256
1653931829
578321688
576544363
674098183
383087972
798653192
1158087508
1943152653
789876075
2069679695
712465368
1155237754
721715997
1898395531
939581679
1593627496
1045073801
767948076
1407215345
674683245
905501020
1631450572
828651123
429409085
458281172
1353227682
1878755803
1255671404
667226461
1906913552
613161347
1785187920
139035338
2128418393
1415315590
1288692228
1039275057
71909490
590930986
41691274
1665927778
1197094126
2011817961
1656360200
509836294
884031258
1225299998
1738614067
648426833
1976599081
297112905
1159502793
1970199908
450935944
1944087039
728334648
1670829889
1952886347
833000817
993936476
597358700
1928017097
2000974998
1368503654
1984352026
2121813315
1137923064
1992037591
1092342296
1585336512
1530565657
110284973
1701147707
391633653
1542351487
1967632788
180401536
1113058910
1307928931
694049373
1735224255
926222194
114726899
35068781
766057745
316469483
975471934
828128363
1664542139
1667779392
888561604
950992381
1555399637
941742394
1919335322
602125741
1897677435
1854194586
415256885
382764517
608771759
181806584
352034517
445142041
1704337354
1739675304
288683662
997441283
244415902
1218673629
829498099
1303639817
1171508777
1340743624
1761569887
1691843260
1546196214
1068602871
1420454116
757520762
846540308
2129339333
1465229513
399490611
1518972588
1444937191
1849471426
1242997832
1412101441
950357281
1214855857
379304079
996393865
2070318107
79657490
885360755
698506210
1329508430
2144741638
1840005432
1032830067
2125312024
1699527936
1904894301
1036071392
1287591920
672913926
1625546266
2045647784
911179956
1695440804
1331879689
1222073376
44685597
1456347764
1811501537
1009487365
1506972755
1784005698
877181021
252361152
82177949
1976212702
1422242363
2029904953
1758437680
1163560324
1638065504
1910665559
7692842
1583360223
2120680984
823063572
1985144214
1734171071
1162600828
578201146
228388527
1140093529
1077963757
1634361788
829052962
1099701813
566621629
761894323
272432780
1347786936
2080425963
132337908
145858564
61082191
844532495
963583050
1883038415
209997364
167311949
998702677
1338823994
351210207
1843496066
1153934078
1862883453
1566811916
1395301767
1724989589
1524828378
2027504997
763208074
1974695050
507991240
2086375628
345525399
1391980997
357143880
1526448968
1104865336
763591330
2130450774
1754984842
1333817655
1765949580
766588539
1025066267
1823741825
2106352436
395022464
1447456547
1447795239
1493231983
189131325
875183576
1101275520
1625370026
1510863246
494984833
907499880
777803787
1548916839
1211430437
601402795
895098917
60665088
467294933
1894165116
1473097814
806978344
1699665811
1815782175
1510810816
811507904
1599276254
346087591
498581475
850558783
1522786267
1036368602
419204820
924816496
1253992993
925375792
691328796
1256191036
671169569
736631290
358697008
2056715681
804557873
1072713120
1691257479
116106435
1300237363
417526787
1603626589
1029442585
484294630
731886081
1131699204
1992048327
42814921
407188759
189016034
685571597
1292221607
509733664
1336298507
1182053330
258731972
733557819
874797436
515095652
1510208418
632721610
1315459824
638474556
502140272
1585343895
1092756322
383368954
1638209296
2057588753
1060356641
1199493231
423776708
369640630
1836924553
1012676825
1768126835
1767477641
331058532
2115680041
810713758
1683672769
721457627
760319105
1264258266
996386692
536378394
1325801401
1018180617
1121887432
1343764352
972097568
1904609817
499483738
2089960063
195285313
850174840
1518648826
942336535
969796058
279920660
2086074530
1666876137
1544835058
1440267018
1613976039
71031291
223783939
1965492978
804616569
1865332487
1895148882
936000710
311739077
91875968
618240352
1206383466
623865530
506855714
1756700792
94574046
276926376
184637237
1836034409
2071459323
1295190339
2131748189
1306748494
1534581229
224284359
1337245984
1330553993
1282634286
988389686
254339831
1897720270
995255866
1525067708
481469447
2015596635
1917764053
1112054836
34219397
1110881350
1613606133
1442743748
1619800995
2134270958
1098610765
1208015779
1863886392
830547348
1944561782
2118244859
2063769837
137888771
415123901
735425258
1020908830
185693289
835090051
1580008865
1353697107
1690011464
2267733
1476683183
242332251
723711625
902667145
1809175640
1637827073
1400619686
1620620688
71642656
2041577325
1539387656
599813599
810462820
427616539
1605246320
803974517
588172070
1637961840
554414222
1867426055
1307364072
1604171518
163818928
1432084944
1004902066
2067334485
847554964
1636313326
1808427566
281548164
1310301278
1741369211
631186420
1061759788
1559978148
2119486761
519968736
71340863
1295634855
923256729
665019806
1587365208
163797661
659391545
538965319
155189434
1282205993
1449307862
22305829
850198239
755586285
1207140037
1976961938
1771566524
2088660533
392094890
853888000
519816089
1714882004
2044889827
994092562
1911209606
1874092044
266744469
587889639
1692025212
712418471
1715181392
1262466166
1199288594
1729822242
1745920865
1628076820
215929305
1653029385
874798773
1604990226
1866263123
577100894
1076601445
1255796612
1057606295
2050144306
316226275
498116382
1499427706
617037655
139313855
1259007031
740996986
2027346732
1617829909
381912303
139120430
1816051863
526659223
846778220
146504545
1469174034
352043058
2004272702
25226960
1744845532
4636256
1706666213
184965505
1791208015
1955976713
1945856618
580095934
229899858
671070230
780019753
1678501548
1505071588
419928213
2078804653
871366797
1148275929
957625986
2099843771
1144906383
1213713826
653481528
1562997865
652627534
2004098628
742013044
1191658087
717486317
69699180
2022848513
1075071839
1408293324
28257432
529094662
1907436406
2141154022
913135733
854666472
1286648818
1239504074
1182484553
164833757
1681844981
1319280692
1394977670
422051087
1400440167
1312302920
851768448
1081099368
1662508274
1657905258
889443129
61310208
31753255
311114941
221858647
1517219616
1262926526
2137027637
337704759
677124339
2100765690
1518418266
1796418074
212892105
375079211
86273693
1174913917
1526796294
875516493
1501960014
1380558215
522337197
1208114894
2028822081
2062409883
463632261
1380632685
1862151167
151045647
333396709
43903550
417048225
1963734003
736751137
2105238985
459052364
1295879186
94862225
4513875
2087207245
69658616
2054399802
1766134324
270667472
788413478
599389980
297085543
477341496
1618361452
2114491927
1348315169
409546527
167244625
96353147
216001688
374383082
1430331049
423280939
268953317
1195707655
593134410
1527427692
1087986691
106955974
77236696
1367391567
1854041334
1557613777
991663803
892637369
353705226
1953648201
1792192306
193810700
134462002
715298175
1869225345
1584819572
1844980110
2110009675
692905542
423641040
1943812624
1799253517
604700906
1360691514
1223245622
772474431
93021491
875380021
1836537328
20021939
914366453
2109050226
1042863526
1386620013
1919009000
39192639
722767698
1683444255
586847125
446655373
920231112
11150142
1717515626
2035592859
238133782
752239293
1564031726
934691909
700613382
135988077
866235919
1590884323
2143203008
642457584
60067734
1176071903
426984333
608845911
174245308
1137440983
341142710
628031320
966312405
740882539
1519680650
1659750700
1219434281
716492452
46949504
2115800586
1655643364
1521931008
1498172784
2032460349
920253733
256475678
161427974
1866057181
611824433
687254787
683703601
255847983
1365078730
1096487686
365219540
631966362
194269850
22638687
534718592
1908416323
1173906376
1922804550
1470948440
387231561
1690681516
572615114
582416405
262410391
1392188576
2047212081
1899832866
1758454632
1465663213
1629231111
2009587431
1001801565
1154743013
639416262
164082724
1595410483
219961103
42902305
752181363
1211276326
1594668412
31412205
1528005871
1813343711
920186680
1208089515
383999732
1236765723
319386845
787527093
883939324
1711962329
69445185
1681629700
1697018280
404255296
2147136334
1779261084
15445984
797454091
798259187
2119177622
248562449
21342385
1418913070
1972200904
149574805
875506965
273262923
1583082515
398751537
337613286
1278273833
5232458
191749560
136446869
878771382
1125159097
1079286220
1856604656
642793597
772547416
873514180
938343520
1598762581
937536397
811439273
347193275
540020539
682015129
516390747
1783580614
1643821114
272642209
236858833
27457101
633463942
415616089
1436754301
1557500372
571399849
1827673935
895094222
1775578626
538004181
243481554
485361615
917389
1211892823
1696971132
1802423788
1968322007
2088050732
1102621027
1809549781
125277230
1968326317
364370648
2032438907
665003166
1090238055
604156634
505656376
623312496
140730887
1968396314
52630796
635157060
1067629424
87578028
1023675137
1621020102
1873337837
1564311111
1309962927
498641168
990636419
95648313
876499931
67178397
820740448
986843626
1402876474
910542564
343900017
1080534794
1640917076
2053067928
1296895759
1451871834
695864964
740370043
1680703704
2036587540
758124572
764288475
1601522076
167183609
1008152741
152049835
700366447
872191477
892199747
2038477374
1380138972
516179056
1112340023
1211831714
342271544
1585117491
693253247
651320215
1363403028
1700995061
398999448
772116011
919002060
1070474626
238224228
230820852
458152252
1521970822
1476150821
605463784
1410701458
106672380
2045900456
109406940
717927743
1890335277
595589761
130535319
1360516104
1034701672
1214865001
595085969
909725497
1044338493
1843456715
181297230
882914296
189892981
1553940062
1565361489
1590526647
3187602
169128171
194311872
140756163
1644287997
1060593704
1493582482
2045454585
1814162898
1741809860
609868151
1410693529
1552389956
1203596676
1125426245
1033002291
1687454895
339324547
499595034
1507423422
683695673
12587670
1655626770
920062152
483487268
341484751
1935298470
742463431
1435067826
483797023
66562208
1420146573
812205748
406225686
764315062
723573722
1964383153
482796998
658586315
2016850955
446220464
1360210885
2137085885
1840312817
1473109666
892214354
122651372
1739615165
1451162479
1711295119
1382302024
495561495
711843996
336951277
2024982
781851470
1102187158
362445478
1043432511
1194109096
2093757085
1562102370
726948693
1793049307
526370128
204797181
1303960099
703321237
624490449
216227168
656142575
1011376694
1388758420
1370670731
1853427022
438247838
387629258
1923108021
1876605348
123698464
343228260
1920503434
1935374903
364516246
436408006
281012372
2092507631
2079516557
106592266
721405108
914782381
1014108065
1494744813
2076319694
1789570373
1382406628
525854042
1706329989
454798618
1908831351
22027665
947778076
1899502419
2050641212
1872688371
1189540475
2037858750
140212899
396190062
690612819
535885122
2136055711
1002994560
1387854936
1579485178
1933106365
1455705833
1252106413
2064220915
981827659
1563610097
1829887326
1969258884
446515124
1060914003
1501644038
2034903109
1968841708
986937029
197131666
43307438
389518087
303425574
1892692252
622144076
2141896930
105492802
1863478008
1559336609
1068941573
847564355
1377010382
904387737
1364284289
899572920
357750749
399092390
566347539
1615409467
1220656734
1599878774
820685388
1925113282
1638473991
1058065752
814226918
1742135940
19953839
1313853481
2079832631
1851741062
387013639
1710044404
675027397
1136024770
892668294
1551190061
331168494
747740914
1412263271
787613579
1592265415
1027407614
1053902284
1714753662
492997384
2113812991
752559868
1933032524
2016355610
1633251311
1936015817
1717740491
854645842
1766551279
1385688597
1059546301
850080059
416360758
536812395
116073156
1442031626
1289772945
1960503752
23977473
1253573686
1642867354
427936893
893540684
1805347617
2043718777
514767148
36432401
933085167
204199250
293340400
2096311236
1164159608
1969079370
1458811289
102248707
1428872024
1833561913
1118309652
1918397511
945635107
1864030957
752067818
1659382343
1559163574
1365036569
237875167
1394808810
140372649
1314949337
571486138
1073016294
1734828000
1721608930
1289694500
838007802
1937126208
39653964
284463018
1202777540
110008960
401480947
1707750365
99009344
1965983765
2091800204
1003749785
740529885
1751081039
802798926
764798050
1319660349
1747758466
1863477040
673032170
306174602
1358734684
946926052
675732143
689643888
160087
157009748
1060042945
1032495034
558844998
1526325455
19021986
812615820
738633489
225858268
1798157381
791026747
134915709
85232533
1787357240
1526949316
1329163300
468307387
106062560
1492588015
1747500164
1334776416
432238039
705803778
1481946164
468130604
1999395705
121179162
1896832561
231153482
953705087
2128096040
675945815
378346739
1015566784
947275920
1504639723
185956757
1923448343
930550103
1552878677
1169308319
2009230434
1165547784
688669163
1314963691
731175334
1500552230
2109214951
1931448521
879551312
2020175950
1942325883
1117016228
191312279
122461161
1107595772
365611092
1079256572
66137994
2001011769
1566067455
850145267
1250269929
110871023
1597740460
1594460572
819156860
7384917
1275579494
1352777386
1518625455
1499192017
602529801
4030309
303292865
348724430
1367492268
1280532938
2098129210
1748804260
906072235
1616007887
492831245
1644689079
1444217935
1441962437
1680844357
1785083805
1788414492
514879447
655200111
158290040
895079352
2072071599
154816645
440214626
369575795
1569009976
1990612369
1897578245
344447607
1174879614
1949500134
516209738
1420206989
1790260912
1922321911
1589852457
2119405705
1923841095
578603476
1306050463
1911638099
1105937218
1059307838
1015463870
672850836
220918408
1465161837
2145339358
813975034
1808573293
514871389
157601266
515539495
121956440
205366737
1085537269
439767612
1450974073
1718740453
473993602
671698685
1658230710
1998860883
11373699
1477390240
1068785066
1962839873
156887810
1754725432
578733764
798733510
62814235
1586281657
685967498
1161182712
659437074
1407897255
1992452608
1681747891
735188865
2067966815
298659108
2045604072
1641142697
404719874
63655568
1288466079
1587999210
92397562
1583766850
340510091
1030987854
341409579
637127801
358869832
780622144
475297974
1487094197
1886613811
685430874
2083770731
1235386593
1653938917
409030236
2025553101
791722125
564568655
1964063799
283234237
1014042708
1173971819
417246538
1807430594
639138653
1488964004
260678309
1398899964
1426649340
106821829
222208392
610477218
1719422328
628214678
1572108015
1102866996
1738357991
2119033368
1272013381
1386134850
1991291445
476387679
1662187832
334709209
1012436037
123692807
454506150
674996614
1679829807
971420244
668616372
64101128
512612263
1883890922
765706749
439526038
209714814
981339429
660023782
1971944648
566977089
1466502166
201758736
417357352
1006601470
408873244
1650701031
1435089230
1678289959
1928496410
1561991511
1048217018
37421201
1716258650
190814111
851274035
1648913555
1405287934
1211733821
799985110
802880083
1579142174
507272201
48238270
1730647069
122134404
1006616670
452494670
1659447530
718260223
407782003
424534301
821188353
682158696
927880391
1742328958
1610866361
996157743
1756562362
659144620
653803357
1895562400
1233134137
1069917327
850985000
1172051128
457133970
525749550
1408780143
702496414
1506166886
656879281
795967966
252176320
755242172
199176977
1570634714
226982027
1691469106
1569993566
1970695941
220356807
1788645710
1410305196
1462281697
451039116
1124747506
819386780
2008577932
296333540
764816110
139623043
393575851
873671423
817058480
1461466680
1596130913
1337554188
1197674262
580574591
684057725
19890620
1015059556
1093958412
1231282099
1379309389
1701354321
758069815
2059052802
146771797
1882890043
644992572
2066761525
1184765966
987401596
2102838314
891111302
992506199
2050283476
1347602802
355511901
1726725967
1110703110
501518597
1680887861
1304734857
1433776766
1690673447
920382112
1185789420
1899959855
675148760
895462753
907024938
1771190139
443610075
984282039
1425671899
1203547212
555286627
491392953
1558986037
1516097344
1661944153
1529752028
110823531
836534273
2026911308
104617619
1034026911
1118787250
747244022
414000142
1365749124
1289182341
231232616
274203170
333830037
1553759081
1646368208
588908104
1801240298
891025121
33903599
2059251134
2143507646
615276528
1401840658
1547788237
497810557
580884017
1537969097
2134151715
502601088
1419937795
413745708
977244511
1838556784
956531681
1120533445
1072172971
2127438901
631442639
1824983836
1784986498
1652878999
375407600
1030406110
1626620050
628735092
546380085
1435831977
282080446
1249497500
1420268847
226929527
94016315
1291221068
1588112902
904077476
1630308313
193386566
1588476291
1259932829
722955365
399631754
2071244359
761810983
286587425
1386627250
722372127
2133890889
1093783923
189367023
476197743
1529824983
1288542624
1172705180
607435723
1668970653
1790843565
1175856508
1498556836
1089949732
1662440293
1232898453
1040590623
2086965795
2121051512
1187431848
2091529217
578226310
1292210625
1694143563
1991510215
177462548
845004449
1294972069
8771795
1275966655
183034503
1735458757
1097549248
1259074956
1393761424
1846753696
1640560086
823148829
124134730
251508647
514973593
738512344
7930261
1338545920
1492417660
1249831094
1309983138
836099176
1868772531
2131462569
702475805
977696676
1136555558
194020524
1661101415
880919712
1549535361
1202422112
1675201276
748012583
160321641
572556136
1823001331
2057299517
2114409416
276589891
958829477
89251870
136212809
229410784
704513893
1965270986
1142742239
789756099
1103874156
2071678804
480514944
1613672658
1516789976
2057640362
1996658671
300875198
432662731
679592726
687762104
952207368
1300147375
871798617
157404981
438937527
1121760666
1007325028
59641804
949655957
1151219148
416633007
1369510715
490192672
316734293
496535610
326481163
1468576532
679422676
1042922269
672396066
2043010194
177841242
1071269582
1915036276
365087470
1360041068
283962096
1339129049
759579666
1319949095
1023661777
1177516539
359960465
1040503678
107467915
2101511526
242165836
2127692959
2067319726
713933762
655728315
580364149
1277261229
1050196252
998643161
1296710214
330022345
1485750880
1211655342
255245436
393275058
2139059171
1777698426
47918208
112734144
1909788444
2099094394
1339408834
1581798347
1517773172
390700124
161907926
1792793514
853835315
1241096762
1171720120
7200327
1735255449
575735123
727064624
1007970396
98552590
1635255373
412198481
972514764
943803505
230622753
1698060570
1019643552
1614253196
1655392418
262024000
494811548
956482217
474721710
251091460
2029221501
220950846
959770863
1177735229
1310699986
854005187
418328654
250509178
1881273460
35570597
1595101429
653801792
1056944292
1039613010
1953852160
2026934895
838831807
417412725
1612842432
1138735811
1604455328
2125571643
1816563371
972980855
1432314514
254605524
335156452
631515141
1376771312
569201911
753005409
1620871175
551240028
1908085403
192852927
448670017
291355800
577747915
1428689822
416138936
2147237380
611256468
738440890
1572149754
1288167860
13002774
1714466695
764200834
2003804717
138070202
1654302856
517304115
758721469
924152194
101324846
817496832
913132404
1383849595
1051953511
360031662
1085412290
1470870095
173974218
1746498481
588542127
11726585
467547740
957528115
1621394864
1850591120
43860992
991440948
1394855725
1855356227
1327069305
581770700
368681357
1766381925
1877103389
525536651
1242710010
1939994272
213695513
1525633024
1058432182
8268615
58553691
1744259416
288142618
274859718
1890152479
29808928
299121447
1169716280
462532890
1714830371
1308532426
450835482
990973244
1211689591
2097313968
1119616789
1206692134
1998918546
1592375491
78103545
1891419432
626752151
1789246017
1185059528
1741815796
1837208751
1030897529
1142548206
509860326
58452883
1976184609
1161044622
1813504743
1005905446
1902415189
498019575
54369538
1520187710
1281215024
1879918133
2006039941
1586324099
1066999809
19546565
1604064979
1234153328
791108395
2055502431
2053510341
1078489719
1924924827
1772613879
284972475
1059072065
1334808550
1180641472
2072808002
1000697619
605860350
783577702
93939044
683987532
747691409
143095900
240191367
1532660746
1177238526
2007367251
1714351617
1687387885
96686581
1242817994
1884885314
711248372
1642594985
161327547
490240917
1614116994
85544117
51487603
2135442065
818671749
2083175048
1940884099
530214181
1590223021
1568809102
1772274130
465629243
747868377
1866851037
735257548
188845062
1404540561
1313315993
1897996213
706606061
745672619
824943333
39655968
1424378643
413967633
1083932038
1511465594
803381123
1812379545
2111377173
1759719361
1455468021
15808787
241813217
486487635
259905600
795333474
829216351
1686866145
513398876
1822040001
1864696910
1725634178
446519825
1577177127
1156470636
585644004
1514685761
34524358
148992719
1339284893
502145743
1122002860
1550458336
195039648
910403115
479389836
968102394
1765006794
667354492
580571800
615040923
1346750876
1788701288
1251698308
1458216260
959136004
500852099
1161560752
1650807283
1725847123
256568913
1725440862
1565617466
938504532
1017911801
614458656
210226941
179805555
558781065
1794837325
1599881412
1659717911
1445492960
635350193
378110659
1381001238
1726675772
325437509
1671884387
2143947582
324635233
511648787
801597580
540188431
431142754
1191639100
1608711538
843522953
534209551
1682507796
807936025
801165087
1775800314
1993337706
166143847
351710923
2083564583
1219520999
840581859
1041757499
248921937
1280043661
1513472271
369543977
1059603668
653465950
1972380000
1380356808
772886587
117572894
1357843415
1852682330
1279598437
371267376
389933118
1866074590
1758258517
1416259484
1472491263
585666535
2026977175
1583943475
1795108259
82002313
1599416395
1046493642
2032244966
459160940
1057273552
52550306
1609098868
1161007618
1743872270
1639656
375425092
2119605972
2042249055
153750104
1076675469
347273466
482981147
701145595
1283292520
592962722
833183679
458651922
1586689795
630232526
1015910073
2001252362
1348457343
404392483
1204039122
1288234415
1458528615
1731096019
642231352
503485023
963428814
1638211002
1056246311
2066191731
1855399684
1397323915
2037176115
451606211
1924728052
1400951072
303663926
953089600
1568386333
1157559278
399655889
821158849
1624141867
207081881
1639420064
825653468
1479540530
1829765282
1876465662
1423593194
865756806
1617848382
1468628593
669055790
381525050
568624707
297310901
861158159
1505377330
931652155
1688117344
72538752
1271770086
955146139
595495734
1382309504
469401527
619200782
2037167371
1403360701
189504486
1244516074
1273045073
121786708
226372405
1162064580
97493310
1114810292
2135303452
901265951
616640411
368460704
916635048
931975743
1905543978
1341022546
2104735980
2118266651
851377332
1344224189
777403430
1387442034
1422630319
1563151339
392124015
181252085
1072836745
1818942598
926161693
192913314
29537173
1101173618
451069881
616417073
1282504846
409449367
1801326487
1391056294
1897736907
942667964
674449176
246440967
267832834
1920667534
195414137
239518248
1395564464
1173081025
107318357
1537179298
1150117164
702766670
607948733
670186466
1884311624
776629722
921584114
1022002269
584467617
1993347895
1790825404
404385762
479192964
505732100
1950605931
1359547399
487621757
1958221166
2131335272
713136581
1370779773
1902100762
1197931895
331862560
2125608358
624408091
302239884
791053310
87454136
1426755614
867558727
1813052697
587133200
31403686
1659739916
820301840
107491424
166700657
537969603
1918937495
1974013681
125478648
95256618
1044252367
464198544
833517077
536025042
1848032944
1697285649
226280383
2046515899
1167880355
875519879
1519958001
247962256
796330541
1461875455
139771050
1157986679
2139141573
1448780019
1823188492
324766870
1435018438
195315539
93911720
2093181991
1579894399
2039668777
740179409
418802487
1101373032
755343598
1158626860
97243383
2071104368
885687402
1008568906
389746111
1766584945
240634176
1237011820
706872740
43441606
432705310
1718613604
563554996
1902167026
1398398078
440216221
688963788
486885249
936900377
1792583473
715539735
2004279788
1766889705
669504056
1841730339
1981418421
384904153
993254945
797770145
759796628
1490081292
2014937399
1007243449
2064905927
125878471
1332044615
452060168
1840032910
220832764
863929177
1475699255
294221488
1627537523
642906010
517502009
961734964
918229655
721914202
2002648608
399538998
1018570715
389861168
138660765
350982864
1780916423
847021883
688081427
535436853
1612843427
1224872836
656771670
288910301
249975743
1689590399
1332962308
1990398938
1706678619
2059890096
1354642560
1490871369
343373370
2107603050
1393251207
767156965
1085234878
1138464947
1110701938
1992791478
1038483391
1918821444
1210901255
150725863
2072301806
245234605
1019533052
590809013
539337697
1340779924
1952342281
1533677185
127900092
1416055837
479806121
1148894216
809863545
750171750
1588152684
311852972
515391707
109852714
1725698811
1941013224
1932241388
571376005
1831655082
1670110186
363102001
447944919
1532817076
1021712188
153409643
1307297984
2071558933
1169123993
311982600
1591061579
2040666121
2097873630
1815507242
1311873832
1391084060
623836961
1604068949
191354899
552509934
796314330
1220456625
2052391760
2144409989
2007738687
210883578
3961687
2120355150
799105967
1552986889
1486632332
602604211
586296644
1120592127
853612838
1542868562
1795419530
1096358668
1748846130
540093407
1857176655
247960794
323617457
381761944
974895249
1941463448
1506109403
1035727199
122004630
2069832613
231139719
176052602
380735767
1226820825
860991906
1594672867
1756877210
606919020
1465512412
470166350
681989088
1528696708
641887587
951322805
1583330421
1673489758
1537842375
1006093472
698731110
929599512
137489918
434615543
477887503
1957133592
1910948479
1048174715
1799409426
1619941405
1897393552
1799359718
1449346403
1126313952
1881117853
1016616096
1510979969
1541516134
1956803519
997137947
351865792
1203569125
1251518558
1600319179
731779777
767903569
1156400111
2003317701
1983406337
300922754
652544222
1955772915
2080412048
1042958851
1222693766
1158426609
1740991963
743012473
680939868
1747849
2065063587
732676526
1352779820
1695534276
1536604688
980292409
1065209723
631814325
1754702045
341107660
379190797
40945087
1726430387
465594394
1704439167
1086083997
19616149
1337912418
600053268
1802430711
818033774
2083978396
81339533
1368871070
637163728
2127799616
2046987312
1503531107
244959161
259503791
725268203
149828499
1931342218
841061694
392910227
742785808
712600862
955760612
1165455940
870114572
682448369
944691070
2039547628
1239760483
260381563
511479997
1327118820
356831126
1024897952
1792514734
1072857781
1129031519
2123776574
284894180
1083316472
1499030774
648767464
132466757
1759129439
1281500128
1978108330
1517441389
36084944
1136659311
1700758539
1420514241
1679144359
743709658
1675647761
1442664980
1287993117
4748025
350067070
1683403249
1527727813
1752162972
238104857
1106995844
666937394
434262666
1378864678
1950152743
368143030
582158354
1267838967
2060041867
482046278
185961807
123680924
1452811139
1369331321
1855427067
1200719285
1059867752
1226198703
518111216
982156393
1639712813
711182926
1012342072
621613679
1176702976
643545640
1888105936
1293213257
1246914712
1937012728
1819862783
1962334353
1216892449
960591116
1148405325
716056684
868922562
1800401148
589282849
474395931
796198856
1358502552
869669371
1058371248
449474929
962731232
204266570
1828708317
1527289173
514374188
951048171
613864168
168511349
21182317
1861003070
1667150778
1808820697
788822410
250690279
1550141719
1253292777
471946988
832723487
694107881
598539851
908214037
462655156
85081013
1977059954
821852779
1122473635
938318639
1370547403
666919955
433591632
1786970088
1970058880
1887313912
1215618655
640749093
1326908391
1146646251
848745523
1977991627
530722955
693461733
1887958016
1954738551
1510799828
360109415
1495386511
1934012587
673526358
1042326018
1421681807
1640129315
363767731
1240516339
1424066962
1434874693
662846765
1041083878
47216811
517324214
623895756
2091974363
1047544737
412279817
1903083815
2105114405
2036059599
2102057106
986798547
787783312
1788358556
484644186
1600679013
200832156
877057939
52891691
165512231
552669156
1161454367
1448582602
364323411
1229986208
1178470628
521672260
1435164942
972812104
2042826428
1807756384
494836453
587953234
1915053388
223775286
1430274299
1533935124
1987060546
1801938134
1999415768
812833741
1092368943
1454070056
1498956491
1201282239
1531928315
69600213
87109112
1926256244
793165833
807986775
35714818
944852259
1031324392
1100892983
1603053653
1946779689
993174450
1665727311
1970580240
1452063930
1386901509
492877388
1164082062
1438120081
1766553499
1262518320
1307106448
2130106082
420146313
1306195475
2052838152
520706387
645139729
1568275435
19944581
489447197
1651953955
387069312
1783116341
936358997
1652143479
541580418
837642908
1773048649
1381948992
4826550
1846062032
55286276
1018588045
1677690698
1272017006
2090817003
1490778434
886461002
24297758
1968744330
852944045
130953516
1736852668
1904238697
87724488
2105621893
578283819
1220910361
1801030154
213417695
1182731955
1179549004
770502378
720946338
1853800467
767622175
1929075184
911600942
1030562088
846318202
1666704506
2029145098
1668996663
1533226384
367505674
2046361911
515245531
1746666369
1857056837
1690121119
1861244805
1736388639
1663040404
34947243
619163829
214815695
1034207058
690492143
766501557
604163717
1647333038
349434375
2143804170
870068465
255400737
213466492
1807263876
21978553
283502987
971547872
2101053146
1206828250
2111651562
1851494138
340572928
420741940
1616682682
215384604
1373874698
378548255
509547749
2143322000
1457861820
223511350
509093222
1039623216
1139540398
453626932
1526717310
1675132949
1314062360
1398249210
25055889
1572190055
1831406912
870503856
1972417181
1927454291
1945716348
1385155331
1822898776
713695772
1883386342
545068686
857444582
884240712
430868381
1933698387
1863858484
997061883
1464141233
2053597288
524132596
888884576
158423221
1364710319
220128565
93545283
1621017307
1478444734
351798942
743948476
1119734731
1132405213
1981867846
1700037381
1108927238
1696229677
1314655283
341071725
435191538
1191835622
2060827757
2137658725
1612046977
2098292152
605534144
458794937
1053053826
622436435
1476353802
10163929
569060228
1050958594
1636288582
282699348
1670892898
1304139378
1066850326
2000033636
1792354672
328376978
563354374
1227375270
1741101632
1908546705
1946269795
986012388
1369605137
1524534028
205224119
593447692
67616982
1413569090
1183152607
328122689
2010350301
861280894
72600268
1259444495
139655205
549061270
1540212946
345011897
1535809589
1528420496
1621342383
41518510
1066116794
1260028514
1056617757
1607167002
776672417
853188818
723168522
956999065
95226349
450868860
88853371
1439471367
488833558
833060082
344736508
1835453811
166659358
46017022
303896257
2122709553
226305841
2017756930
1391729501
1490509327
384637175
1247599744
1821051166
1252554144
477639290
958649270
2078743044
629921972
259850927
1472893025
229789022
567238376
759172515
1413047459
477563648
2013182808
394396483
309764352
404783137
183427444
92690632
1409491585
1399697366
1593943272
480890557
1771462907
111857958
429270717
1574374829
1799217001
174339275
1293009278
597697391
2080374902
310348932
733365906
1713785605
685793560
366743065
280329897
1659242805
933493590
1441237996
1757347665
227821481
1377137450
69090617
1489274792
1293531320
49155969
181178347
1543648812
1594125786
806224223
910556697
748358063
958147240
578206495
834240803
1903116133
2059705992
564410840
108780646
1599684639
1461800702
294535900
1873385878
215412371
539073676
1726527322
973484225
1752189137
374860866
1816805411
110851549
1762225882
1483055078
1725084553
1299449354
853360716
125183681
1440659299
1987907178
1698620214
660476162
493633838
1288136346
1603511818
622309331
1982576205
296065229
1683738288
740649974
1928564337
1629753731
649595063
997891355
1032354325
565334250
1656898726
1468943298
1921658655
153589713
1986787953
1841817543
368385453
523971140
1820385543
1277992336
824930022
279962057
621563145
263492559
83611660
2020895029
651200661
513407987
868395924
1349852205
132290111
921206577
27955820
1886528565
754053409
53621290
1163573082
92015991
2120940552
137877817
1714323077
1113763090
295432657
19195740
1954497293
738579227
91179212
1499218363
1824101590
1773462068
1800117084
22639066
1493782627
960628423
743983009
1215991896
326898398
968845280
1793529931
37868130
1370467379
1386761124
1379297425
1734493110
328880475
1293797746
423908667
1616500567
450130102
964576149
1596107993
152279243
1260923537
1184400035
2034528533
2108647435
1982369735
212790389
1102633766
616122897
307423365
1661792450
1901393244
561051640
350119207
1119380826
1334574041
434304720
1879227196
1969892348
138925664
723460609
340021425
1360337878
1117134148
1852650072
39630594
326617239
781400962
731802547
515922089
1579508017
1824808939
1596209989
867064477
2075885616
2116685689
554053767
692442098
373188531
1574980292
1355700924
2087427484
309510915
272521357
1890170142
1333664850
1277405142
523724663
1475013546
2131265165
1026896161
1096702164
1299735173
2130528432
1892658580
1401038493
705890826
982993218
1651833784
2038265468
2138188145
1945890646
638668193
2024475651
1552476701
1697901836
1672621647
1318710272
2072841601
3076144
992101031
1010246377
1478678448
929463040
248897545
500187249
1778964609
779503371
1107047054
1244707388
1667161435
230994996
1019890911
2144176046
466482595
339469782
533797813
966093023
269226943
1178357761
553965289
1253141163
102003910
58431204
44837431
946362855
982948037
579781187
794226579
613480366
640693680
1452074790
31454504
1554637017
497233635
1101498772
1929046249
2129345164
771701588
954734708
1585914838
110450158
1162314839
1838548372
997306061
746626289
202843918
507452358
1560050442
195443279
1774985835
202626340
560359485
538840725
1232002019
191075187
131027527
1896195160
1787102385
1939913892
393019536
1141699974
1356941764
1788009848
1482256647
1327559640
1173215303
1063064636
1087671
1056499300
59138251
1591813555
1086018562
256560720
81191698
2011938321
474407038
1681663135
2139040889
1755086883
1722014313
258433839
454005508
130327692
318592970
2057562811
896669440
782306090
99113765
1455749147
1083946327
1971372182
1410693081
1977449101
1402229876
1723275722
1838293530
1784790315
991974864
1187555294
784647303
870118780
733836826
557082091
1504073063
1979705637
2010465791
984523536
485344646
1219427519
211953051
708397715
260915878
1787370948
854084732
979192863
44492706
1615206820
217253967
1157826091
446567462
1633817589
970914857
1931719803
1925465603
1056239047
29149812
1005323457
1374940724
124751893
455357300
84415324
1859738476
1852189526
1208373877
433271360
1884386393
162373172
1301169043
220855285
315071352
771970388
743054373
1606636728
2054665874
2019169875
122339272
324869057
697234394
1255884755
285719555
735276700
2012579484
1423141033
473756828
109412537
1253389731
339314744
4885111
207169791
504640811
23900635
1350305573
2069784473
1429825148
926899578
312637200
614876630
2082912042
295180095
339590210
1299485219
1722284521
1693429857
145490893
1453988408
2082484997
65563425
454748123
305997141
1250226822
1128182731
451176530
1458573472
569832926
1049303292
825918499
38932401
1340140363
1255560419
1579605295
1720988457
1610141904
972773823
361787608
352122749
2022574282
1482716008
701501216
1759952336
366337585
483373066
2029836926
106541311
252301934
1632100844
790936134
681031862
1673965266
648195182
247024042
1618558143
1573974970
1761685009
1748528495
1650694747
1657986878
657979824
1528846899
1678659016
74573201
84685006
791770452
291107300
249369849
1646178566
578624128
1431066600
1012105066
1929340582
761720791
49748309
1052337088
640808537
36639423
1036133867
1220833432
2098073591
1685456707
1734995925
1781734092
192470145
1527772200
605616100
1267245450
647633193
1510692238
1686019057
898038289
956731787
1151856703
247540068
1220115719
1535298298
1774022552
667375058
1165414265
1201394421
1163769873
1588944831
1248731503
570507961
1861589099
247216518
1052474411
1290447344
74392437
731725902
1312848382
402895495
1535351930
967516476
121266632
1451061149
387940427
1253617319
1952727050
1377331607
1712968931
1081116550
1728264105
442636624
1797818812
236753639
1235543106
52012142
1183732399
1175613848
45828133
1725615311
622528385
300558312
2067750894
686499107
1952330254
1383489927
1488655814
1635040404
301733142
424268170
1294790195
1404736415
244323743
663441548
1841522840
1896238086
135008517
219314926
1226026318
2052302302
2058537379
962638142
768525149
1026915268
1128543263
572947637
1303521238
792268844
1666518861
113474011
824459471
21470682
1857540290
95357765
1815791099
1867726185
217288695
1243231870
359717095
119230984
614873622
696200452
1521755851
740675397
2063202403
1482236777
1850478098
2051918337
1001018186
1795635354
806576490
547153540
353647617
101142333
2016215678
1655461289
940885721
1398922035
543501911
1889743673
1739391014
275629373
880080205
2016622422
756934089
388212411
83556523
147967247
957755223
1395244942
1691625438
704299024
1111240424
1219897375
640735066
749392763
2138616957
8053114
2146315017
479441874
1837923855
1613202833
2046914161
519034379
1246256689
616987047
818058338
326366662
1155064673
1333241028
1547483224
1355089050
1821960687
1944636515
1040128883
741637259
191570570
1384896812
718714640
158476184
609302372
957179355
1442848515
159485553
1534581249
101849664
711134580
28467271
484025250
1072133215
803508819
113132987
1989104199
280805816
611483769
2057548023
42110055
809708192
968512093
1283218652
1763767592
1314902477
1395089519
1770474832
1719663451
453585394
661119764
554255034
1102998776
1956168574
1660279359
1722004105
1912043856
1642919049
630756521
393311982
627796949
348773578
488976556
649693098
1497172354
824141759
932188353
1249586689
115809001
793906928
726064532
1671185870
654068951
1954430540
1584025537
540622256
930886053
1074420914
1433967406
966764642
1370148126
131701389
334296581
636965161
1820636423
1144113302
585520460
615179622
473985105
1544067260
1655642402
1801479499
762207959
907070242
1570833047
1893903786
97719253
1755703613
2029808937
1591774441
1789701348
1522356510
679437784
536540434
38948790
74281680
2071517668
207813895
1051039818
42484183
392017707
1969324754
1631609323
609483991
405370905
1118658843
239465646
79531350
263271755
278022579
635781530
194109849
1781003971
179926861
1737127804
1266664107
553950922
906397772
655940171
620349565
568682590
126743735
418015025
883437096
43160407
609202505
325152566
269772878
495024154
1144500644
221311629
1622441885
1959976184
336534438
1891837560
1654280565
677054244
681844180
2079469532
1089140898
1802477903
1184594675
1581104223
956612674
2023698914
1161690294
2003354680
1375609546
498563800
1346707346
1066753691
1863218979
893107509
1615686061
1294545600
1889078767
1765898790
407502581
312717196
991797483
1446636470
792470604
263705567
425530989
1410862890
1504347104
2014179705
1840233228
220642043
1761551512
1940812937
771371870
1902107245
1160783532
2010995156
1073776604
315459793
1711699788
1941871998
86691043
1963943507
1041681793
1024887929
1799686355
992616577
1295278608
1803387527
461118042
1626130521
132773018
1779252973
871596235
135737357
1551683521
159816118
787220648
1722165845
491167365
1104216992
716275263
517875057
787350701
505535144
1736812655
1618623418
1280511072
833633581
513863052
74281956
2030279378
1681565123
1799693400
461736659
517815837
1215183255
451228466
1469726998
256165414
1863603065
1538015051
476694020
20003518
1600746892
1264143890
1752332913
709812425
1741253509
1066425010
144958734
198713497
613353379
1250951601
121918043
1049444180
977437740
1137378489
1954953800
1234238867
1385706399
626460788
899687792
1694453005
972147067
160829072
2137746408
1274310505
934225323
1310084578
121227209
1032712240
591408269
1769745062
1700222266
1582566370
825742749
1283731684
2016295480
1653683751
792279746
635900656
2128269286
663130399
2115637812
742903304
1238550411
2017937362
866295050
7616288
229598509
275897804
931771485
121786810
382896584
438150593
38551322
22606573
773842730
1313059178
1659501159
106451592
1124030317
1657646195
1728454322
4148305
1391653393
2087335053
1711868756
1437872998
853219510
191717536
1145619167
572799429
1395414388
1132284188
831562250
1335528934
1384023256
548766572
1664965429
132149383
1184523643
527016587
875094170
185181312
1663190848
350088880
343050003
1428470483
935605289
1884202532
459950978
159177929
1244630231
2140223796
992658656
131257901
258847389
513807171
240905446
1900888506
878508351
748200695
1305577809
1270602133
260487755
1010594707
1742381013
407375346
1258095636
755059045
985923234
250422226
955907655
826889046
98993037
473185771
2034417196
1973134238
2033871834
383046056
292611196
751190427
91461293
1696606790
1390542553
819349175
1522484233
916896800
1807828718
1038588037
955939461
795879942
353368357
1226109424
1916853643
193658566
391781631
745147786
1386634829
566705356
1988704530
1405412097
443208005
1262421477
816057509
1529874865
429724263
2097331487
182585570
1821340242
1301545444
1039279309
904586166
966379986
343819165
581048999
1627799114
992737086
506350371
1816572941
33880350
86591194
1507253863
1285229
1013804990
1299313743
793041155
1585493945
1603106339
1579345411
837130787
1669278491
1411944873
577538949
288761618
34278822
220628906
1996222751
1672326236
1489511233
1653472179
978336399
1601611685
1721508776
1155037034
1871173326
1777640454
1805594509
65590780
978575119
1758008095
73610714
641903932
972370628
1667787966
228403986
1781591645
848167641
200892203
549917909
1156814925
952868356
1539996173
1702890370
1198519723
1461153844
1204248059
794784759
299663463
440092454
178068132
1992479603
1647862
81006103
1162741137
955367325
1618362157
1311724180
1450177437
1592364189
976767683
895681645
1624530676
1650097000
1707860318
1370751687
1384686528
1476020762
905789527
349644881
1704271223
560736380
1094725647
1801562254
121933502
1169961637
130598637
1056485458
1437195767
99398588
1686315507
1503484744
607178862
1299550939
1266666748
1089548464
803671579
955935759
164377748
1554020645
1031100437
1442969468
1015683956
1466097564
840268692
1967227037
1427025304
1935142761
1825581984
1345933226
1166109439
795004
378964828
1049298706
1048364031
323766953
419287786
1304500007
372629826
1496866083
1092622585
122587610
2051977568
417566475
1158408944
914393243
508360219
1885280284
920452536
1057955427
996322097
644733064
464707874
1527830476
1851769057
208820961
450838516
1953301341
1810547710
630047533
1903416979
883061732
2031988137
796744988
946924110
1240778492
1224586415
531471189
852994884
1492144558
2040044157
2119465452
1768983283
1960113460
863997380
659707377
583807328
49954265
1669291173
1949789217
1602640604
1489194492
41373850
356339904
1874626679
257898291
900443617
1130812030
60755208
343573388
814117028
1768807062
2090967243
1834012909
1325957546
47053815
1069106624
1985577117
1607941300
825459609
1172825730
1262001373
24494710
1275198448
464697821
1489843887
1702309937
1755460990
145167599
810065336
233731826
871827075
509736442
1380840510
1454517344
1725502416
1162424779
1112523091
2027310917
334304442
1625935298
1960395532
1889769886
28124202
1566421118
692806379
1022597718
1731514575
852718375
217140827
600993954
912834167
1727380824
1481561432
1329242876
361613940
303838631
1749733679
323824573
1248904504
1585885393
2105144667
623867218
1493103365
319023495
678595727
1884987418
2143331773
586132176
2027406289
54725605
153772502
537458457
97732036
1232387840
642654314
501175775
2082342910
1076946175
1966956651
991891959
732253336
618807053
75880692
628544120
1533475267
1711407079
415088314
500013127
2104527254
350498170
1177661089
44485181
555611112
687489562
1586851690
1048746486
585765969
1561093979
1513741451
442739513
628633171
274023568
1356688407
1577551871
655774102
1039268574
1691476444
2121141025
1005748301
1683458299
50913677
1352960931
1270389175
236482697
750924307
621556376
2137860802
14227209
926000136
991921584
1782146763
1820261501
798993726
900845669
1604233857
185500063
912714617
1952691644
1464601320
317495223
1373757501
993187004
1354142329
1022710813
251615171
691997033
1052569190
464388428
1827212549
582907003
1613327866
6875038
1796160760
1078072224
1357993503
1880795049
1311046362
964645995
2008984313
1870962742
1950627744
1349495768
1673638320
181762523
263032467
1499323516
1108970572
2140705331
1099368692
1175008589
1417114041
1113497794
197012185
671200012
1914053609
529895264
367311643
224693835
148334105
1848320093
161798248
835674142
544429355
1786092603
1197477235
1280878434
1631691826
1779917059
601241163
1161762981
157474573
969264451
2003577033
1466811056
1175450922
1101635749
1274491427
1099542968
767061612
1679199277
1576115102
681466653
914082855
641289232
986548321
239647709
965785672
1186415915
1121885796
706065304
1601488018
1085292582
120065160
675726912
342465539
1640135718
1633918911
670633565
1156622421
1899688745
267368811
442288634
616844704
1226787331
1394415813
820546607
1885208092
618431987
1521650035
1473887564
462063621
2092777951
1217112381
361018272
1661083543
310099252
18421466
1083264739
160417593
1575992916
1062960099
333815877
992729014
1855840955
1155007465
491702548
329747110
1869452980
370930338
210819588
256084204
1990495921
1657678654
503913758
1340710743
1494891594
1344838360
1662702663
2044844907
436426965
1126209544
1372919404
819819067
1214070686
329542037
1698764104
775287661
25326020
759514696
858961362
1634036319
963460527
1720205275
1072301382
740568937
1111696433
873310993
972207309
375606072
2106799416
1860548319
706176459
1336307289
735788590
518128840
1855008965
556703447
1846232045
2107585606
41447662
2132205050
1450992226
712930148
964853325
2014718001
717736893
1911965288
619225228
674124044
1606173009
346216622
462365791
2017811808
133955600
259082385
969416078
194977166
573749914
54952066
586940321
1451682268
1693637382
783896378
834328360
190153475
633529907
2030080267
1272679844
175978690
307722944
1160862804
83575318
1200003246
201590189
762725132
142958625
2047477517
766764688
371710845
638435294
1389806552
1440701811
1237312017
1909504060
1220410847
1804287048
2074306119
1682026002
637580809
219674124
903189697
357517763
1900631224
823412084
334221432
990715277
1065743179
504448341
1429531919
40183406
889617341
439973014
1141931076
1072705970
68280427
63553481
1175470211
364564766
2010631666
404965996
1724708500
153954227
5790007
1369330107
1870186613
354842911
1286687616
942809904
709679939
71435718
492359359
604749976
1746176593
1959353703
1229413359
1525443539
242221404
1135669870
739175832
323154984
1116117
415127511
763074668
772161346
676327261
1346646969
1706675219
1745168331
2116269902
357994615
88120837
474442660
1189582709
43701886
436379786
215811006
1753826270
1384208571
701360103
431284120
1339972552
1449852316
1147928468
57253462
1349049
228339394
1763488165
973242233
714562218
159832385
647144011
118515008
1686020705
2139613330
549904756
1525834395
1388708576
760301086
1290318989
2081091271
776471793
1803552607
1132526183
1541830796
854126562
435098804
263498552
1399173904
597515856
231813828
243799736
1602852437
841747995
1864497291
842834539
707046742
181370233
1210833926
645720575
1813310393
1884489510
2136612727
908542923
459466033
2114998201
66062678
1766116215
1784078450
2104292882
640381140
1362834619
48357330
155556080
292505869
2091501631
54548858
1915904927
603157705
801508514
1193146693
1138914254
1304546542
2140323222
794650173
688818815
622650246
1309922089
798795183
98081304
258714985
1171028766
1933465063
1995760533
470670471
931137146
1305057934
1204974815
1152341204
746384667
1064711326
641989177
158189008
1640573313
341303295
872871119
1292505778
1601785520
980660415
488015985
923783984
661641774
1656474096
1712861789
1777850093
1440244775
1578723361
58972984
1181693312
336228273
133355892
1435358743
700126494
1580842281
1251646809
1836089018
1145696739
1234575548
292455918
1738295512
1770377153
1230700290
2076267760
2125476501
931619078
1039053252
546762336
705276945
2063649667
464795359
761453232
928654874
1513576030
1807067968
2063233703
1109498369
466479734
754201615
795324119
290487435
1477898094
1376917479
383726776
667463165
1145220953
1045817924
829152096
1461459289
245893888
1121045238
126583265
1440797864
1563945170
1458035665
698134847
526234734
1602775145
110440040
1647977484
776954939
728466613
519998446
1780018594
523581024
777350855
1255053627
2119146236
1763048638
831621948
36370672
1001932595
287333562
537500740
494808497
1359297936
51327053
1892762189
288235153
1824482129
1022469687
576757074
1857240971
375341822
1107293011
1242265786
1937932332
765801309
1084262150
644811758
670843472
2128786454
147772626
1357314426
842316546
1437514217
282322183
1379587806
1712209796
857752709
1607597719
608184051
1139023982
1019623431
1126685707
968970485
1091359985
734598161
1111817610
1446559281
65296437
1066582658
323996183
1886906443
1409006304
513955799
1930908124
415547949
614009529
1047871261
928359329
2029290888
1543688800
374139794
1348781911
1110544136
927241023
2008009175
2119667664
1091212056
1414380414
880134869
1443403154
1338250575
295877168
10256938
1615121601
1967762549
1668281227
463761997
1021069369
1395342646
734558036
1501085764
339401661
124450147
1129741145
259795202
1699966792
841183711
115457048
585740886
1984165251
1205475628
82838910
2145726867
21305169
1313363090
1199982025
1543463363
2086127235
1797714409
752135310
1832051583
970197425
229742596
1820227542
1125851245
899642144
1087166394
643182948
1627106393
1535562974
1402471314
1827749394
2076073453
1310581741
1096587274
1853997401
418904337
1673567387
1121951364
252966640
1994843353
1409112561
1857426638
549209227
1994196783
535540290
587465549
1922393540
1262321663
48450275
1235127236
985805848
1372102168
1741092089
1921243846
404532488
771491750
617317741
1554023862
2113140831
1668460617
1499920892
411598712
559239316
353359569
655072620
214068663
1207422789
1023009945
1587281113
1109838033
455163875
916301949
1430233134
88133730
349846126
1958741880
680368047
1177943659
1571416148
430693599
1124143282
739853087
418772351
409691189
930956142
1834611530
1814646630
1062741672
1214852075
433255263
17593442
1539442225
1908449305
847071516
1080308988
329097283
343897341
261217756
1796729216
2125718061
1042580742
2056838008
334380439
1347438867
1003850110
1528933851
310367240
2055792516
185194780
1631933217
57746590
1284696759
1353792949
21316716
1987647014
801634663
615330579
171172163
1448081048
1454138952
2101739742
1664608165
1903858509
202100773
975847863
1850417841
1193235311
767650199
1201572196
1693260269
1288656495
1889190499
1911290917
1438985007
1602992302
2090306673
435669286
1580996909
1399799871
137786982
1935317516
525056164
1416025028
1445385692
1634609585
1506018846
1130839413
876116805
1421366253
380604005
1286921279
677292377
268308619
1358279553
1027212553
1185991224
1765665627
1954019438
548599314
1629690914
234400614
894442847
1958895221
1624977358
2091383611
707229353
1676647374
489140843
707658856
729581646
1866461175
48274737
512102405
1571983399
2007896299
669811874
1596808809
1704413356
106403021
595157346
951879680
1766182499
1894636544
1472384176
1327290677
110244324
938490742
61164161
1237990281
1528291460
1334790407
1750981431
650730950
1765649829
2130004982
1682878210
1015213388
1269098138
1512960922
1645573331
732942986
170228529
153589268
1229807354
2081391240
1867506909
1818908983
1537120091
266377123
739120777
440780690
249462098
203752272
185032436
595293056
2006951711
1102990112
461359042
1291151994
1145454864
444818117
1781144361
385964659
1730479146
1287181640
913070645
636840792
2146475666
804065116
512298422
842133174
1973094271
54901968
295467976
373499768
923130069
1541950237
839085053
1268288461
848455774
292995871
1043448873
351994664
201849513
1874545632
64612297
1203880545
825493885
1118816400
1311400976
1776125945
95303676
439624594
1383469712
1699486330
216608337
874313904
1198750849
360844029
819148565
1995272302
1828907185
1190583750
1851594819
1621769852
968302089
2086656777
1441481173
1759565124
919831736
1785194959
731712509
1784479908
598929407
368506612
605511418
1631074742
154466968
2021755464
1371258524
1074865610
1099202498
1635863510
25842519
7262838
384326381
1044470593
1845308156
1035624643
1039677438
1169521481
311724827
1358098824
1059184192
591475566
1211092722
678085844
361234409
1229203883
2118904592
798596740
1015691332
487790179
1870155915
1853858293
1112965759
1037620314
23366107
1330968276
1331630867
1825648345
2121567056
1601546513
85204428
126300150
2104447285
582899186
1752150643
1717227754
1396376963
503666756
1331329568
514723490
1683195706
1462060459
1968357141
383222866
593218913
1648930587
2024524121
1115213378
628637593
1911830111
1020410323
1513690795
1403502175
952838871
2145562142
239619773
464696542
173801279
1026201328
1301657017
1327705710
1183124137
662686496
1147957308
1756268973
106374797
878313817
240325019
1076429624
954391543
1004665434
615979369
740618759
859173343
1700578790
1547405077
174272355
1813663381
1192635471
227657137
450348164
117718619
1272178331
2125877709
870160331
2033013004
1586229072
1918802817
585462680
1362764027
1110627809
997967499
253255881
1209824471
328965813
1645087372
145419985
508055242
623991248
1061066103
1872667503
1911134880
1617639968
1827795459
956853268
313609508
970889063
249762910
2118552267
824960647
794748096
821513948
1937643748
125856250
173163983
1912443115
1642060067
1461058651
1407323273
797929996
1748349853
990870539
261687709
1165011698
1689638197
904889310
2012625277
1353825996
1940786355
1982622507
1444476941
1193588385
115974014
824374532
580158696
444526807
1130196982
382697601
1414218314
837887693
155840369
639675444
261011614
758049448
1681913295
112426689
1783105699
1794178859
1810708667
678971013
440211004
2131889087
99007618
1027637876
1933661652
261836436
527644807
380192258
2028324461
613355230
440207722
156936760
2024424005
1712894271
1064495798
1548484070
2003496996
606498885
1809338945
12945144
1902591812
124705546
406447909
1230227168
1147959261
1856265208
1246244439
401429555
100960844
356198832
2040669928
1028356944
1017800414
264905729
91959257
235337787
361744446
1792360211
1818440082
9255816
1830091385
198721190
518890761
110611570
760334507
2077401971
1189327469
76970507
1150769993
578931890
1492599177
1519791501
1346728201
2013556661
1513125308
1740197840
592051314
1475520434
573353874
1618203605
1237897211
1462239134
2136854013
2139887742
492413667
816904244
1147799862
595784545
1504008332
480488469
825778475
1486378674
1687164052
2101564424
1018902948
1078404189
1311524211
1976077667
365583862
149545014
1544253386
1722049667
855066210
1549996870
465839182
1261585781
1725569290
1715425862
1582377552
615322808
763592850
1978923307
803506408
2013123096
136778320
666684886
914995390
1673414588
1465097775
256629741
538765429
397436732
1305109029
908196806
978443699
1595086570
2077997902
152802943
1818467537
1036472626
2092928677
1822710058
1378787612
423925788
1044988768
1312663846
1451888582
1879695085
1799014629
1336855433
324071277
1688742893
116900460
1232261561
1330843205
1725322308
1443992114
1172798746
1442177251
424760318
733388375
1988193249
742933417
1690493997
68864341
721223943
1884334282
1721766190
1964292124
1028168026
1074519289
1762374403
671817680
584826798
1854614706
577030624
1418130710
645411376
159601701
375840962
485685023
1728883418
1158300602
1338161208
1692315700
1589542146
2094555973
1643617093
421701113
1595816461
314744264
1410981981
673518401
1717350210
1810702303
2084124813
1188701581
806923962
369840845
1885441720
1670404131
942880115
1249918496
1742428412
1506354888
236888195
1996167682
427580980
2078798361
611763049
1960737823
1487409558
872714124
2121978238
2130520366
841926267
1246535422
274672780
1050555679
1051532863
2092326903
1601981046
1038793695
1971401278
184115331
1161888788
1635917002
1342249983
778895268
1990311713
2039890606
276209006
1160928630
1990395213
1799365240
1973275456
445575907
1958034030
357907070
2116074362
1563863806
671106005
59341929
904419854
722991104
1385763515
1672850363
825927067
1722416605
537404377
1381030660
295745110
1264880771
547825174
221008286
1922240773
1200309167
541923931
1894499358
1175513127
1416682091
1570987651
1663592804
464457009
1231889448
628307310
659297847
158692340
546311540
694320693
395979163
2033076761
1480944215
84896888
1093579701
481805518
104927312
711341010
1704517974
681174651
1674073575
1401469038
96228905
2008260269
1768272367
1154447027
1081458550
828818965
568644699
359396379
1320782224
1667274920
1438724792
1277700897
455623138
1762947047
1318494798
1556317272
1661128592
123248441
759380431
681905817
1252084940
1718711411
1994609849
337889365
313649848
1179942522
1615082063
2074143752
1781656051
1613650944
1651984943
1581076942
568938947
1062696042
1702367375
640817168
30584797
1325931730
1224180760
434496855
1373817555
1734527784
989626207
802895169
2058932506
200481140
767387644
1202274960
1316892343
1906998069
562525513
1786265695
793105286
1724884717
2119264441
1058190449
1898796070
576968119
2119905746
1403577506
402583430
1515264781
1704564680
1459644799
683287300
845625008
1615110840
454629361
1071191879
232809122
793845374
1567724564
1745080218
402505546
126431539
1613299493
1187423747
1180901306
352165702
2019578522
1148206560
1532237838
138999606
680860237
1242806077
988827627
1597472489
1247305680
1735298228
321600295
712662188
1155512547
247342594
2057009799
1807357383
2057014019
621267234
1082148515
172235965
1314698778
1117140007
748644070
1649461533
163903574
1813694875
2114213553
790278920
635469076
362076559
1951488672
810945600
687614202
1535127871
1516070885
1470509288
1496536355
1299495780
644210640
1142507998
451464054
301177622
977879407
336951986
411694608
1245367131
1160778578
1998632257
2058900447
1295969616
1239115623
2015620338
1818518608
989564658
1705278212
534512525
514219041
532993162
1378817284
834038195
659821904
2127171250
789079048
1627196670
681102388
1780967177
990265055
680840630
508189609
1583181168
458672384
2118866475
947964518
1634201598
367959348
2003094966
87038828
1872373638
1988345936
1147633992
424768407
947708610
1252376096
229325741
1688716886
214694428
1458008672
1788061534
712858488
117110297
1519722467
507032583
2029690908
1442673250
1765382103
1127586195
889967819
1024354161
861885216
621196017
1767000737
863642837
1856405472
292031079
1282867621
1604412961
781657368
1261048207
696228411
1160285303
866557544
1871683313
1352903599
1714202284
651809266
1059056447
2142220784
319328793
308388446
1552476199
526640224
1716461053
2024095477
995748569
311453631
801356690
1132860400
1118061589
18181444
1072293035
1466121420
1821310959
327479503
1323041542
1419672275
491038499
1561126967
924664372
356700609
888503311
195810753
346445346
319622268
1201032529
1201590186
1478746178
1452837889
1764464637
160902884
517848412
385278560
2020758394
79115997
598287851
664722398
389243132
1756899449
1899768628
1502066744
2099525782
655446563
1490533098
227505671
797380100
715050743
304477048
1712796222
1717978867
88065825
1023226601
1915665873
65715466
1565467458
940894842
1037609841
277472634
1389806861
2134892729
855783281
2134939708
1359771378
1896885337
1910410188
962646254
1160307955
1233375638
730530368
1027892036
1797001362
706579519
1197090450
874265900
1210569195
909897829
1140677365
1085501570
840964062
1832496030
1847664773
1022811757
1763293540
1032081654
1678648813
1912995412
1137428995
285456756
1772183081
1948179072
1106543452
981640004
596607335
1350499408
986838498
1844042117
1217165830
552903187
1498403493
1823067825
817192896
1391933573
655278156
2034447269
665043683
206811626
402574626
1327347021
637217210
1567159487
420327495
1734650605
1076740619
37370916
646097927
1259609870
1875077306
1809900482
1697448775
710753539
1790855563
1623505273
967250971
682609943
1810528516
588877452
700402037
1269238100
186255986
68313728
247019001
879932659
463815682
1520837013
1319913963
1002045531
1243525902
1548194018
350926410
1443128279
304415355
1815192079
607268598
1124940505
1454937397
209914027
43081228
1336510949
1083770587
519539496
2038954578
1152645404
521065593
389753208
1511297741
208252262
1514639216
1715131204
2067939696
2070104634
254745715
1444415430
729388785
1166018061
1234608298
1562401093
1685795252
1179474773
1654775544
1224699436
748655080
1582596152
285075290
1911667141
215932080
2078240469
2054167141
698861207
324821112
551151664
2029691635
242060377
551341161
219118515
1900259287
648473489
1909140727
47070565
373200844
980027597
1482678169
210138283
1399525740
848421245
775802770
1325018548
24316252
967775339
1267559913
1771321221
1890185348
1902278616
224523904
1949087906
201899132
2106373941
338474039
1601840215
836686851
2146947707
642455119
1448082081
1403912616
1850931496
1031243983
1043946683
883404427
388422359
2100437533
1284776008
1344522045
275785594
456480690
1253157658
726518981
1701812534
1792805855
2051899804
1430959036
1553629658
2082563792
8262115
526537624
1745647101
1673006228
1724048715
90261510
1242189748
1253925457
10224337
966018671
229663470
585544852
583592942
1435240860
90791277
315699400
1820999209
426317175
48819296
846906308
1772593987
283161832
515695008
150540158
1445747195
329298910
834220678
1130678749
2103918970
877492078
472828520
482539181
1231024479
1580086805
1000524463
1150979756
88148071
265630234
1463513750
1291601345
1154513847
1154349070
116492417
707478092
1871794377
1337574261
1432927991
1760606104
1010224113
2036484991
1572810558
1511093613
1195883915
1783454191
1833673617
544972483
1993422787
1868541469
381946625
1035196817
259168001
1833160214
2084638949
1072458179
1233217263
1907460065
1302950399
69585225
237129256
1199375581
954157357
870281036
1285343870
1184919878
1379085768
844667003
2055350248
1918982614
1237622173
1951138436
1109179399
1029898632
724880518
864988319
1084428371
1208553847
940086180
1026084676
1769686246
1830954213
1407703610
897670397
1414630
1636291416
406090281
103251542
2066320774
1029307104
936903172
952802032
286264516
181742708
1548236495
2049483188
1982657690
60832889
1664751449
1598251557
914217470
803936611
753988403
1109977295
1326435934
452536949
1663240012
656928988
838133455
550738085
1739952682
1317575877
1743965144
1426326427
1790161351
1794295845
825113562
679363801
1937704198
1689150633
103549467
90702581
2146347728
721384485
54445165
878114561
75552976
371610048
981518719
738911755
881648583
1462115406
778910144
817262784
606548877
1769878461
1705430250
1790573355
1153842340
60873642
1579300403
1214647963
1632582010
1681929483
727343373
2131670947
1604517179
766238991
856649877
1670349371
1890507344
1351401219
1123421085
1769461252
1510684281
1903253354
1179328345
345085097
1022428803
133473841
622387872
1047526497
526977958
1408374265
716997600
391311505
1907051645
1079287443
445156257
1460333197
1481827234
146544778
1725341107
567014527
1811013093
1318254553
689693432
841101408
2035450409
1683996605
1128138184
44076324
787414236
239116710
1209748228
1468689394
964561170
2041895238
1637282234
1824724880
42127677
473855949
639869810
1926893534
1379393929
824209452
1498963731
1429818233
1032889817
1437062804
523823221
594194816
1594527066
2116838658
388064900
1916546419
1832816065
325285620
1247115789
727572279
1043685415
820104757
1840101160
957090102
235696510
1708888789
1113787203
932085411
1881088173
1031217213
774257095
703689691
1665631312
595480919
2133473640
1853338343
629379590
906173929
942332942
1342461470
620700021
1875344132
929418075
1278888679
1909515487
386240663
1083343833
343015069
1010831714
2008315422
1573296321
235517835
1892290759
1891027064
276703851
1662729238
419116808
2074315479
1465194828
258574843
472061282
1680794832
888938417
545488813
1419552018
1572827026
171809784
2143582687
258745263
1553327156
35157380
388630307
1341659939
1329077543
1488201286
1057354663
239120200
1638759627
1792512741
1283854111
1255140123
1571416861
71105417
2080321216
1246717855
1512422541
37220162
469699945
383469137
221508590
1380371478
1602276316
611326274
290288006
2146956717
140112682
2144400086
1524547909
463703187
590478124
1973188377
1422875155
1585254441
1781823276
1302030521
1981038658
890041643
1800284836
1379978149
72162595
366533343
2085054494
1702582080
923401652
1468115158
378682428
871993921
1976109686
445218658
1145636561
41783850
1394518621
1541932180
2009220140
57866339
519021282
489830384
2036885620
1162438385
256632626
1040422576
273731375
499074776
74573961
321452721
1333453021
1995201035
871192984
1869233662
1808838849
639185677
96565027
1314278647
2014606527
1239960613
1279133607
197521695
670718305
1051138114
882861113
1568947838
954487796
677971817
1192033386
2085629368
86881487
544479446
84862823
349801645
684612531
908473527
1565144093
152309697
259625038
2087987072
1130154648
2027810256
2069536985
404142316
908906605
992219314
139561187
352843922
1661772366
1426359396
1010041381
1404729887
399742140
1267756757
893092243
420862774
1654443480
156858957
2056176244
727682273
241216089
663436410
400400809
2003598001
758267801
294634519
644885257
1147652474
1387375818
1388779322
1475730156
583305125
341642568
1917586490
1206924743
540264753
1559559686
633177917
1340340204
341199177
826722345
405390938
1118715764
2146978689
1987928755
237635183
948908599
1150817969
901487960
1184328320
97632759
795018087
1230300781
346468298
1636847772
1331345417
1923038717
2068240483
1527781017
1771293840
1529874430
2063046288
917065071
169390043
444501913
630121125
2102411336
395266221
344075686
1261553040
196314308
2028825670
202318905
1069220363
967163343
116384929
1804886355
680191583
1145924272
1212768326
965573308
988164301
461071392
1798981069
111105258
524193950
1823525262
1058538737
252380953
1151200711
115818634
64626509
654945916
295059768
1027246136
2125251253
182256274
942303169
708870913
476868404
1930140816
885062049
1246558282
1533788829
276628479
200855726
1513123932
1285301200
974697056
1489471258
1314237539
583247755
1464623113
1044699367
966220946
1618356458
462490644
1938452969
199218788
1085091709
868962669
717116020
12496125
700046596
106609417
391550116
968633773
1753595081
1525999925
1300757573
1299243670
642444955
1529117195
574446437
1130847590
716818274
613467906
1183610227
531672126
1737072995
305310109
201173780
1677195955
978597395
980130116
1925601410
82313459
2046196623
548901936
1156214945
1107100415
321363905
260531583
666402464
1971864085
874928905
2027420262
417060936
919986738
853963946
1802803334
133393125
255092140
1336668852
1654450009
2111319245
1412235514
757010345
1260707524
103079313
531507353
2117840815
322161870
515989184
106814214
196128626
1370014831
2127466322
1658800357
1357842067
1392371584
1324626872
1655676228
720263120
6888915
1465980029
1752680442
1059858609
839904092
1684413848
1148013610
306485996
1871525771
1276635218
1270494437
1716986198
1038284734
980335055
1409577451
802638470
1147064010
76783676
1110376080
990993160
1645728695
1477048466
1869829309
1462505786
748474767
701449996
68668942
1483508936
424505931
1627384866
728741145
1888940990
852354796
246276161
865855695
1628835663
1378598570
436158475
1221530618
1757264417
1355005767
117248836
767990502
35625555
1877192830
1549228127
31031581
623329549
983575704
1198128805
445688138
380266945
344303645
1587484927
2135945534
208384771
1976369830
461714274
525192209
794413826
1856967377
875910357
353311841
238725538
1819787087
1704122399
1224159413
1477579320
321935128
1445455121
441967622
151795425
1329724094
914617452
434898003
1646851967
2121009373
1823369329
1239826802
1894897233
1006084018
1528161284
551618023
952917038
810575299
1761979004
304069613
882656862
1228663740
2109010441
483926162
1493465109
1894521178
1276687042
499279614
189483405
1144928128
1935613003
1947798995
1851158206
717179240
923040800
563964080
402411453
514295539
1952710272
709099473
1353469103
1795811872
388191224
603719632
600639336
1074913691
1618929034
196563855
801598628
2138593901
1743577466
2123121196
455530209
662336210
1080560310
1923173172
472007894
1403996200
563598560
1269426902
1994931604
104821251
2107242233
1547096140
1422302264
542628958
2081046187
1142378590
1281432906
1062916843
1135087155
2057846273
1295853494
812461963
843419369
1246522139
1687612260
2058010072
757285485
177025891
1046187894
2024539615
1796947056
2091225954
1961216541
1161351149
1084878620
1889562013
1213586456
2015744895
1486296097
668647373
1622378955
76620636
1499454557
113551941
874007544
1477970109
2895912
1464355700
1300861468
1415192489
1621846585
90935691
1032753256
71870048
1917949751
145900599
1217049435
981340653
1035264992
546809991
1929977
2085165534
14386129
894124273
1171906473
2002226448
298121968
1037192048
573825712
1763729828
1073632122
1911013317
1613155397
342987278
1061120684
445558752
880306514
301824332
1317543432
1550257238
1882553031
898400307
1402389318
1351806736
1689782426
498273765
108917976
1685761542
1507175007
347655519
993418519
1612716065
609976192
635271726
1340721679
974478910
1163866392
2071496257
687829988
1169312337
902297457
2075396825
1548091359
1273661093
1785216280
2012780190
1368812057
592566081
1001396635
497453773
294887362
1149716327
302677471
2123553163
89994255
730754358
1627032607
1074272092
1623734717
1554908527
212612485
485093807
1385687878
1180518740
2139281246
1915239569
736127905
633176236
14823934
1561323906
735611309
1446212068
1335472944
1415272805
1015287875
520909392
916434519
1950915472
359582936
366278799
566869030
43207684
482940617
2101523211
1401494519
1511580342
389628230
1030898847
1879412940
1246324235
1749156317
47769940
1658770401
1769181795
517240226
2009883972
855922410
2040178892
1680150264
621264800
2098507758
922040024
549803520
775515085
1546758336
278350218
1509492123
2022679208
1892387861
1413455208
500936477
1417793002
473295431
1558609333
1356115599
98699176
1887547301
1235625144
1017764257
598724593
968623733
184520502
1440609066
743783065
2112822919
612095232
1703841117
487192342
733582455
2136553636
223716492
673952893
362992254
292831303
1114496143
1016169392
1847485685
1427130763
1109191386
525859220
2065030248
396896938
701912860
1954411385
527464275
782668453
440491147
1292238751
1997106555
703527573
1475302866
1632537550
1635342060
412817952
2075966873
2081627171
1604634763
1767764231
1714253229
539683820
919199831
347903965
87385805
2092792488
1533549376
484321747
896142096
1332455217
712601252
3619246
1261196534
569645814
2108243810
250242009
1956328713
54781792
1998942365
1702801302
1252384815
382752598
485450767
866488656
419985552
1587877596
500590087
1851097101
922360606
81916630
421699329
781922303
2071591877
177574635
1829717216
290628666
1897519664
269922181
824468938
144337279
1618917686
1951622643
1542211232
1097231414
322265825
489057458
84274969
591199098
2022105880
213649857
1423318394
1426041678
206684912
730647857
1941011443
952821743
1596944011
965882301
384733594
227683394
1274662828
1144612245
679184637
2085350762
1337706201
1130011959
888899173
526347646
1993854251
440365687
1722869678
918013776
660252854
1219031453
1815439293
1417848167
161791375
2062423724
1859567518
190199314
1685267838
567647425
352190269
1700859537
813324354
249176467
988903357
1585434483
483839611
641056535
1260695927
1673493505
1832167735
897736005
1153927058
789616334
1666582557
1846418932
452797243
484324719
1882216496
1901552865
313864322
201153866
1205044546
2056920528
70076113
572267398
1129486325
1779434186
1699094280
748481058
60025454
530564229
2058867002
918688802
401063320
2136151776
292156415
324397796
2116458769
539607949
979900276
884457104
746946485
1038091465
1488500181
126004142
635740870
706775623
1080316853
285372369
1488838069
1165929003
1792813527
477861745
430105744
983261233
306926253
68122327
1494200071
1310711022
684922219
1759084592
1473530396
1994557230
568494278
2028644548
1981930086
2125951357
1147365198
35696450
301545731
742090178
402231141
1235367218
385234201
813222150
1806715099
1176878476
1641620486
1924643153
549980712
1983431270
912329260
88008629
1518933828
1956459463
1889748562
1566625892
2007692326
1856426395
280119737
1745425148
1755727064
409400001
649299644
876072164
1741051188
931949374
790454306
580188110
2108236349
1095132051
894993156
1789128284
1118854941
609489708
990688597
725571807
961777590
332951535
983024403
1594352698
1844114150
413664500
1009636361
712262885
403478109
1052262996
1636635710
1851205645
462458386
1044035610
279132414
1998050521
1768352102
1893977686
950144130
144990153
171548633
1526967377
258525759
1836085814
268324707
2123440347
24819144
969000958
1136608880
1999732160
1503131231
205235513
933294971
1992652889
2098487583
53257764
1109423174
1228030270
1742240704
800484127
2019139251
85927194
691249671
1922876112
627998019
1767057558
1575671754
310514793
982505768
409153911
182350243
313584640
1028000776
496529091
517561903
1886300954
571667281
1736430110
2084534786
693206860
335118131
562990132
16578604
1062461687
1267005246
332701264
49252705
830602290
1764863641
620081929
1503824839
1849787845
1094353373
1353814043
1984048480
477797970
493492365
1464374099
1690176274
2070971790
977568818
622709924
869430865
671285166
2001565461
893347671
1303915368
1971154653
2012802203
236401760
1261232745
2116469481
1737997625
1888503755
1392755885
613777662
1810839571
2090580821
1746104585
1551713673
2143452213
827181080
650631313
610222654
973466478
1676511581
1433984512
794647093
861974724
459594390
1267417547
663199280
665187479
1235411555
972031170
1601571575
867104853
1910176977
1013910367
1912376292
454620119
171103909
686582702
107307899
1081945687
1687006154
891580377
1325284401
1936157966
1238350575
1389426511
1493582669
691433839
206839855
1718321296
1682952172
986964217
1384147173
6931865
1414412319
1819054268
1417958049
1351054566
1139840559
61329005
1837713208
487469353
464805888
1810620699
268191735
1572184453
31904403
547855256
391518704
1564998790
2117751716
117209696
988849524
726931362
1539640181
1612867395
1110809249
243049829
1095768227
471194776
1910607121
956623931
733143092
2050146835
894949557
1320542174
518790066
1995046218
1899413946
1908090714
1893885808
6639558
1923113383
1380334009
1448096491
122469565
2364298
859724625
729486669
1318735985
1862086981
2007426470
1158981643
1763492648
2090275852
491906045
572729774
1117196742
1309895150
948678270
942820014
1156761093
1427051141
172805637
1668327033
1499220049
993187026
164237957
48532116
1694250306
408969253
529491481
1974128088
1056329911
1721838132
1917879976
1801230814
17191052
1652808782
1692626997
728049782
1595693303
527311274
202039745
593401681
1079944324
1353959641
1182009053
2073891774
445870507
1998670427
1076948944
1291960465
1070460939
1312220749
1302995552
136501280
1860863813
1437772607
1662790977
2045553766
227701112
1985665060
970639384
758597451
465847124
1633626978
1516349994
629574908
81697757
2000605450
1918099877
157737587
579065278
520733218
848106891
1622571546
1040266311
1412400925
267697208
1691060363
1657906693
888827756
2021257357
1072284530
1744557821
494235694
1964978115
989703308
269282437
1122761730
1290267078
440027857
1408033982
781600253
393113162
1797133228
1230975921
1333363127
2139578481
1252910696
1112659973
1126879872
1061190423
897653672
1069990234
1545386928
156962745
1789381388
499581510
898237468
364857855
916752634
185395178
1175330468
2095833579
1724186227
1049211183
27937258
1656129184
2067324193
406667171
863484189
1970006984
1568461172
362920938
834287603
1478689700
421999841
2043856865
1770773429
881168307
1761501767
909604951
689009524
973656573
1838984823
1399844959
154175834
2033436924
1273243339
523966548
1429923610
364707881
944003052
546736748
1427156873
681615134
1920368314
1730309878
603537223
342884717
1207477573
796172852
1292117653
614908156
1482051061
2132942287
944156234
1097186586
1297444554
1450917883
400521697
573786147
612933311
719792680
930150570
1558726092
733181767
756289889
1708947489
2086970379
872172537
91617862
714262876
161626280
1228307015
1701509792
720145309
1608756568
1422046057
2071181989
1472941575
1252902043
1790362202
1323339723
1231411822
1016324372
575959033
113191746
565517127
1699043743
409945936
106591760
43790015
844612597
1163598832
786289867
1790793959
1235419127
1551455354
1799793908
1142335244
675704219
1335434043
1566746094
756823589
725309296
1681831663
365346715
758328933
1817131983
111701415
1964177553
1867490800
1763786400
707490756
1142414846
1915272363
468233670
778668323
1311702806
2014929709
1409229352
1292371539
49077813
242835154
755459933
1176189953
1105369493
606158062
1068692467
512042613
906962348
168101662
960126044
825530165
1250136866
41724601
590989942
983701191
473660015
1762534757
728310710
1866064020
1843545870
1685891270
1379411952
632716008
1926216799
950077266
592540357
1407552790
714190367
1480776768
403433897
2131277240
2071889532
99549344
1216397455
589185813
2024526808
348061571
754245428
1241108379
1474148380
1884183385
1629950213
173204619
439858102
819304028
578881966
670033076
1950672432
1789923360
1337976896
720740695
1995800174
378595916
2097775358
424155946
353416325
712787557
489579973
1206849912
318129970
2120044228
1017974037
2075730277
117446398
786865322
1804175295
704796496
1459886315
1567731050
416631086
11482193
1962965722
1022048453
410359370
1966819809
1568633725
363158099
636720908
1045081497
2069747700
558211100
1955051171
1939842834
1173827848
1544826950
96640064
1237981676
971745792
47339498
1204856442
1199328747
895472418
923923711
519664481
2051594044
1683739081
216812919
1649123106
164069590
544159776
588121448
704480084
115030778
563633785
980878947
831414493
254881756
1229043788
1630030305
616562307
724648027
1888829134
258382044
1136092691
1754942187
2030938925
693662329
2022967847
1510522517
1118755430
397831138
1110916760
835460117
1917473988
1965587249
1231719809
1155016481
155882230
266321802
1169298155
1667803594
1599027914
1461942336
109095194
607833083
370027916
738262327
1859538803
590160158
487645686
1446619722
1764611592
885501405
1654858706
134664163
1856337858
2009024517
826274611
192600744
387886378
1209782919
513465676
1682441299
457974228
1398732697
2125449451
1269301154
434722408
436282106
1068028054
1864708453
1430657358
452238930
1653171264
1966942390
1317576693
1304089015
1107791016
2103257158
1529588416
622185036
1349503567
246723283
1407892879
262162692
1283303956
937897141
958732005
649640836
1130023277
937739414
1482731451
1397727526
85435460
1866724673
1134636512
560987675
1821189739
209195668
1918587658
115383977
290167486
1901491087
59511423
690424977
1907044820
1956834191
1904416601
1470183571
2111568481
1878353044
618866041
1031338506
1184285996
72715455
1238851339
1292150451
544083623
998680791
1461917873
2094670988
1062578224
1884077577
1663206990
177076184
1852406499
1310024880
564996722
636350271
1508335129
1266792011
867144286
2040475665
1112906626
1618208907
1960872114
763462827
2005883610
781862798
500074682
1882582770
445239116
68837670
994368593
633643261
1220059232
505041746
206859889
566140367
27633825
26431438
1556282457
1299801153
238535631
2067236549
1122234201
1128736254
182847165
73845413
143182141
1542728872
105929417
105930507
1131130196
1283075865
436999926
1788183773
819277852
14973124
1669517479
2032629111
182925196
585884985
271269371
1590992637
1854494204
352309703
113746880
35918800
1007659444
1164003131
1817372948
970669852
16509713
583515591
1719470750
1895370893
390656847
953875711
2024359782
3338530
1361815029
1019460092
250347854
808645401
1538836193
156022179
975956782
790351625
1175316207
145243392
15318671
911106063
1578381633
604638668
183194371
1815441696
1381401390
2097398029
1589285150
1813499261
1179703498
705822172
204888854
280864326
1924511756
153802306
1459299570
490045221
2114380962
344051772
2009765489
1918235690
1445545550
1027357918
284504188
1658636983
1710263291
630759316
1153339453
945872786
547206497
171313027
90474981
399746073
1771326799
617897229
377156855
2116549777
582794908
1479853427
709993553
1207923102
2093403556
1288789654
28812217
1998309071
6676610
2065020118
675706143
887236689
2001821640
498431260
1561438068
1134444997
300816893
2077555954
1925366055
1938206763
531248021
1997507278
275716153
568942845
1390661028
1059123313
359977469
1467846744
105590059
1882507618
671474797
667039829
1806945528
1203459998
1398510378
1370153846
399795257
1581533259
1434092049
919204924
1378651041
761381543
1419188087
549884886
80169782
1394230016
53184515
1717410291
528251573
1595270108
323782180
747626425
1246199457
547084089
727658293
722833358
283675631
1774121454
2141351978
601171347
1206795335
266619696
1185397751
353758576
857201912
1111298608
1853525375
2022766666
1667072635
66903011
1517539124
327193618
1987152546
2082982617
1445847632
477985655
1121965917
736629582
2053087150
1148849851
1571400745
1687190848
540036167
1805584291
620869654
938059445
1820072772
1985100424
507147891
708962334
1847621571
23533196
1269936151
974380248
308342827
528594662
1697023822
320188879
476658980
1211135837
1444157535
1917025341
1048477237
944578003
16865463
941161104
205088254
1777715960
1020755636
1104363882
918859790
167707680
1960500239
1616443074
1379326562
1682130991
1903604966
1668275495
1397996667
885637553
1850424677
1414566181
1324496411
1619314694
1635092496
1200978624
1770770331
1585578426
1132187313
1779438877
1908393451
351345139
1397039065
509595201
158374953
830675715
2091522835
341303537
1983573203
1500749853
991757741
594913976
2096485556
204353574
2135040538
1828659206
1348006219
1192571808
1119212550
821633141
1986628846
2123700170
927775481
85953832
848310916
663048391
1332907430
1921327948
1825669852
1963068657
378478546
1000291520
624477611
763661136
1462082780
1231141073
1253068833
858597160
1868079340
1959882525
99318567
1712409259
1279163068
255307419
1296532278
219192016
328957951
1275554480
2034518997
223858235
1456275049
1689049217
1074503858
393003355
932049764
973758025
1628253780
1904638354
1885819981
493999839
564071555
1529670031
1638945126
831998811
1148605494
1355245753
1302306141
594175186
893967155
1811804100
817193846
1561720892
1201721161
650136678
1213609559
1454976631
226265895
461872674
1919541615
1994648164
1398841046
689540675
987080452
9973552
967288281
1608111332
1834489048
665610413
1706763486
1101905196
1816476024
1661376477
1931102498
1690204824
1501864993
1818658193
793183072
673333617
1402943823
1198865703
1786746996
616641628
1396803043
1068642671
556949904
1405770000
251124464
716869041
821761561
1339942434
364125218
544036039
1666488607
1507154939
2038549195
1152847972
631235704
853998316
21723020
293204600
1364216695
1793673304
1264411804
775121580
1368846158
1137997072
1560527544
1422807560
426434302
107648700
585077416
1335946932
854129910
1816970868
1609815400
1846030811
1734239311
550655599
1067275516
260420012
528590756
618164434
1665265609
1725694330
688579462
1704169898
338227378
1736256003
664813219
1884384757
591175089
1641620430
1921782130
1815149018
604882733
450254254
814452635
1212112890
821346782
1042037091
1389915362
725867486
1748489561
1106798687
1711118286
267487632
609601851
1755869861
162448348
727014469
747887342
970392013
442244440
759664184
1096353307
1983965732
53944543
1988819857
106244524
1189014514
997404781
1933179524
428946300
1119553236
1163665444
21455480
586030238
1592025415
587633821
458462299
1038819399
417523270
377597155
1258321436
1147680600
364632842
1076826641
543978291
1394639500
1344982767
350103176
1034663000
1214836027
340158328
1612230348
1712840789
1308226248
1535027817
962260476
1564596214
332402862
1373276178
978767852
894828317
1125977889
1991542700
1484872416
670745842
763161188
2081593307
1453540072
943340855
281265831
1983063380
530127059
453164217
929495194
287947161
1736257233
1129810658
928631954
914850783
1270672553
646568556
1305957974
758140432
1321004435
1692621616
2023568263
1203929067
1816846770
1999558428
556780203
1786835529
785501491
1587571779
1266626773
848786556
1773461243
1508251151
1598849010
2046756304
754891024
1623349137
1570899890
458548531
1163306118
580778234
908944144
1070053616
1586154275
286976546
972102784
284176535
378941586
1694596163
1647585973
1293853433
1148896576
587351244
1047539724
75319888
758353111
2044336968
1457784472
8315003
923300437
25871484
1375650507
931888486
2018313159
984743058
565180093
1759099272
866971560
1320268399
1164746780
1711289989
1564261840
276260385
721734321
1093390325
640867867
1063107700
2044498314
170448445
152356504
1761769891
1918617801
1974588824
2128968552
622605612
1225931273
1474071354
2065594940
1652439228
1321401705
606456459
898736999
1135483978
1122507062
1839674511
241326748
2060833088
501756473
1821229927
984463686
1637215955
499824282
1091980273
601705607
1416049012
542346607
809842570
1302165709
1475821406
917894373
1969281011
1051213070
677110864
169793802
151639889
950448032
1060705877
802262324
432236111
1727475384
1244214719
202797586
1375005277
281796222
855382578
594129485
1057558044
7646921
785948380
1238425561
275396051
1231143548
152403907
2074139614
1775925783
1813951100
1037662774
1441403710
1663396499
819250765
1012908645
1305983427
562821855
1298783304
1211957261
1714376167
1504648071
1169382267
894575691
459820864
960733489
504375581
1583188626
2116596101
916601815
1085422508
124778168
267466305
1936744495
1670383013
1527915050
1326282514
592127277
838832607
734046784
1074662046
1168848798
1426115461
1588548011
13618708
1128867317
635046830
899786507
167378267
1295738403
260155035
456540830
9266137
1660655519
1845547660
2019749137
205098977
1922474885
455598655
1043538299
1297191609
732134619
1798401286
289373280
755529543
1280729838
2045877891
1944832494
213268825
1547872218
59279364
1247970641
1743300493
138091818
1172434293
1923070744
1972386275
2120312979
1480239109
1355440341
89097950
2062983908
51075162
867849159
1467261264
1778631420
1186579048
1073369261
51267787
1972795119
1038994674
2079872700
847476385
741813581
1325186720
327944109
1253208467
562507900
1445786296
312588014
1938108958
130143808
440262525
533854712
1572569439
1783227740
1900275744
186166208
2097667231
1335653202
321197159
1205564743
1579337600
1712626759
8087514
1260326220
784914115
1191155459
1240674979
1078690082
1280466354
1018611476
151475723
55769244
425216048
49123090
1021515406
1267959588
2051558234
1044038908
1959835031
511949803
2088974041
2101463745
244690143
2101527354
239259849
819817691
504431964
1067453159
330384958
560908566
972940263
926645220
2113067639
1477746543
126092654
1025407730
201531044
389254935
1826718929
1019150963
768711754
1417535894
1184162909
601966428
1285454938
1873913356
1604580579
1684110152
1456886991
1051590292
210490486
716594602
2050287357
493658562
1118822077
588672539
2137602173
1157280330
2002847994
582267346
1399984306
1205612226
796181400
1604787761
856720631
511138688
1652169578
1473763964
748608871
391751837
1955427462
922987172
922008648
1400747547
1396103357
5961026
1835405844
106051619
306475958
385873567
1073285158
775658855
1423079077
1215550192
71805950
415660454
1313553837
1445812639
700761393
467588686
582889680
992963524
1206378480
323005243
1796831887
883038130
1555772978
1628955037
1614433827
1079024558
923189633
1720345336
1225332566
2057281978
1937661790
1120720454
1335004670
573712017
1955435090
92982583
82069271
925408684
1194985875
636830616
50527613
231539840
1035909455
1054241489
154823746
1907865289
1418980759
800594825
1558852785
1109652993
1832215019
2073659235
2104551904
2003318251
1774061406
419734764
1687026668
729112653
1711391590
1906687885
119856341
1157718458
1086853442
922711482
2018990324
1907650956
2127499272
1720495918
1880276252
1819649777
267200331
733771085
1040909389
283807006
899681381
365932457
1951983375
898009247
876253798
1222567584
1562592882
1698824141
424627864
609111586
1116343455
509499488
1770830766
1742240399
252722458
731577372
1855989129
1195131328
279219862
1242609318
92227496
1503685149
1690536052
1386995322
592259114
1695017451
379829722
1477630710
1636653439
299604137
1217159276
399358351
572615859
2059031695
1090520234
282895395
188677711
1468972599
1055461862
1303784045
264857579
2021248087
51574752
1224962196
1877000278
261331373
949150720
1384084702
1621652575
335015668
1525960750
1430240899
199385666
589966098
1806263633
629139357
346030507
1068780371
1443154787
1726911547
748274279
387904976
562176302
1016170645
911567790
169641962
922482086
700428378
231138823
505367282
843168994
730532132
2324952
531828971
1139661495
6390285
181808267
1257544550
117669107
1741357658
1099204188
126176910
1012768562
1193011541
1048423109
92262973
1861497440
1825995065
1281510783
1901749065
85066189
275431239
1106423349
124630758
1533382630
1177266934
1381524681
287535644
956351638
1623795271
1200908354
1807570805
847177529
92938551
781605457
190213310
71695928
67019341
193511807
1179744993
1473269317
1947274833
565083124
1643932144
2008830772
794753312
124277990
1189485377
1303194740
1471476114
20858524
576488371
1634408234
1099815580
2092339996
484632591
1775448041
1974305653
1308458362
1196178824
664753680
293032176
1149439413
665047141
58895039
228387304
123791693
1548645045
707052918
1666054360
1630595687
2029032769
1087199308
1615934601
1822277530
1774832768
1186176457
1132462567
302087767
1299997636
1015056994
1881219309
662352371
314556531
1263033231
884209344
513741139
1634105198
632274570
134555351
503031091
277681814
1656383653
1325288790
998557971
1825883235
897882952
967691388
1553273022
1633482678
1569107334
597737268
1187036279
518105514
1738102108
1777877701
859047363
169313187
576916102
1908697519
791490254
456502121
1153596669
776096141
1007148667
1018490733
265271568
1975498292
517862155
1355167017
1204630301
742284255
328897897
134097830
695964909
1570310784
2082404111
1985111063
1867957929
1627989048
241484953
1843663522
300961149
848773347
50394853
324458816
1870838216
727791818
816467170
1505107642
177962749
1355868284
470898686
978424788
703868697
805445559
437036326
1872865413
32093121
1389055359
729427066
2068763491
437239543
776182609
1994379662
318942494
415780217
677005681
1583832671
467141155
1059763382
507395680
1575944913
1227824224
2122536557
1695669097
2066612961
1266525991
1038922725
2027309147
1241374060
1250275115
194263747
733644882
1800590746
1515544744
1976092042
1429064109
452159721
598295968
563505590
2035909411
489479122
1759831616
521325931
371134450
993765146
1022479713
137813726
1937612076
1971400630
521343786
836134722
897604151
713872220
1983623122
1150522220
1117912653
1477768098
836237443
1429482501
1376900412
1205684693
1096730714
1109383019
1788323123
1355967833
1568995211
1789550374
1499061
1089935032
1169547938
297964291
438182
499009865
2090722276
1884160973
2075891332
246820222
457162964
92499888
188246711
1150944713
157035986
1889098273
1065855232
1503545387
335718877
79423884
1568353039
2108720731
571806840
102024319
675247410
185953937
1450934186
509692044
395373863
266981101
383508513
482284735
984902674
741352838
1006722414
480018875
481934730
1088612114
416883828
314196339
1327873485
60573230
2049359322
780468354
789244180
912713034
1508903612
627147560
1492274689
685210933
373369188
577984482
1994650933
356917825
1164616746
932043172
947711999
2071884306
2120248448
620813238
1081237551
1277727753
2022065163
1903032616
4451081
438408776
1662932457
107553268
1196763475
1335382368
1138287121
32939951
1431094928
346856607
298843353
698510314
2039554376
388054255
1151894672
1703957034
371547774
722311276
381783883
1981937537
807862852
1778571398
258847422
88572363
987447145
1902691535
1531291711
1860253823
1958498383
2089893986
1926885104
1164187960
1802128091
801502193
1132539382
1859713471
149422471
100814442
215693539
837644756
423863186
1136961092
66893874
2093442682
80997975
1359209835
1094031344
1665118459
2074993081
797166021
2133098103
766901120
134482366
1477993568
460041558
1953992005
635408180
1502224699
1996475980
659841148
540303757
1096171950
1137659507
2031713216
148171729
1310479222
1065945466
14494005
928966312
63426145
1907566346
1190741304
302119318
319660691
1647258699
47808200
186252612
726147442
718693247
621216625
992071929
1404586803
1261034444
465088752
1688261927
240790275
709059351
2135328359
1183071522
1399491529
627637259
1221635903
32934380
1545007006
1996124728
601235863
240820267
825578443
2047397464
821848676
1572145979
787475323
81890478
1149886767
1017454432
413768445
2085853063
1068309862
1144573204
1268948408
814884835
71313245
1954617215
2142331051
595185197
887324389
1778008069
1650080672
12453157
917811591
1824119032
173101806
1330237662
1478875741
397679
178031591
1443105763
758580622
916237358
432020964
894444661
1244139876
279262149
1228859882
338570224
1917404939
1798380980
1826644728
938031692
1383761129
1063628491
977301745
1441875902
835482773
1008112273
214587426
284016255
2083841652
1557477338
1996902254
1718101668
989793527
1818764411
145887005
1707241003
1580331371
392073755
68633150
161640217
221453436
19383840
1092052148
1790211508
152112201
1876604615
2014525411
264284406
935375395
131182424
852269049
799758075
1188221413
2038875501
675552210
1144407990
22658284
618205554
1459653001
140072869
495289011
1378860075
1975830944
82492601
1250185483
854528879
1176085195
1043560279
1612078587
679802867
1490757717
722637180
1923110193
387257921
1473144111
1520037370
100459301
329415880
2126671259
1907984865
779982793
211501324
2072551793
1538929146
68483823
1879311869
952273165
739692142
992431158
256660838
2025871062
248743556
1990002865
1798430332
437368683
1743003269
657059864
824691607
798702188
380047811
367846306
1620607228
1956462049
101780145
272144518
338376409
1321068107
1425832747
756725772
656146506
1802915141
1716205273
716613458
1875636631
1138471127
38015406
459460761
1880635264
205524312
2012521609
877324361
2095190449
1899113469
914323966
1321682823
1570685521
1335611394
1564542256
306255473
1508222134
1790790771
45737174
536649716
2128854330
53505176
1263735900
1344194890
1954493481
714160378
2054737194
89671445
1860849105
1988739862
1951595007
2054212112
1150063037
1281802653
816725624
873856375
1654780667
1319987046
244757677
1836437749
668658584
1963425521
869638906
2095654982
147168558
585200793
1981123547
518761066
1962354834
317102421
17046001
2054097540
921538226
2009237546
1937738273
769901653
1721076855
567490609
903173596
95872592
2086994915
1415963968
1718747000
455353177
1345430593
206674233
2101215933
1454704159
1416930160
132431851
1717701501
2017050642
531069534
700960680
1265415258
1008053763
1458747029
1145942116
1744187307
453069912
111612656
827009926
2030197881
1870984424
1862936933
1989758542
312994213
1997234297
1107505158
1165707491
772491556
958432723
1296651011
970912761
883316073
635506817
1409048039
2121778971
1363258082
1449675043
2066318819
1856416155
689100701
1657661811
701056840
194881556
1480762115
1856173522
727738382
1574254743
248565701
1316247182
196956560
794384249
1635703252
1212910259
460067674
1632593591
1547784842
840003211
1653506330
1945786885
1892654310
1891413938
401276341
1393645939
778300405
838150363
1264297331
152413372
2075755851
418316057
1987094874
2115445034
670394801
1783888618
657706392
1034132521
713401817
264189640
480779546
2064870502
1329966411
1362550112
1241515065
61258659
1333412196
2077315448
1974805651
1167155994
396199541
1810807133
667964408
1455940747
362547464
1153796098
65362044
1824434660
623744319
1846558138
1588401066
1073042829
1283514972
2098477715
232910552
230329677
1621046364
865934414
1043167892
78727644
2128426430
327533046
1001607997
1139234053
427846499
933211940
1966374062
1499283575
764724366
484124877
1359447829
1851440937
1155787018
740165062
1498738403
711912297
423102315
601672918
256657885
271229824
1471022444
803822198
1249768271
1092339458
2012681335
530835495
726534495
737328823
1378339908
1248784240
145796479
749230369
1311968665
1972634226
657234428
1234216361
1284575023
1431262251
1755332276
1915230314
1542919861
1176062532
1251391204
1471340698
847937518
1327567511
792529440
286981010
834786293
820041281
1616726619
1366830713
1565577889
979616863
2068594982
1811263632
52981764
1054854759
1368358390
2063331355
1658972172
659066918
122468254
406944747
905718348
907967826
728797915
642562949
977600469
1452609227
889847822
44089329
2025549117
1155287411
381190661
1156192032
1129247427
126195879
1063178225
799353851
1530358922
792827480
1135633532
277241092
1381725440
2050226890
499624948
855937963
2021084002
2088013288
1339794335
1349109295
378822744
2074580034
411491379
995716655
956418747
92656039
788459870
796106189
192939640
1884543831
1127917696
1228668285
282492813
1112151020
712378489
961977455
615484207
1164593862
250010780
1428233623
1551864077
1037408559
384382147
1817013077
75908783
2030352139
1670550651
1208728518
616890105
1039049023
1905501024
1461997478
1429417932
80546716
884691076
1069413857
413822924
1584117892
728464137
2048196020
1159024187
1718054947
1258181070
532078981
2038466307
722661700
27049030
328307772
904148180
1149490636
142163556
1827273562
83018595
539952346
1609034162
683392929
1612022736
1193012344
1015221633
1656569430
488301867
1806654717
1788180539
1944388917
35156748
620920836
780024788
343597812
113433696
1313342721
1926170463
1913992817
757097540
680082821
1587890109
1191429754
303972106
363234063
1095721328
187960377
1599569240
10608780
382891406
2066709050
1650739055
1450219884
1350190032
1192421915
1567771273
461359203
1147395018
1642527439
1288919644
1315041209
1074589493
741591439
599615676
56554831
930920296
665259869
1875318109
746431535
28868582
1137331509
1356740533
1169518030
1258620944
766988499
782886144
1726530784
1997999610
1360264219
446665822
1353976792
602436700
1677908266
799744790
1134735611
1988924831
281322743
792959741
1788588576
624260633
119511717
1279442161
1257267718
1841604433
1340336487
1542680960
1913383249
1776144002
179396368
497770919
2146409763
496885792
1478029622
1795561908
1980753235
200884876
1895132930
1788622924
1969687629
880028138
302073240
1794591625
1750004358
1015783188
1021567261
1001070139
579354522
1490731941
1422906473
1896306511
862276356
770639153
217289035
1071672654
1022924408
133632406
621878131
1889341436
1527403488
371424873
1093517312
1931823648
1393955057
2144155025
588348327
1789050212
2068398698
358930675
1474189692
609581651
1796016361
1190096707
469939296
104273535
2142316905
411552762
1758323975
148751044
150197085
1075922020
396199590
371934118
1124167266
1572824024
1469193269
2146422230
801196451
429879556
1453097062
619112661
1937221325
361477727
2049059361
2138347951
915618478
1289592767
84733884
1516976105
394517861
817028875
159093429
1627811445
626639944
1286269448
1712520746
1850608354
1648901974
1195721552
1053082078
1700486289
966562903
1825448033
1969091551
1504052770
787034510
600710866
2147107544
1219052270
900665882
2135612064
1697227508
587252397
1968360942
1626429351
1943248745
715939127
843607915
413159469
2118777512
1755054182
1522059416
785881751
1026352928
1494833691
1410638333
1702033469
979223209
993714264
599112993
1089060700
2061622931
996407691
74663070
2033316384
1994751564
1846552298
1166992349
326923490
2041042600
853750521
507076723
2120824176
1520138193
911640105
532754200
741160327
1242770379
981197722
1693130303
915507805
1963586465
1330638849
110940248
785482587
630549810
1830487205
377642910
1078938089
1123847058
1434775683
995370397
469331041
971058205
1516792210
1970749507
674293285
420065823
775753761
897781410
1294358220
314602266
893060700
1247772480
1495153271
1138098
373898733
1037281819
1173820738
1862985017
1870118334
303681597
382313431
1311628251
1566130653
1225095927
950682396
1443399006
1126414201
1461327037
1167319308
959696023
1630877449
1178334622
662169763
1059988847
2022915724
302742878
1618197235
1182680460
240389611
723088690
1533241172
247496095
1841178490
1604162326
512914617
1449401673
23598750
1942722766
2085006876
243985323
2061680263
1592862840
1869480987
408116873
1603965726
214829260
1828173212
1651956249
1287667195
632959727
494014893
1999627117
424628621
801678328
696861799
1165021052
751946845
1691061248
337166607
70392007
225005164
613291232
1153956671
464004525
1947402935
425826954
2009350456
287500620
1764318941
316657414
1161079130
467036433
217512665
2099307526
1923228847
158453982
719315688
557610024
148695203
2044420055
1968891277
1348306376
1393131981
742528970
1539997619
10330497
43188720
429570360
559753448
400594494
1424284413
271332868
1737941447
1017783552
304486736
1638425783
1948386937
2030071341
819515132
1410358893
1847822161
864131731
1817944639
1240502625
1001310615
75553274
1358467352
251081232
104305247
2011591009
2123045871
992498955
958692759
2052076252
1408838003
1939708766
638231327
338385162
1960646018
1081342872
1052978193
1574330411
1425308992
854118776
1217772066
736696039
156138059
1833958962
1363059490
338346135
1055727365
1931445090
1824924318
1445053261
79242768
778674830
34456485
992344935
1214506712
811936594
902522023
957771467
1648542025
78922283
1685935992
1910815167
208687778
227838433
1104756597
1957965672
1353901409
1722300816
258961342
1760577501
334278238
53889365
1054256033
1075680744
1548847348
876117906
298863383
1105337945
40305754
1961937118
1519576422
1249217286
1594799119
1319888013
401196008
200758114
2141705587
74321880
1715044068
1857066168
1809087603
2116483496
1004422808
78181382
1606392157
2069162243
1658747480
500269936
1157908946
1532207124
464801745
821970279
2024539865
1553081808
790326374
177637208
222323216
1949515851
1400599226
1710091783
96871421
399444374
869705295
490450322
1153613186
1472768338
1647568707
1807943423
1850351215
2022825174
946694202
93832575
1285694258
484874233
1279369305
303764802
1030351785
1025878140
1956256622
1702407669
344362265
1427105303
2119428653
1202842333
393982263
1208359198
143627414
79956618
1181602914
754344400
130715762
449867831
2029319411
422349373
971136507
1283547334
927049133
1086672081
1002540187
1825789266
285447503
725301633
771295693
1704107377
438287689
1661240208
604781600
484354826
313887115
1931715069
1490848858
1266680269
1867869047
1098992782
1904811705
2071159890
1690331641
394592115
2036440660
1801222353
1731158190
1950994326
962010273
2050735995
689553472
2141190534
1103374096
40326261
1943978450
392705277
1452627156
1090754415
716251030
408712971
904769217
1605399268
215254140
413822178
880178001
443653360
1488782596
545167677
1455413440
1873005513
823399220
1600364140
345018200
146175964
338395046
1942478592
1675355591
268526981
85866937
1689534224
426938796
1141297257
887595240
660697127
1400913456
375829108
2083871030
931516875
1973953232
1783971946
1371845833
1485607082
439682107
858674732
1406919822
1074220642
460661071
1096887434
2130723354
1362508780
2048962116
1846235838
1133388946
1662464166
699506668
433030541
1684787904
480962557
1409132816
1633983989
567821382
1722298292
374303734
597848468
1030718446
1363636435
1506411009
353771158
1661576479
751672623
1060248438
1510268247
171335276
849619857
225057117
1759252892
1021737798
62680197
371368830
369030506
1920300754
1649877441
597122187
1649268610
1708700117
1705894448
214398556
1430816634
392091084
470447260
898893908
1777150329
1430329113
338750196
967453155
1410222991
1399924823
1950607422
574419750
242136751
497668302
2132220699
1735632296
1042224458
737490946
1071290100
422731596
1157704072
1891309670
1607095742
1537726786
1972759845
18492207
750242928
150000951
1358402790
401817410
1584929790
575273610
985010615
1455525198
723519760
181601720
81545572
742587126
1998554180
267537369
1649271023
1630281511
291581213
1846916162
1787892371
432994697
690936199
1946053195
1033218390
1440247568
1650641927
756459820
264363077
70761906
1157489283
547693569
1612669775
1510226227
1379248043
1713875948
932102080
1793639195
1729220867
2128008793
235688537
1164021706
174019471
1668187485
166885640
2081417889
1639438617
1475564601
1314754120
1353763682
1245642786
1399523835
84558872
1476275859
2049142882
1467896898
1658090640
756040475
1317563902
232533026
1946427942
500342511
1994208582
52127517
1081606525
1777519844
1836189991
517805649
51939044
1970316710
166690356
121271729
292819314
2093876675
198388812
1412648299
798256571
1776456415
568168680
989710185
1252493870
783376908
2047839234
786881267
1318639375
1248424240
554860965
637702258
1960209421
689374629
1716308493
1700626255
886353280
1872437727
1679080059
517277690
1930742592
1415537735
1678717081
273804295
756945701
756007207
1533749892
1224279666
1302311190
931703230
268080507
790627843
1668290256
1732203124
1321278754
1301294029
1509483829
164817448
286549363
1711222736
896651598
944813220
594917697
566660542
2126159583
740432434
662951786
853777371
2035018405
1169874504
962865304
172944894
1261968943
1225707358
460146612
1407166131
1060210519
1673093600
491874025
1264023682
681586011
1740032063
891665232
1006516555
1503763867
1656044066
1896659261
411044296
200706546
1316895931
1922796325
967783221
335917737
1709366836
2112867626
1618672907
1171863068
672331336
1819359045
1543429351
1861418988
1769381357
1863024655
2082570889
1453765085
1981952046
1340564012
837902841
2096300110
703612440
753815124
417627589
188357716
2052210634
2035479551
830165861
307783026
1830751407
1167157933
1789062078
403848438
1597048008
360474063
1773154757
1715827954
1084146979
798588245
1225707836
1851290837
266871145
1055208661
501219225
44617127
414145683
280496981
1491710212
534550494
1453849275
1318092213
92068734
1955960031
1432854031
2073724347
1099008542
1421520404
114983139
244039613
784441975
368839590
325336799
1517551845
855072277
385850584
693026646
655673381
1748146726
90672128
1345598133
1875809206
704134966
239188002
1437480217
2111423821
523313939
1879502378
1373849596
2146524893
1773266639
784481222
497874185
1366327811
1341879012
904156638
1814301709
1372077075
350999410
1565306033
730172941
566347965
1972459170
668034957
750385012
1188697434
592310063
447291947
1987165028
1892019928
1578564859
707585444
736420399
1316676672
670940637
1863743251
888200414
361727970
1651427450
1732687305
883867630
1896241436
2061177680
132211497
2110600986
1044463819
1038297552
1875332637
874292308
479210062
1438994851
1187871805
1441856461
1412162354
618234382
790596218
1566838579
1024920448
1534209904
1688543106
977017339
1072791712
1067912424
1973807540
879067348
2129087720
1165952531
1038435008
162256443
170575302
1489031923
161886938
919426605
1652171397
595961835
1780100505
222636790
128677312
1537188838
877167219
660335912
96375648
622706328
1545738957
944959655
656608595
869341405
383041474
234229986
928583883
1557377341
2066399602
480824860
276205103
835624593
1081571844
1379839464
218543523
1111364287
1776207417
1941696691
349205039
1431537568
2085432749
1838861947
1324428686
1970968579
181933230
109218974
1896072853
990586571
588837298
211869389
375407678
1719375411
1057759350
724247839
444559185
1838149938
1672187064
387201346
2127961261
112134394
1552354959
14458060
967742009
2144643225
1889530470
2024667823
1027805282
329785539
1902823061
114298316
323168848
556830119
1370630299
739516062
1503540905
1435785469
281471994
624257559
1955054336
1231526433
982881453
1954538375
600806364
1550128729
612286282
997450681
1031101281
757580595
1087353009
1639216920
1299771549
1521929481
286386030
1215765774
1575645554
1637106598
364652721
755427950
1456101659
899591939
1572676326
1188700423
167785821
1872227882
159342580
894987865
892290122
1017635388
218620176
1608590180
203089077
366446478
256663099
1526978459
1195467565
1030307565
1601422174
626198776
1911705015
440215811
1124279551
1004497705
1242437646
1245484497
1537410721
325302248
1550809742
1379248732
197946551
1385427560
408655298
331382373
753587266
822095851
2027717769
1926829135
1727515149
1135220593
87729895
552447269
853965701
1038969482
478383974
1213668020
704723758
768543053
533863718
27840981
2051052229
2068513632
578415752
639672005
574823673
569468984
519104627
1272577460
1216807101
1009428572
99903042
929511773
1685686347
2063038945
395564618
1261605322
1786703291
286085627
1109504778
1370213689
1574704955
602908072
2049702129
1206564123
235773165
171393934
1126699208
154476857
1278415450
1992046815
521320123
685724402
510340502
971756408
713230343
157778591
703399409
1012626186
1798865216
2040111382
1525957718
1354890095
1402885951
420900686
1457110852
2064439837
1253782696
82390552
915381351
1667412153
1680541204
1024018443
1439674834
632608452
1739661023
1087993731
2000453851
572654705
1179361423
420219584
1528874131
1795135638
538291935
954992681
184495586
134482881
827628136
33887412
526616379
1373913697
1315228651
2006982236
419437056
1205768229
1618860605
698936531
1974849395
71917154
2098320591
678484531
2069047127
57182125
1166175449
1719997931
71155237
531339913
363284260
1200812992
125549798
556291386
1741381744
1497032940
827206831
516410552
150736520
886765920
1499645885
1666306239
929220575
300119848
1597211179
1852391171
1317764070
1666520554
907256910
851777409
1703667182
1588950160
1817047215
43860977
1838998708
657940222
288681891
1719608407
1400733839
388377084
482220680
1219302073
193456691
1341631287
1238515870
686632939
1515936798
81686371
378085247
492759942
922904743
1282273400
1353435452
2041829623
371973793
2113711645
1891176982
2115994547
1493503654
185346596
467722198
731583624
2015812358
1513941801
27186378
2127870479
1483971660
542426973
292188252
594535998
861570153
650107234
402284368
624595738
374721152
2044240203
1803179417
97312906
423856461
1514795975
510553049
634092870
1963842098
69564760
125082228
1859808493
848647904
1307811772
1346669647
492100918
496618398
774766444
299344683
1077402686
1259308089
1684232002
572958616
1165550081
713833865
483680310
386416279
106839781
1172137371
332061505
1360191184
1233035631
1225389184
761289570
714514284
1877869848
1654441905
1962962366
762239632
1274117178
1018759709
365552098
338771320
1316513573
566809297
204280869
801079339
1555089998
70173764
98647081
1125818080
427136423
837162555
900260223
808062701
305188618
537465951
612218986
781650280
1899540942
1030536025
2076068028
964928860
802026877
931184295
536600798
1130830761
684887452
336453887
405632747
1683238521
1043551400
31533404
1232353786
201608795
1794389026
9510569
107525501
1842460413
972389314
2096288776
1446217916
1660181898
520239559
656879553
1369625732
1517890206
2141357678
218461891
1797103839
875076066
1219089536
112117464
870882553
1669953865
1671985414
736545128
29604643
469639654
896056344
705202409
698239730
843457639
1871897811
1219687138
118969222
269746994
1754845801
1027027099
1322913767
59126810
222352467
1795924067
1203933068
801915838
1471189921
346610046
842308854
968135806
2077491057
283296937
1448029305
1609356059
763973246
1134981962
1120449819
587651819
1094338512
379977529
325383573
1853186997
1956390033
562453797
490391415
1297052462
1716681984
1178053540
1619575399
694103057
893833855
333392091
1036095881
678442197
718104775
1774360774
1239743738
345739278
1179205690
513246757
55101816
1947361378
17572697
1947559939
465874972
1095152165
1120721228
424695269
2045169733
82379924
157069215
2027066507
1686773145
832761003
1382460684
2084955493
285109277
1365429155
1863704434
1264722581
1409932419
856830732
749033190
2103792029
864389766
1833971842
2033418208
741471910
1028882285
685923087
47951511
821236332
789187245
665000989
1395903846
1886508232
940622506
1751207446
1073299565
264220124
1882034078
1561127578
169291829
152569813
2059682450
5120605
1466011018
663196511
1500600970
1172297882
1954758765
983281835
122730942
324803639
684921890
1354440469
1531653378
221829238
1009390180
930200950
659670855
1327273813
1351557049
260818182
2057057081
1528221571
28756704
603556075
2112830729
2118440960
269705574
1153131618
482539079
715406161
463502168
1395007880
552859110
1055179868
1423331346
88785607
1050760801
1234714341
996427318
1204893912
990983163
46368166
1066881209
1455697784
772771105
892606468
1405602583
927251115
760710892
834081140
1878238886
679431847
1934964675
889322602
1843714824
1848118367
2114861597
191601401
1024535483
819661997
1382115685
320495372
836728011
295564316
523389687
1068493887
1833947302
1477097806
698008902
626302299
1128728848
1124083728
923133727
570140524
1813177645
280185593
1983947015
40375425
809764540
759530937
423195329
1585737727
1842554978
1765132803
1819684588
966958755
366128933
2009067801
123147979
752286739
1741332719
1059316721
1529917468
863598623
1114387026
41868289
456775465
629738905
967523660
1358669484
39956189
81366221
194974527
759395657
1853436172
507073439
1693531139
1894212555
332808408
1992043839
976737303
982745107
634536234
1085420428
780295154
1440660431
1298420058
1327836163
1673194103
622318349
2142728691
2007267938
208327816
1998967136
1964962704
139420383
1058077618
1980989356
1632612832
1158608381
1252595206
13083795
2120924361
376217617
2103861511
1482727796
491663786
604501585
1595494846
1179162148
1089152696
603847573
1868493804
1140839726
1412147849
960345774
1974585943
594416318
1885469103
1214878816
1105142342
854022190
1433021564
1260564221
1398860808
2040030767
1857666789
739423647
1691044525
1482608531
1437365377
1146801409
1191062744
1791735478
529808049
1356424186
960389293
1356117896
495569625
1621005719
2094970084
438642744
383119052
1300648661
1943591167
817527421
153577797
367603193
717147801
337192836
1372038289
910705035
854121940
1033121905
1220569419
1365658868
785456884
259513748
612826943
738705587
525126410
1963525673
1315256944
959779895
1709483464
2060765899
597628470
536239965
168882804
1382108279
895197311
1370804614
699565560
1083083321
331487030
1079918675
1474930709
58666870
866662848
649111552
428119480
1448328404
1337782434
1062672218
785028709
1929319881
1315605825
1851728222
75871952
195173567
517866435
866487920
1090280074
902604769
366256401
97167157
103610073
492615813
606592765
933892877
1009871008
119111478
497490047
601351216
575960957
1530287708
1623785498
568593252
1379612657
239238539
993712735
834604376
1873616570
642580325
980524680
1043231649
69252926
785435692
1245790020
1567429454
610275103
1056158439
272661907
1316676393
1333201139
459506480
1434699718
870431629
567207950
977748376
656393898
1299184095
419268470
1357838520
17586878
1598005674
1770245623
248205526
411757471
1961899355
782111064
6207536
2000620420
98771094
914504355
1911326183
1960218853
1714302514
2115149216
1095180683
1653499960
1031087064
1263113574
1055185215
1949532115
9649460
613488648
821276809
697520118
244244693
1576702827
1377767865
1606787297
2019395749
1191085368
1572793330
863064351
589527049
1764777964
718694362
1313340902
360348045
826961677
255917274
1854967702
1803845195
155094135
1062162706
1708575839
784505060
246651092
545385949
735458048
1266052623
1923402025
1051095804
244875179
1968952545
601291662
972853857
480533763
980025502
2007590133
2110963354
1612636998
2007445046
1317669420
1172248024
1644865415
797929310
2856415
68662172
360267029
1790889292
782319060
2039886588
531639032
874028303
1205766457
365218712
2047899545
1160347528
1038346778
1146098452
1830816896
194979593
742276077
985599312
193352762
84450440
1150179655
1522783532
1279366225
205741696
1286544049
284280817
2062591357
530928484
48443542
1965735261
2078591961
2109286848
1012492883
1097037392
1240043854
266493935
393026673
620235789
292332557
672648563
108099567
692832813
1980619574
1152854004
481412280
1820097828
1019192222
551656920
1253937459
925359985
2141337253
1350123643
808913145
2067951453
1976048965
1582864395
1095419042
510236529
372810027
760830723
266044600
512734071
317517307
651486018
23161294
1526668330
1481557174
857250503
967007144
370803581
1812710200
326253068
2028630426
143625093
1493066204
1973113339
2100973040
295379459
899541308
319372177
378961538
1340721809
150520340
866002702
898372711
613523817
735093059
604611798
1110951115
532840654
774255090
1081254376
1811154136
2048611095
1970929614
1500148215
1541386961
209599327
1197638513
1799889194
1973747262
58089154
1525895904
814016365
460415298
224704596
267360303
1378236274
789224712
1079378339
84021311
1129284424
1333381980
1547327974
1347875749
1314746518
1342486358
416806340
1947749293
2081281651
591318833
2128396731
1217615223
1003716326
1862148409
226984245
1079358776
489309685
1091958243
2032112672
1098603428
1143984236
671070454
1115368783
1993482087
831435820
1463026663
1338401613
965094608
311266349
47940
523904505
282758537
1332810257
977686854
1679344291
723724929
1677195110
64315273
1706442977
233425387
19454073
440854999
1110278639
419277662
1284915921
1295825951
1061661888
692421661
625109327
2065462661
1118441638
1587920241
1091289056
128905877
1329023129
2018047794
681924828
1672931471
1532168487
976679014
2133949949
1101833190
1594139384
1988499456
591568640
2071591875
678093821
498477002
1357795282
1316007107
825532725
554060637
425701496
384199875
461099804
352286028
1469200510
923085263
1947586224
1108583520
1899200536
26412608
1388954912
1866267389
364527834
953992157
780620820
1930668709
237660176
614887487
1732874387
1627379091
1231140027
321995828
1433376405
572303496
2026240809
2116208729
2107262758
2117340834
1466288175
1804103882
19889972
353272169
61718023
913572342
421376245
961058531
224437440
1558196364
1996450295
1947733989
2082850917
2127695506
384626630
117721198
1449189038
1411577748
1791147315
1504840739
633359966
1143459321
1359366727
1554051325
715280952
799374193
41887941
1043888645
113185184
659539595
951131988
2011522097
34433233
781102947
1027902801
1366007665
1681504951
345482616
968163632
1058510280
1692517995
405473435
1811057546
1950450321
985537099
1100711683
1856043208
146783204
1569808049
575408766
1793637227
160493585
29315672
1235879618
419426550
1096120647
175174216
16063202
1078889337
1010764122
499705721
369235932
1861700025
789581721
1568863243
817274446
725600257
632838876
252361248
945530185
577540992
36870560
1010947669
2016959550
214616670
1872656968
661841884
1531705877
208630366
1917668741
686735415
1284778845
1682788400
531836114
1697289363
1832317341
574925140
1594672917
1787407038
927065545
1566374566
891950443
1944755143
798879697
1208962444
1162893821
1211622961
326477139
638088632
447343373
1362962899
1572708719
934617497
1465936909
1618872143
1945192379
1893615459
812005102
492911917
713786446
154867898
691918710
1817328787
1097480951
650528502
1440389834
1143279523
1732523919
1953956373
673404172
1504447345
616862060
1633336386
1657839389
1588357023
953914349
580082686
2121395843
416707992
394550835
1326327529
1803094374
2025312613
1539279854
1484934959
325154997
996771375
2146851157
520793490
2072099429
1101119570
310301744
1780273679
133043674
460343066
229690383
56112432
674305118
585537564
2097435548
1078653933
1755037645
752885299
506316047
1014374464
1907353939
1001168406
993549238
1261588548
1170790990
1529254546
1214223539
2050340360
1741353293
1516294762
1727572170
2080877046
40422715
1748138440
1228968272
708981211
1721026707
991801694
511191616
1489022611
1797236436
704482590
1786717033
224623187
57767410
321969298
154637001
1719853457
232244736
1060857561
528947700
556302483
1798600946
1203022910
1994895533
105688979
1409977473
1668474742
2085176984
340150155
2115657766
382904438
1889963527
1911925155
269818178
1852244718
1413636593
412652341
1720117084
2028202599
1378375937
1313007737
1182346
1112798709
1063401418
1985036241
999333352
272917913
1098716183
1097635763
1053902917
2015748917
1972640608
1216561455
2021856478
609098028
558108250
739354909
900126274
2020464789
1758045093
1138117092
782275925
1569794333
1648239529
87470057
1609150063
1668955255
1082699643
1422924433
1452039844
1191042944
1716503800
1888281589
320578335
848798451
1495118325
1136687394
182873255
2035652036
2015611020
1893616905
80955716
1478429469
733169305
1627181065
1036109306
1272415732
801112638
387716632
1906371251
1402373190
196087200
79197577
650007101
1857979378
1971102643
1093404796
373784679
852048692
1893453874
1785109222
934230094
1908711100
837772458
1647456059
516076727
1348202347
351071406
540206007
1507247249
1786882473
444298029
1756602950
1152576926
1275252837
2118060768
1740481813
232838955
874098090
1867983837
630159799
283664123
941474523
680794185
2112408810
1155848770
458244747
1761122858
426436880
300295373
1277169147
1474333787
1277325606
1759002686
934662193
2147074200
1154318976
1532388725
315125937
1078195385
104466180
251300363
876853211
732276988
30056991
1216904184
114204385
292473211
745357895
920900948
1599890786
679427261
213188910
1177692730
1615537832
450267496
1375313024
1157558985
63195259
1362289938
871985497
1439486788
2025766303
691609145
1696564294
391644250
1237890545
293860170
769507318
252165503
591263258
1829800155
103036030
667460472
829010157
2078724350
1300283717
434658550
568745059
750245293
1065300883
648712026
469474352
261683296
1058571185
1985062295
23198722
1008883902
704674492
1431954229
1431688021
1177007215
369863435
1674274162
383667445
791032336
878462266
670028931
440609810
209103168
1310913491
1585620728
612075769
2054887895
1713997720
1505687869
998858613
1551311926
1806687856
1822169916
1138321601
984511674
184553196
674895392
847010600
1105278027
623215220
1628539957
637946171
527282193
990070802
1410233579
1169324718
761236037
1933609434
1198741242
2075506896
78112293
851881717
1482343071
974039206
381624577
192631882
1577512451
1883466914
304597618
1561912775
2081125821
2113234948
265530794
590037586
1507550062
229088718
1298587111
1440904262
2038807691
1109509469
249681922
1749297323
713882424
522309290
1618668323
98905848
1961489230
221196315
1619016343
1600056187
294700416
1006565381
1948175033
1137264236
1498849937
76364738
1577069326
1296056719
587284679
192945771
1509388142
663027328
2041906525
1731348786
915360348
2092736414
738526257
243683167
1733704310
1909198230
2042107774
201463781
1315101960
276188043
84439492
1263077024
1205442491
299082720
265759684
528301870
1885203306
580032417
69431464
452721511
980214293
1884822163
556599871
1508806521
1271081454
992167382
371470181
283727269
440962961
930171700
205821569
2028690320
2023991633
547427082
2060971559
2116373318
1219732909
1398968016
805043678
1822140882
47927011
880044615
994758909
1956652403
57111963
1630758205
1472687534
1658801531
1150031042
1881751552
785889813
1610329546
1855365241
746439773
918311306
671410146
640225828
780866900
1174481921
1378419621
414737311
1048514394
2129533323
912773555
725765005
914760521
1479291893
2104744282
22621392
1427682792
1791330446
1139403834
140659477
2085269010
1534483463
88086903
860976774
1628273542
974883443
635329177
1466859682
1070563404
1006609773
1381954563
1306782762
1734895295
889229912
26878734
1562077747
376475195
2049018561
1870681024
1734596185
1385846883
976847074
1904195631
858096660
134660368
1294731840
501594990
119852834
1685801681
932909684
200960559
270532898
913697315
1113700358
1377536766
194297410
318519599
646763893
327073817
1321880336
156098106
772528211
471706853
746659181
636923565
1193060493
71612689
1140673185
230406337
1184858568
636267339
1755874439
1831271878
1479262439
907081112
1667332072
631785233
1745668010
1865952595
282688999
1509826432
1935554673
1577175238
675197584
1065393067
1198582814
1013177439
1241490066
832060073
2140546071
1710567823
819388942
583387516
1300535915
1389080900
1251999365
1740952345
1558393356
1287437313
2010930671
1679869720
1614752058
332179863
1197849835
78487798
15716354
334776962
414522897
1314355713
440919257
1404495073
1971330146
994643945
857004395
636536595
274445025
2082466271
1223582067
1768827371
1085451067
258303594
1935461824
400276625
1976501665
24026056
126014809
1730008053
1310247863
381261051
1474268858
967890928
841080996
1501369718
1896315707
872753145
599621706
17345894
1342154386
124932481
1364934544
1499826325
659815535
1526796778
1346928602
671416831
1160910405
1149845034
444098458
634430964
1491329833
1360546297
891392512
1883237605
2098834386
1407633585
906086349
483563728
2091455680
988733900
545993542
1091780419
1893654650
1025200884
1204003139
1270098446
760959984
1336293829
878018918
1242650762
30228223
1077444392
22771562
1661275007
1675479825
1666080323
686452625
824763831
190796261
1609769247
1483425855
703875869
1249091172
1655557338
1402225317
491341968
1325537714
1662654341
878939285
881585738
10257991
499425692
1912558965
1576314599
368642865
2081885470
351600720
386708757
1771204987
638594129
471344389
818717143
703305131
114172428
1666921121
2068252021
92352357
1093922239
1619436747
1522971908
1824862508
584154374
1439751764
1533935245
1605444168
5045477
1999100654
1934966237
1689318595
1501414559
94308863
948024297
1241381263
1876218936
537314443
1550985947
18461891
2100592774
358084686
1762496701
1880257537
194545391
880116202
1930973889
834119930
9003714
99528765
395830059
1124215307
770268722
587713228
140014556
550804224
701987059
511493469
918523771
1476026361
281796203
105884321
735501121
2114952298
1095976341
329664525
329575265
316858429
730477687
1096647881
1025422355
1191789842
625918269
1756231105
1171964220
1474813350
1051658994
203710682
433585852
1602320721
302269404
1433010495
113015635
84270506
1007535985
486768345
328020016
311408709
1608340985
1365945053
2024175383
516991644
1746743233
601240447
541948208
1119810059
80374265
1036230852
422412391
1775128053
361330475
369822837
1981330817
519431685
1122008408
67708719
1209541
467604111
864203697
1516453015
1906443066
641009940
538026479
1647446187
659492514
1733005028
317504336
907759669
1301676534
475198430
141913902
3100249
1194907801
1529984851
1177905468
1952328012
1211218460
1308645641
1446402912
1428865063
1415006381
1932130395
1396067112
469976018
1637297180
578585470
1742273771
1333603610
1663697803
840784094
371635838
649675240
1575782322
2105760934
1865560974
596474759
549210061
1248175199
809715105
266190884
720571171
1545468591
956381604
451510613
763527475
527473988
745520432
946041295
828541564
1662957256
1455594846
906601532
2057241576
1530869523
666392899
138904868
1995874007
1177668449
1374757386
1884307975
1347088325
1681512632
1127711405
1698123661
1186626967
42695276
1636403535
1995825365
1589656454
905094846
1887759417
153567723
1505785768
1616690078
4605041
682829652
698476568
2039403920
1232279536
2059150538
856826050
173503150
1000869255
1025088773
1082088397
951059394
394282064
1686609071
239476390
1252732307
562063561
2141991546
229631396
668376130
1996472722
1194915406
1623760988
553872073
1397951941
468226459
258173060
1263943844
497069806
100874957
42171772
1831888780
2088974502
210908636
224734846
605371231
999759824
328829954
456326500
1447261724
836887407
1504726151
1353573391
527432202
843884833
289589433
1851016827
1711791095
517072700
1842306295
142719838
934907806
1931302530
10844397
272266614
81868834
1440155012
1815591130
1668790135
150093495
1145440146
1007485453
1937202321
439906656
537188699
384414831
1902583704
393022419
1774794021
1074340665
375712467
297806968
1080209577
2085660357
634919523
607999888
1135550092
1818802562
1698446156
1710869106
1308183926
1371386370
1228173605
761626865
1520852689
1102105646
633818201
344190683
148868896
282809242
1368750871
501190554
262793722
1129373937
1985634011
148606460
1681589152
594197650
2058104986
1001973263
854684226
234199093
308411782
374899494
1758027979
565965254
115369595
278526969
705770852
1551536466
728935438
172928745
287827341
1701950494
1516515630
1530077279
80622035
622630614
912735864
861707606
1387111213
1933717722
462974997
237454321
1808516087
732762813
280680529
1930474564
726511245
59079113
851411129
2066598712
869772156
1554500281
1525388270
187558281
1184250215
981648778
1704663564
121923815
339310718
2876523
1364382130
1475936572
427922323
1854765008
1647464366
652869645
101343450
1392062887
1300246343
219632634
913183806
723710371
1453112615
1736150623
775585122
1454556340
1858348770
1386749213
271706931
1968843159
844093735
1961631346
1669885733
835177609
825710210
1281446149
1826609683
789974039
1611362507
1496367615
1699769517
1115928849
1999335214
614005587
1718736285
1401660316
773999321
618239006
800569147
400992103
965921852
692331817
154046185
684525814
897315583
1181795210
89749516
1443304986
948679302
1628717930
1698620582
1730812801
1582083353
274244835
1178207636
584966506
500971444
989605119
1116224609
1079509361
606113899
1258409189
2137362629
326993800
265015671
444963088
327205824
493907975
1903610592
863122101
1178548811
819311833
862424265
125838663
1163041216
1543093207
1439304787
1815501333
1847955400
239343668
299756848
800252944
558030844
1195946252
2005080516
821396907
1991340314
324239135
1027568633
895054555
485602279
78459804
1978828959
184676670
880041372
86653461
1838206846
1968543831
883429390
637183890
1980670459
1465783288
767240542
189319362
532394595
69102265
1015584088
387785037
1330802134
617605796
1887050348
1582943812
76239571
412483059
2065185863
546069946
1018881627
1253788144
1176989198
116673900
1182896581
2014222844
1496575543
1099793051
410997534
396114093
501827076
223423739
1509018170
921205006
19400348
844408515
2143407195
404378122
1293680070
974455781
728647805
1162939874
1748941893
1865884247
1175774780
1036922843
1641408460
191835537
355821923
1204605430
1941598876
1128245007
1599308818
384949463
850227906
1223632405
216752523
659856327
869331686
1637163123
1491587993
1448431317
447133393
730934910
2005773468
351239447
215780734
977624094
