524.731
448.644
243.772
198.946
592.48
657.494
837.476
255.479
70.038
568.873
796.319
433.569
308.523
285.618
298.832
310.439
867.493
766.485
874.492
534.41
70.3918
138.984
377.995
658.359
726.517
603.95
720.686
551.237
342.518
221.515
672.406
825.777
279.086
668.613
555.276
999.399
574.247
337.209
917.616
791.061
105.329
541.695
736.236
917.428
527.064
780.504
486.079
496.188
961.455
873.916
628.767
91.9113
762.095
815.658
999.718
90.6314
195.865
534.328
964.371
394.014
520.681
681.757
517.826
953.776
459.779
534.301
122.156
883.914
329.504
110.917
618.351
394.817
245.52
445.19
74.6975
582.607
666.574
379.491
703.251
812.888
618.549
326.076
706.628
584.943
935.563
725.57
27.616
15.2023
748.641
757.066
836.177
493.403
813.325
560.774
277.391
337.278
491.087
433.994
548.225
989.066
759.084
280.334
2.02497
186.871
320.552
921.97
381.968
724.359
103.666
632.661
846.026
641.995
378.265
588.07
507.167
621.611
673.261
548.1
317.39
773.499
257.419
437.554
269.97
92.0814
344.603
46.2923
781.023
433.905
422.224
563.37
392.644
652.069
277.085
342.515
471.759
356.791
832.765
185.295
671.128
905.843
822.19
555.638
584.247
544.767
430.865
802.893
230.123
889.581
271.794
483.786
915.935
89.1531
631.383
815.624
267.508
326.137
674.222
758.517
114.574
760.735
858.892
73.7239
748.205
427.405
920.631
314.341
313.109
938.525
471.455
215.141
692.176
499.168
184.13
517.566
822.524
702.239
121.196
316.608
542.045
752.785
580.2
487.016
597.139
204.261
715.648
341.082
592.932
408.689
609.365
108.808
387.069
758.105
664.356
99.0956
620.39
388.611
541.689
998.422
849.002
432.986
21.9617
958.189
651.902
636.595
407.544
195.478
399.118
327.853
472.034
332.429
293.243
383.29
670.265
690.138
260.961
113.303
835.12
63.1415
143.037
473.668
973.644
974.757
986.234
876.065
930.058
162.308
607.206
215.226
580.891
690.405
707.957
778.3
169.287
31.7077
859.55
71.8972
251.529
95.0826
523.104
552.735
226.96
193.712
785.517
928.32
338.874
518.961
695.79
394.714
482.875
773.765
493.316
579.757
833.079
191.674
822.292
383.495
715.762
459.911
379.814
564.891
923.406
827.682
705.583
167.706
696.247
431.352
798.262
451.876
408.22
137.951
449.816
283.643
912.776
795.848
90.6731
212.435
942.392
999.677
204.09
140.115
653.076
404.909
119.799
374.479
679.115
360.479
60.0592
399.866
59.2248
526.026
463.926
230.607
336.836
79.5094
839.363
215.118
576.154
742.858
122.298
498.028
101.82
815.114
894.577
533.562
421.435
627.069
919.813
474.865
63.0759
757.178
591.315
481.199
318.426
179.681
796.666
918.451
68.6661
471.999
839.304
649.675
755.404
775.107
821.988
583.146
991.142
378.535
896.713
968.33
460.03
357.655
80.0414
598.377
394.661
407.061
684.705
724.953
611.518
938.15
543.409
642.005
507.52
204.786
18.1186
214.272
552.138
17.3975
669.639
169.785
221.19
847.676
483.401
439.517
405.192
423.595
736.151
798.621
560.605
393.727
176.33
269.898
58.3486
192.377
862.783
309.455
700.293
770.149
149.799
465.669
429.234
541.031
262.162
635.058
137.127
425.387
215.835
22.4544
794.452
692.55
505.157
628.654
72.8006
896.672
696.258
357.829
233.686
290.493
492.011
371.215
407.817
944.712
822.816
965.657
917.313
412.277
379.291
268.442
3.61262
189.413
750.318
297.516
48.9555
736.331
928.636
212.844
30.6179
243.97
565.246
795.532
763.675
247.676
615.339
642.009
287.401
189.391
247.531
197.279
177.987
976.834
363.142
411.061
349.699
857.515
274.584
460.909
89.6618
658.562
956.155
15.4626
288.012
797.793
444.422
917.477
533.281
869.781
19.6752
849.753
478.568
991.575
538.629
547.47
511.751
160.143
958.716
868.45
724.858
347.398
646.11
599.822
744.526
924.064
396.399
227.278
505.559
761.716
325.044
124.261
200.008
279.616
463.916
226.04
669.569
61.7519
293.116
371.589
512.63
17.5511
759.609
148.871
309.976
460.645
5.08451
431.577
124.365
762.826
916.757
403.261
866.201
249.753
301.901
924.4
135.932
851.328
498.015
696.169
727.173
328.999
297.075
39.119
404.708
66.1408
368.981
853.703
738.263
833.315
803.655
721.479
384.375
300.496
794.226
290.245
50.8609
551.784
899.145
353.333
565.582
418.702
246.163
63.593
695.858
55.7425
675.873
837.307
147.421
71.6622
320.465
914.571
110.902
453.118
830.775
602.842
746.262
990.202
211.307
682.749
606.22
468.503
511.246
683.553
531.494
327.296
915.541
14.3141
414.898
111.926
752.668
680.866
167.008
949.35
706.957
333.811
540.914
544.022
918.401
125.211
332.721
187.093
450.124
638.362
91.8356
871.265
784.491
473.548
402.246
448.179
7.88111
791.17
162.997
512.181
299.021
740.842
60.7658
266.512
337.336
640.497
626.077
463.903
590.005
553.087
261.491
817.35
866.339
470.989
367.411
268.165
495.878
230.823
939.526
662.641
395.7
6.12156
619.975
726.843
749.131
364.579
328.773
507.618
81.9713
423.726
37.8908
449.309
956.298
227.51
560.485
47.5424
21.4829
620.931
73.3988
127.421
686.458
285.486
461.35
562.595
578.341
270.568
33.6729
28.6188
305.615
11.2328
114.485
779.237
877.446
47.9559
918.44
573.648
675.76
186.621
798.494
657.999
818.162
775.179
769.279
22.598
475.116
886.008
377.72
190.488
555.054
129.37
797.598
231.45
690.013
373.576
81.131
992.507
639.242
992.169
0.662973
161.062
779.026
218.896
877.718
465.532
917.16
479.469
323.706
321.458
116.476
37.4799
333.113
565.404
843.17
183.687
680.995
616.573
585.062
396.893
915.093
764.922
78.2057
185.238
309.899
118.011
606.354
594.003
204.903
626.158
118.784
945.557
999.372
141.173
473.081
205.275
366.864
508.628
228.961
280.897
707.883
623.023
578.564
539.516
530.456
331.092
132.445
234.343
965.731
208.047
26.3649
381.297
447.095
977.568
762.845
812.843
242.807
637.372
147.163
703.301
898.078
892.301
867.156
236.768
155.241
5.80267
650.055
347.143
850.666
643.705
410.847
561.395
983.01
202.466
491.934
24.7318
286.047
753.98
542.546
272.883
475.474
382.992
61.2865
376.059
955.933
888.885
342.084
735.738
332.921
634.649
941.696
234.315
63.7654
581.304
697.765
174.392
69.6092
90.5554
345.546
695.538
12.0762
22.5574
437.036
208.483
187.398
625.09
289.842
67.5183
909.239
97.0328
269.304
829.545
718.975
919.827
723.78
281.506
486.905
758.55
190.467
106.247
235.789
127.822
111.647
890.27
443.656
50.988
745.788
836.003
358.199
583.772
424.788
347.374
0.905028
561.036
951.088
822.648
653.988
8.58763
102.887
865.056
633.854
857.556
731.762
453.078
566.245
439.101
307.439
781.896
523.312
519.864
454.981
770.143
672.783
677.141
709.281
36.5031
263.441
686.379
502.502
294.757
146.629
396.923
127.228
39.714
755.99
665.4
859.808
437.095
760.753
175.664
566.298
965.372
23.3732
41.3946
381.896
454.919
160.084
619.592
591.72
238.514
880.895
883.044
736.854
566.485
410.019
445.956
518.863
789.849
22.755
113.36
25.3999
6.14263
22.961
851.406
599.399
466.69
96.9057
837.568
727.925
522.67
763.121
748.056
240.489
843.056
770.646
441.044
940.126
63.5201
534.645
480.807
306.458
555.424
621.806
567.439
824.126
162.605
569.294
452.94
721.361
205.682
929.66
666.227
824.083
854.881
947.273
681.752
916.068
819.089
85.1951
659.283
473.566
777.92
208.441
681.968
144.912
822.63
392.134
417.661
556.594
488.827
441.023
231.891
334.647
517.882
488.11
162.64
975.005
924.263
771.065
515.723
922.424
62.6138
479.651
609.162
921.938
361.992
618.269
855.233
89.6651
46.5879
155.142
655.176
864.492
204.325
432.466
744.904
905.173
849.574
316.69
686.979
398.233
396.926
879.878
186.935
153.517
103.395
354.822
118.501
252.004
320.941
609.452
385.933
43.6579
744.851
679.2
611.599
593.597
552.012
796.92
707.881
567.994
342.646
514.068
534.746
315.136
966.678
637.88
433.917
13.4461
609.008
868.861
609.141
161.618
294.832
841.093
246.705
13.8833
265.452
202.465
364.07
406.86
366.314
959.278
575.645
577.163
722.203
413.828
977.506
278.17
980.365
87.1277
896.912
720.227
352.06
312.164
313.234
484.401
538.623
54.8501
835.254
702.156
492.035
646.729
482.425
11.591
325.45
750.457
446.76
357.779
689.894
109.174
55.4163
816.233
593.857
615.136
375.231
703.369
127.75
460.707
128.57
168.271
420.897
673.434
669.551
811.176
601.164
81.8484
811.411
174.26
633.35
683.608
925.412
930.952
909.732
794.279
340.884
445.673
972.676
123.382
71.9894
974.37
23.9533
762.316
952.375
968.186
67.6262
762.489
562.618
772.142
933.168
645.797
841.285
974.815
713.561
515.748
948.272
963.847
650.697
946.666
34.2734
29.1214
419.447
119.069
813.604
986.951
454.806
668.299
755.893
584.256
176.666
925.653
837.55
394.153
77.9424
989.652
924.189
999.449
928.18
780.803
303.957
647.175
221.706
645.513
737.953
367.602
272.258
501.112
732.438
610.281
471.319
99.7051
928.639
535.983
521.905
957.475
425.623
198.277
410.895
399.815
141.593
386.576
359.258
141.206
636.21
21.4272
499.601
810.028
84.065
783.459
973.669
878.705
745.691
413.661
58.8246
932.918
531.585
591.678
752.841
52.495
316.35
930.665
541.788
51.5592
19.6524
825.368
308.283
285.077
129.12
260.87
109.542
850.052
64.2558
292.466
859.543
46.9391
352.104
505.056
421.099
503.591
52.6277
69.1884
776.078
61.1823
798.036
949.246
460.486
368.457
524.713
759.485
381.267
694.623
823.7
780.736
169.79
147.809
426.198
773.034
960.025
748.841
800.283
678.578
634.805
460.926
55.5391
789.892
279.608
694.555
240.885
847.506
578.697
201.548
850.287
170.747
832.62
928.803
609.862
858.264
959.105
935.215
862.104
318.782
441.908
76.831
558.433
607.458
535.425
856.042
755.217
902.478
828.941
709.189
831.925
816.536
375.542
500.075
429.661
408.271
240.419
99.4338
376.292
752.167
405.062
495.443
918.507
707.773
252.292
808.973
234.984
269.253
267.151
118.708
37.3817
196.354
426.022
952.958
672.011
852.984
957.355
322.401
374.929
588.207
578.832
974.771
582.977
67.8209
925.337
200.412
604.474
637.567
47.8682
636.538
663.119
708.953
594.236
565.975
769.986
896.595
477.589
719.226
989.861
995.75
538.41
431.205
153.559
117.5
340.376
618.262
647.092
346.898
881.601
697.666
566.966
59.7996
612.285
619.269
769.386
633.389
830.096
294.213
426.445
273.17
768.979
143.349
916.592
318.187
639.268
331.345
767.734
892.188
541.361
662.537
2.69614
560.372
726.904
580.584
437.469
601.305
676.027
303.375
97.6027
186.739
92.9988
732.865
57.4059
706.746
282.614
380.229
296.426
415.295
683.285
441.738
999.547
686.559
218.263
229.831
508.149
352.764
842.499
115.13
533.07
680.901
358.848
754.678
453.946
582.174
543.46
783.712
508.107
131.69
537.257
25.2837
385.228
606.807
649.313
144.414
426.716
184.07
390.96
139.929
32.4046
523.194
68.8397
54.3836
518.047
521.74
354.233
295.434
77.631
58.5959
298.499
333.694
482.511
23.9702
554.847
683.595
8.23682
27.2933
509.944
724.369
898.879
4.23988
430.667
395.343
552.3
335.247
38.0073
248.796
898.601
818.729
468.552
988.275
23.7837
894.119
851.715
12.3589
603.215
317.472
586.08
753.118
811.877
193.341
349.665
703.125
993.576
951.809
326.056
0.821129
937.686
822.865
611.145
655.688
333.754
348.825
214.427
884.324
71.1025
939.419
55.6651
366.762
7.76197
816.8
344.117
367.726
651.705
525.548
316.106
776.904
643.923
555.27
490.492
960.42
789.724
303.41
14.4765
465.71
699.498
309.087
838.562
744.922
436.628
334.231
44.3165
147.138
257.325
827.989
707.682
44.4878
909.566
659.543
910.075
497.071
646.552
771.446
496.449
800.259
229.918
821.746
651.315
397.033
641.161
633.189
438.646
357.541
893.415
739.255
888.403
135.935
412.831
850.583
660.488
896.968
627.753
205.424
566.378
976.034
118.773
511.128
460.11
188.693
413.385
230.634
44.9663
759.756
990.547
971.658
692.139
696.354
544.123
553.389
285.276
910.808
56.4592
265.393
633.342
312.469
786.412
908.94
17.4699
266.015
177.98
387.822
729.797
168.042
759.64
62.9288
938.766
663.576
909.741
424.45
181.646
26.5364
504.534
192.709
187.404
108.922
803.02
11.788
408.452
746.018
832.706
930.475
565.744
641.147
164.207
807.503
56.3031
173.14
457.618
269.997
244.48
730.966
952.618
486.493
357.255
618.778
95.7104
582.737
969.948
155.422
456.113
276.706
332.351
757.523
696.187
189.281
117.836
815.078
618.32
201.852
541.37
391.84
708.897
288.505
289.128
886.164
407.889
7.72374
825.625
26.6145
832.001
559.552
527.894
33.1946
418.029
214.653
764.545
610.925
994.577
420.667
655.587
146.796
963.698
860.718
372.446
121.264
424.052
754.131
662.804
217
304.16
278.625
898.783
884.069
524.32
887.958
576.99
504.035
260.223
683.754
463.385
665.303
947.628
762.743
733.361
126.629
418.34
441.7
657.54
590.954
681.803
505.982
916.368
552.115
317.82
630.677
172.494
904.716
194.102
86.3678
410.304
243.119
502.806
917.51
978.841
417.739
673.956
327.038
600.195
892.4
87.2037
825.483
573.41
260.209
199.102
319.418
397.912
260.375
528.669
188.142
334.731
205.681
213.069
198.273
433.474
619.162
636.818
955.223
83.7509
406.439
46.7197
313.758
647.8
202.451
451.181
545.191
533.461
851.806
342.515
67.7058
650.717
862.298
516.05
623.457
429.194
241.21
147.41
69.1061
966.808
341.908
252.181
526.135
830.815
249.936
128.744
807.637
81.7281
187.782
579.445
546.31
168.657
357.893
837.245
744.347
22.9099
345.048
679.865
953.067
416.992
510.333
192.207
574.994
61.1087
906.623
807.068
923.138
971.977
884.369
396.17
434.281
3.03805
319.791
346.04
530.812
595.435
946.254
299.862
978.127
460.377
593.108
906.184
563.854
91.4974
801.767
832.928
606.357
426.726
691.986
91.0114
211.467
220.032
565.695
491.924
569.598
471.616
363.125
729.407
604.936
718.977
106.277
34.293
341.897
869.485
85.9301
776.277
782.385
207.077
56.5991
465.507
434.488
21.5486
713.326
794.46
896.153
169.211
427.332
126.291
776.367
599.81
634.883
915.16
384.645
188.406
503.821
187.826
893.753
944.958
971.934
440.734
390.03
81.7845
965.423
145.043
383.21
383.735
397.355
801.56
919.033
622.123
326.121
961.603
592.171
296.349
661.96
407.762
116.1
82.36
862.836
364.896
995.775
960.831
804.948
46.9625
546.562
927.296
171.468
415.339
490.39
428.759
327.615
870.806
571.961
594.903
370.602
881.508
711.881
945.557
317.536
685.871
740.572
459.065
758.944
141.111
530.633
718.629
624.7
218.674
613.168
746.254
424.919
297.516
75.537
157.873
711.561
259.816
597.437
390.531
905.519
952.547
995.573
65.6372
725.756
108.954
174.012
554.455
496.351
608.478
180.357
637.022
677.228
540.092
362.903
817.868
225.983
985.632
829.915
546.399
340.752
585.807
401.181
842.23
825.066
636.715
589.194
842.381
650.384
799.393
381.097
655.031
244.321
115.006
444.22
850.95
904.092
295.47
32.3726
567.038
405.411
610.727
214.536
795.294
54.8508
792.487
923.241
134.494
904.797
408.414
770.498
380.902
728.727
84.643
101.863
509.089
333.09
737.834
554.177
165.785
381.007
856.09
603.089
980.407
721.05
591.95
589.1
138.197
178.15
516.899
305.076
508.744
378.234
867.698
926.715
558.069
776.393
788.106
336.131
570.582
51.4646
748.77
396.447
783.345
157.053
92.2807
604.176
694.691
897.647
594.382
601.391
498.758
74.1171
416.373
49.589
653.72
239.107
723.913
333.118
492.075
471.433
205.243
906.724
394.324
449.503
394.602
966.812
881.67
434.855
17.0839
600.238
438.28
604.502
957.899
941.835
489.283
858.924
126.089
899.425
667.702
723.778
649.835
133.082
873.15
28.2077
993.033
607.083
119.393
529.545
721.751
774.875
389.197
740.135
541.066
368.991
656.522
651.7
649.92
611.878
531.804
429.219
471.846
155.923
160.239
120.805
976.11
120.441
720.663
991.781
436.267
592.162
189.499
807.49
925.841
968.991
646.563
655.813
734.348
582.832
894.28
190.531
327.076
367.514
266.457
292.382
360.506
626.908
335.554
465.694
509.307
593.884
546.967
22.952
633.227
793.596
264.762
543.62
801.463
778.738
95.5224
841.317
352.31
586.853
846.234
927.359
966.828
980.776
889.592
239.278
412.151
826.12
767.893
808.834
414.091
690.843
417.059
502.01
66.1965
230.932
678.749
978.366
305.906
165.795
674.514
422.038
585.49
612.859
916.103
302.556
749.802
412.159
635.342
670.025
883.383
450.343
41.0513
593.172
101.023
214.731
995.719
956.055
788.803
150.281
787.785
663.349
32.8324
336.743
234.201
416.871
42.0902
484.791
650.347
247.264
437.071
905.917
279.375
372.543
760.251
532.416
479.934
245.618
406.208
44.6453
370.057
710.265
72.5964
950.089
146.462
451.595
517.876
2.7718
13.8576
673.534
863.074
555.505
530.085
510.645
393.823
407.858
302.415
761.672
72.1911
9.11531
851.45
372.287
37.4903
760.533
225.441
777.711
809.315
850.781
623.954
903.278
767.847
971.47
40.7297
801.87
605.194
268.184
316.873
648.878
661.886
561.714
203.568
13.4086
494.927
752.432
155.195
952.558
294.126
129.558
836.555
835.345
263.192
230.846
350.13
774.403
218.722
824.817
229.593
834.592
106.418
357.751
453.669
584.571
78.2304
865.351
399.864
174.281
170.644
391.155
461.274
650.581
442.838
580.827
312.913
185.562
909.214
486.523
748.643
885.796
484.806
75.1944
968.461
802.942
971.021
298.43
921.694
181.397
375.128
362.029
188.392
190.199
377.866
496.674
183.315
805.233
852.882
745.844
609.392
873.211
78.631
175.546
876.084
18.3474
762.449
297.668
78.9792
91.4979
578.274
163.211
447.084
533.595
479.799
504.631
381.254
882.076
231.287
922.787
199.107
820.652
56.225
560.993
977.432
617.2
962.091
77.488
841.948
547.854
596.406
312.011
236.307
331.847
628.967
589.282
38.146
643.69
857.407
562.204
451.051
197.29
983.437
273.832
849.468
559.392
306.187
316.053
791.309
923.877
193.642
644.07
233.567
318.958
905.43
531.852
223.334
709.136
198.111
40.5479
514.679
854.08
710.97
138.374
345.958
586.575
735.398
628.813
57.8842
938.823
958.836
389.204
36.4446
676.072
755.434
122.348
213.361
762.533
695.88
111.066
777.872
888.49
60.041
24.1973
965.241
809.354
165.221
40.1129
548.416
95.1754
442.891
771.23
619.081
248.835
96.1843
234.15
192.994
637.242
303.317
412.043
292.617
484.517
768.148
498.926
268.991
320.054
693.719
352.836
936.414
856.019
218.698
873.069
460.337
715.097
26.9118
265.17
104.153
745.004
248.701
478.96
787.999
674.396
217.614
465.321
716.734
496.574
940.393
465.771
9.97404
451.945
861.391
947.032
620.023
634.991
249.315
346.073
800.184
722.075
164.69
777.769
823.002
826.272
856.873
758.907
523.179
86.4795
731.23
753.169
921.231
920.097
877.565
579.863
680.384
369.601
982.863
45.1823
359.941
189.576
203.373
342.672
393.624
116.356
947.089
76.4892
871.767
579.828
237.539
137.036
612.977
226.676
378.817
7.07423
636.01
374.941
520.939
503.818
88.5421
588.102
700.501
28.4348
449.508
197.786
286.48
361.456
529.482
900.663
42.6949
126.703
473.591
668.257
290.434
666.38
788.756
627.574
746.113
98.04
927.28
362.93
364.333
335.422
358.244
150.72
46.6834
377.973
433.776
942.737
7.04568
939.642
936.487
761.732
306.649
680.929
595.483
445.156
993.865
816.704
340.092
77.4059
77.6403
537.03
772.184
773.524
417.93
542.866
569.842
832.512
485.743
560.278
967.694
358.5
799.008
155.854
413.885
773.527
913.926
685.601
192.193
815.296
895.668
126.328
572.891
553.593
723.808
671.774
660.635
175.218
639.081
838.347
925.847
112.006
806.592
883.079
712.01
931.154
170.172
258.187
220.24
10.8119
82.0832
734.599
389.939
704.054
306.56
546.059
166.602
596.555
675.083
214.414
211.968
811.076
891.721
596.713
645.005
657.043
390.028
580.478
773.093
395.944
386.025
882.629
489.811
450.939
277.61
670.826
478.48
68.2078
747.752
517.413
109.087
602.29
541.214
262.811
880.989
190.47
121.973
157.235
16.3202
372.601
766.35
570.37
811.031
51.2874
106.092
214.584
204.67
249.793
472.874
277.935
729.465
166.322
393.13
871.304
177.728
626.444
287.629
475.388
508.626
861.471
407.269
546.824
365.833
578.921
614.255
480.531
152.268
109.06
140.923
802.701
603.269
404.537
537.243
813.891
802.108
311.85
778.564
146.024
319.187
625.643
838.946
525.217
746.82
359.454
849.777
831.924
103.934
627.533
431.074
661.871
48.7379
817.933
592.463
559.397
352.447
961.342
206.327
916.361
834.213
555.681
926.884
904.826
757.72
613.583
301.162
393.615
255.447
457.383
942.157
444.036
529.842
220.767
27.2949
998.135
624.829
132.673
79.1029
776.415
349.924
290.519
277.379
157.012
247.177
687.288
256.757
83.5753
233.266
979.898
39.4287
466.846
30.9915
691.872
34.6494
430.24
672.384
877.1
764.87
380.921
46.6986
457.231
528.871
746.45
658.089
534.512
726.747
237.587
818.061
604.704
207.226
317.921
435.573
209.082
177.416
771.596
282.331
706.476
877.203
655.31
142.51
380.214
69.2113
747.211
35.3752
463.025
150.255
813.326
797.456
135.923
336.869
505.236
689.953
483.511
416.834
587.108
459.391
444.741
257.138
25.6916
918.437
239.844
898.867
525.947
763.012
663.866
198.826
573.654
25.7302
176.253
659.832
373.393
449.446
373.296
155.666
117.88
703.771
273.585
547.305
367.996
958.325
771.224
814.688
490.129
955.939
591.199
918.859
820.34
624.714
417.702
554.449
687.695
47.8347
439.184
659.387
519.761
533.164
71.6055
690.263
812.447
740.324
869.784
436.418
818.061
621.213
730.168
487.714
886.781
991.408
119.287
359.71
687.741
195.935
750.902
951.076
190.179
775.37
480.249
212.407
658.705
629.679
112.426
159.853
819.662
660.856
838.852
203.221
300.102
634.937
453.783
974.532
893.223
313.907
773.282
752.638
832.896
183.304
521.04
261.703
187.423
147.679
676.413
170.831
533.975
829.805
45.5092
399.099
28.6294
927.454
839.734
210.955
824.031
931.37
879.661
712.664
941.951
257.748
815.3
388.725
319.147
7.06591
424.821
670.65
902.765
527.704
658.665
647.647
669.984
277.697
999.002
113.814
32.7652
71.6425
848.095
419.02
712.645
243.701
813.705
536.148
235.821
13.5566
774.027
376.769
311.722
12.7963
655.333
447.191
578.469
507.482
697.605
219.429
288.775
972.621
199.801
144.799
185.714
860.112
988.25
625.058
998.383
318.651
128.254
806.367
44.8563
327.676
267.633
119.585
439.132
893.972
857.245
666.85
388.406
216.019
811.012
975.086
268.353
775.016
748.545
193.507
261.702
280.982
186.821
411.691
727.105
46.1634
121.717
590.188
471.673
325.599
651.484
315.317
275.845
246.154
256.867
668.039
360.264
321.288
258.861
403.14
691.433
40.5347
845.493
104.881
749.349
342.136
992.32
269.703
482.548
776.91
24.0971
382.112
963.538
94.5206
482.344
28.7649
743.313
713.563
208.256
235.832
53.0957
848.756
33.689
329.504
983.84
877.027
434.074
287.986
211.282
135.088
753.529
370.38
51.6198
700.517
809.477
633.697
908.699
653.286
545.604
159.966
989.134
822.617
979.547
552.514
451.859
463.261
615.321
681.266
560.741
684.468
218.118
184.221
513.955
673.51
916.861
804.523
225.85
853.685
872.092
963.874
682.916
524.907
665.729
763.249
535.584
324.559
405.466
846.157
225.15
979.222
638.841
759.175
286.579
396.621
216.797
865.705
72.9272
664.962
489.088
794.049
278.271
117.438
736.857
377.908
509.19
307.488
712.48
139.706
188.946
690.555
52.4758
403.808
145.656
576.081
223.34
952.523
911.056
695.77
448.082
863.066
568.383
617.513
716.666
414.386
667.713
446.496
808.213
120.554
459.537
413.835
126.63
439.493
369.998
317.721
782.26
194.996
94.9396
501.539
526.364
424.824
968.653
418.146
977.002
182.179
864.029
519.889
756.518
741.792
3.91661
551.338
212.943
930.614
862.186
518.148
918.738
667.624
163.725
13.3094
57.2749
774.098
664.963
944.559
625.085
237.188
423.17
407.702
429.257
173.535
109.554
764.415
555.551
59.4991
257.083
324.787
63.0881
449.41
280.925
210.142
443.204
487.854
492.776
426.802
8.83675
396.723
928.355
253.288
80.137
658.503
601.446
209.68
153.761
465.744
222.682
6.4519
317.272
820.026
614.416
469.993
954.357
364.823
105.385
912.608
317.207
64.0296
394.364
296.002
183.737
395.605
477.716
759.935
511.672
37.5132
691.847
222.977
519.426
566.308
131.381
272.187
813.791
468.248
273.912
45.4919
223.457
545.374
631.872
267.799
640.251
366.711
424.256
663.192
999.624
815.617
331.365
155.336
209.574
581.615
283.34
251.562
352.018
968.115
310.152
838.55
400.103
980.784
822.09
995.531
414.485
935.432
323.912
941.255
174.935
905.129
724.21
601.262
272.405
105.36
768.706
630.337
210.916
700.659
89.8868
810.286
256.175
679.243
266.36
214.694
904.942
71.9899
667.557
180.177
550.075
343.002
720.029
128.523
373.196
720.502
270.645
467.228
730.67
304.377
593.003
869.287
407.604
231.296
142.598
49.1695
525.674
16.4831
723.411
953.889
608.618
455.315
296.257
959.726
167.213
455.621
203.304
980.961
74.6553
696.468
272.527
271.855
202.669
650.408
722.656
442.856
95.807
858.338
338.543
762.818
521.814
269.62
307.139
17.8433
273.151
331.023
876.918
21.7398
660.673
467.757
563.121
691.167
364.82
805.872
605.414
419.137
150.596
860.189
384.125
203.052
946.153
394.383
310.277
647.909
795.25
453.839
570.086
2.39505
663.614
397.225
976.695
866.589
278.758
594.707
964.048
96.7902
460.803
820.356
556.276
828.18
434.981
510.161
520.503
932.721
659.78
267.398
124.141
761.707
840.931
821.738
185.435
714.143
192.035
150.947
847.178
188.628
136.562
483.345
590.141
373.359
590.823
260.188
10.1721
302.572
618.717
960.046
339.288
744.992
580.243
598.173
328.019
18.3786
208.727
104.277
108.171
362.049
226.273
59.3663
909.87
305.215
851.197
109.151
855.019
692.44
651.159
956.506
535.05
958.597
765.775
122.615
201.21
565.027
254.902
625.573
350.753
537.405
744.168
591.594
435.62
996.164
236.23
338.642
707.98
794.552
861.479
171.837
658.871
620.86
960.336
536.598
614.875
563.725
553.912
87.0486
299.09
457.105
381.78
957.205
205.559
729.681
4.15528
149.971
602.831
787.581
298.339
578.698
697.765
605.85
171.273
268.459
733.161
529.878
685.237
425.091
544.012
770.556
603.685
151.168
791.463
584.497
739.047
186.605
868.753
171.929
381.814
100.34
420.339
299.346
546.702
297.063
827.885
101.656
151.259
233.274
642.057
370.106
487.442
579.892
227.201
458.971
227.842
209.407
240.316
207.726
574.139
825.286
592.799
578.85
182.632
556.554
302.667
47.5125
945.338
693.339
899.179
782.155
148.087
987.685
506.753
848.659
630.48
151.445
329.678
720.506
325.665
678.732
355.6
338.746
528.165
248.958
769.116
534.961
820.809
338.266
845.495
394.641
260.914
408.103
209.952
825.116
982.941
41.4941
984.603
319.405
199.835
567.352
890.948
434.024
886.113
223.853
171.226
474.22
488.643
451.953
781.29
94.367
450.231
933.617
687.754
155.013
338.963
966.028
973.31
52.6325
973.26
428.255
469.609
565.37
217.391
201.626
653.381
890.535
521.592
465.877
868.106
230.506
799.733
842.36
583.29
896.763
708.752
190.998
341.941
221.444
728.946
802.71
443.293
507.136
881.886
342.889
884.107
114.256
280.684
788.829
963.285
527.562
630.974
625.195
519.345
696.11
14.013
92.6322
499.955
81.7207
837.483
467.051
391.826
48.028
364.701
338.211
605.48
484.184
187.162
78.8341
803.543
783.692
924.662
88.0618
177.274
529.729
185.955
659.721
61.0257
904.289
843.488
186.362
978.493
10.8879
238.508
849.649
141.23
941.293
386.648
467.496
675.438
628.308
275.516
34.8115
997.102
802.266
189.813
990.263
50.7134
842.304
749.141
913.719
789.086
9.1413
159.898
271.675
719.917
628.999
555.01
809.936
450.928
824.166
290.796
88.9752
504.855
550.767
584.807
577.956
776.464
95.5329
885.42
294.492
597.709
28.2001
165.216
590.282
648.63
522.956
805.524
745.165
788.276
209.636
597.003
216.643
122.764
442.805
406.947
887.049
320.357
374.311
372.257
410.348
823.333
163.121
760.278
754.853
393.569
376.489
418.348
502.17
516.549
340.723
605.572
147.512
933.261
240.467
893.886
68.7159
780.897
885.791
244.657
523.047
13.9845
650.125
644.991
790.126
413.421
403.71
235.668
719.432
240.828
741.768
419.45
541.009
581.691
239.66
321.862
952.908
468.191
305.244
331.812
568.911
759.686
778.298
500.368
671.176
466.983
225.906
874.282
506.19
170.41
769.091
516.443
746.114
538.919
758.748
976.216
134.016
798.85
97.2375
354.896
179.138
620.577
16.1014
229.34
271.361
36.0009
600.813
492.78
962.075
120.012
871.545
416.291
897.124
667.962
246.644
776.016
987.365
585.221
335.254
906.833
630.215
233.695
220.63
787.575
933.648
316.426
339.767
319.122
990.204
740.86
262.608
485.891
866.281
203.075
790.211
82.655
440.3
351.204
881.533
709.647
887.022
391.696
679.315
185.024
74.7345
925.313
923.667
868.631
543.144
872.128
45.061
436.379
954.249
251.088
334.623
770.303
863.416
707.41
557.635
43.4961
516.231
371.137
855.535
67.8073
826.903
426.498
562.363
149.607
190.138
671.356
824.265
257.567
790.255
49.2175
476.62
266.664
334.218
296.271
214.522
503.222
900.107
319.282
541.212
203.453
876.115
16.2962
538.861
817.556
799.48
983.905
60.5654
175.997
587.814
887.881
266.022
295.203
0.520166
377.49
431.047
275.936
754.476
919.592
958.66
156.272
140.638
142.069
453.063
368.079
107.076
485.493
424.493
334.717
965.113
648.595
650.113
790.081
280.326
411.749
792.01
225.099
286.423
570.923
576.754
935.221
730.27
503.219
571.33
987.575
359.063
108.218
387.483
913.481
999.986
773.857
441.45
503.291
78.3146
551.755
259.837
6.6813
457.214
798.067
717.033
671.014
162.441
248.503
617.531
560.129
144.317
409.727
191.062
240.715
9.97083
526.59
483.253
286.298
178.852
441.41
324.089
790.932
237.233
816.691
705.793
695.284
222.091
318.43
556.478
774.153
996.038
28.5648
252.429
512.288
893.227
100.605
856.957
778.067
47.3452
223.433
235.086
494.161
648.586
999.27
488.948
280.424
224.025
760.561
847.512
15.0193
567.987
487.825
375.574
211.389
354.263
390.377
930.822
155.224
694.557
871.224
374.887
579.62
936.906
216.628
455.982
798.516
59.5973
583.113
238.792
266.998
861.013
56.5526
814.404
418.852
290.732
538.874
22.2952
851.733
244.104
490.713
441.561
821.496
749.419
588.705
234.131
980.8
27.0789
813.09
963.618
92.1864
472.995
486.871
75.4606
379.95
308.506
167.25
753.316
403.704
806.786
821.642
700.286
63.247
526.939
385.803
508.927
130.909
503.412
34.958
549.355
683.911
507.184
438.121
228.865
933.346
239.266
1.709
458.763
254.423
74.8723
935.165
744.57
78.7578
952.258
635.58
425.123
656.191
413.456
840.53
795.6
301.37
140.243
641.727
621.072
457.75
588.695
393.212
483.375
915.542
276.193
846.121
498.076
565.306
697.955
260.32
823.82
738.419
793.977
497.235
587.873
140.61
915.08
106.906
34.1956
614.455
677.755
557.786
919.594
38.5103
296.366
95.2605
135.688
980.195
548.317
282.594
806.485
740.146
589.115
307.485
430.866
959.453
281.317
313.177
124.341
387.68
441.475
722.842
423.918
937.046
615.194
110.528
103.161
62.5366
350.765
175.328
791.595
423.486
910.667
794.575
84.2033
891.549
407.197
667.105
84.1005
293.543
209.074
362.164
656.539
914.02
390.88
519.884
937.694
158.365
3.37108
814.973
80.3547
897.589
62.2348
109.036
714.561
713.825
683.522
944.566
928.676
451.951
549.412
344.167
650.552
397.04
447.068
393.89
434.855
856.814
581.025
635.062
787.674
578.51
576.02
142.828
120.061
994.171
938.509
813.382
195.76
819.078
372.86
749.986
893.19
654.784
909.627
368.171
246.53
428.932
721.214
523.728
965.029
274.968
713.117
397.18
993.296
680.112
190.951
292.523
599.155
852.096
834.216
876.203
30.8579
544.504
842.732
598.002
933.974
385.919
961.766
205.101
562.665
756.056
403.689
943.699
853.491
697.644
749.824
501.819
786.119
328.971
283.742
198.243
158.759
889.883
940.194
784.721
121.92
402.854
981.169
373.879
97.6871
27.9214
477.005
8.70338
259.67
431.355
786.392
779.474
647.749
846.438
120.457
902.032
469.45
282.549
334.554
981.767
814.333
415.652
724.059
688.518
137.912
777.348
480.298
99.4226
606.854
737.027
778.186
73.604
27.4536
556.461
172.272
701.534
285.456
181.035
42.4844
323.139
328.313
936.961
490.234
985.52
933
528.12
90.6496
870.034
176.001
596.24
774.234
968.955
400.232
128.881
373.315
646.718
940.233
504.182
823.182
145.671
196.43
360.641
968.276
260.242
256.592
513.589
469.253
428.562
953.476
124.915
531.99
202.08
468.439
414.458
444.89
229.809
678.242
603.973
92.2866
516.116
874.108
59.4303
350.79
213.862
126.325
874.537
229.42
736.01
933.232
375.744
706.108
599.28
279.569
262.795
881.11
447.068
376.082
693.3
516.207
882.649
90.5196
517.316
476.904
527.951
981.076
838.931
528.644
511.085
368.808
975.051
358.213
983.999
638.174
873.75
364.674
339.426
927.687
900.506
472.55
296.632
199.648
183.425
11.4099
674.002
883.308
89.3255
144.027
382.24
534.766
870.541
738.885
326.991
305.027
644.848
316.858
579.185
151.211
43.645
366.597
383.635
251.914
559.907
44.606
562.962
723.591
649.404
945.741
319.205
598.823
365.959
155.131
727.257
878.212
952.244
346.158
693.405
954.786
647.816
959.69
362.625
623.28
630.155
941.162
896.968
407.164
664.581
594.343
914.654
885.024
725.814
568.732
328.531
786.887
666.09
82.8124
709.964
712.764
368.947
214.17
939.451
643.303
748.966
492.159
801.066
849.717
268.875
407.179
300.013
141.552
257.598
616.127
0.066023
531.406
465.425
155.413
212.6
651.042
802.688
465.726
746.375
569.787
721.904
346.887
425.664
880.547
943.665
472.592
185.055
8.79342
245.591
945.284
186.951
33.5618
461.154
717.917
720.101
895.736
129.217
974.983
215.22
607.019
931.794
688.18
350.927
3.08438
21.1386
246.784
166.787
137.093
10.1092
28.6738
300.506
656.409
52.457
10.6379
826.546
407.746
420.763
516.768
800.059
176.816
976.044
238.289
62.6619
380.847
169.394
9.10185
407.893
830.002
805.487
36.5941
49.992
381.088
891.38
430.355
908.924
589.083
981.2
771.384
389.331
874.597
575.261
965.983
666.62
464.643
236.459
842.084
527.904
517.06
121.169
497.281
280.546
632.997
887.875
688.908
321.115
15.3308
324.514
974.355
540.38
102.444
232.848
537.296
666.348
745.913
911.289
861.081
961.23
197.319
100.762
588.373
886.73
4.37132
193.761
5.8149
635.258
710.952
375.228
849.54
946.051
221.643
763.936
292.652
741.082
181.187
481.422
565.923
635.613
476.375
397.053
210.205
815.105
375.876
415.568
261.272
589.62
156.835
998.542
38.3762
807.873
740.837
882.889
725.96
357.77
681.614
995.2
698.336
23.7663
259.025
505.841
900.133
792.037
775.233
45.0295
436.854
273.759
897.223
866.217
491.631
689.199
912.95
320.036
423.407
958.685
575.342
352.709
341.159
971.497
198.466
902.41
26.921
344.401
383.448
399.76
1.30359
684.881
118.901
26.9273
8.76837
990.414
592.951
724.087
731.314
747.585
333.313
1.01036
119.581
150.008
860.9
591.954
126.197
691.413
894.214
638.786
619.7
972.577
910.123
983.347
896.508
603.852
75.9302
956.606
56.533
507.84
883.019
758.395
894.327
101.283
289.343
694.887
226.843
836.792
513.055
576.956
341.26
441.805
399.435
954.74
627.932
135.696
235.584
373.98
355.916
820.828
130.246
867.766
858.959
117.113
368.394
651.326
301.144
483.344
141.262
753.512
372.053
85.927
532.426
710.912
175.43
533.915
789.898
661.469
692.659
798.492
554.38
224.654
258.2
228.688
556.691
543.122
729.5
419.497
195.494
213.323
485.387
93.362
602.936
554.454
76.764
133.822
184.541
589.54
579.441
426.805
954.958
150.435
274.634
389.626
198.151
909.325
787.113
622.14
364.837
700.402
838.955
324.068
627.834
872.156
188.635
265.389
984.349
326.874
496.86
654.55
200.633
411.247
933.581
156.382
607.031
550.245
472.365
206.031
779.132
923.751
431.497
237.413
382.692
107.893
854.438
288.924
956.552
304.859
479.505
912.235
589.37
8.66906
49.7746
342.277
383.988
970.282
544.467
391.282
259.641
482.332
73.4741
613.399
119.377
978.342
933.832
508.58
201.337
988.388
963.06
157.749
671.546
695.93
387.216
921.634
227.175
859.933
914.741
111.912
827.772
191.81
699.801
727.658
213.426
475.464
835.554
17.609
799.537
686.311
349.039
307.799
944.702
75.2816
880.996
956.208
698.72
938.142
737.716
645.631
570.078
468.954
204.979
390.831
865.255
407.136
589.3
456.961
895.184
916.483
587.438
907.142
107.319
395.926
235.596
215.102
665.59
408.171
824.603
494.083
486.406
144.123
22.0739
559.055
458.681
416.826
767.979
612.266
882.177
25.2765
822.85
631.641
794.41
950.832
680.272
60.4222
205.767
579.927
705.145
610.42
599.736
397.734
139.962
569.269
795.291
107.325
112.142
66.3268
217.197
215.379
70.995
127.34
223.524
933.876
543.527
813.249
734.988
1.28095
600.003
274.763
475.339
278.151
604.594
596.363
534.094
850.759
350.702
988.687
211.225
840.297
467.641
307.863
597.428
200.548
473.603
327.975
623.266
857.942
243.493
415.77
306.578
546.929
178.871
705.007
211.245
391.205
496.337
944.845
163.712
526.105
791.189
508.858
659.092
26.1621
151.651
658.207
119.323
849.385
377.649
816.816
875.655
19.1465
344.88
54.0488
960.923
496.905
813.236
100.167
178.839
143.508
337.571
413.944
523.469
390.986
743.14
155.348
548.432
145.965
488.091
417.543
319.193
493.857
277.137
973.018
850.482
771.441
405.589
773.021
552.704
904.358
408.514
895.314
944.879
773.288
838.772
903.49
386.603
64.3774
88.4589
205.469
627.828
190.061
555.129
976.614
753.57
628.152
606.589
244.191
432.195
440.496
451.591
468.019
972.743
896.186
429.262
253.649
411.245
465.127
404.25
8.66018
921.398
970.452
929.538
412.575
165.079
225.975
912.567
482.098
537.368
948.636
506.126
944.979
534.121
364.983
422.621
209.75
983.268
542.599
433.401
760.142
580.283
717.42
324.326
590.459
890.53
479.855
410.536
812.996
703.989
678.18
9.08655
745.334
719.42
926.722
185.017
261.727
4.02074
126.971
47.2767
559.595
420.603
957.985
814.3
543.327
277.192
732.58
498.988
10.2693
264.503
790.247
99.0799
688.075
376.134
976.975
606.856
821.862
916.616
94.7924
472.637
550.337
996.032
166.713
636.383
301.735
580.085
210.686
162.931
145.772
344.93
32.142
427.015
672.718
301.285
489.936
757.603
953.992
567.267
254.177
296.334
342.556
339.807
323.957
396.777
870.909
236.584
403.878
300.093
328.132
841.154
624.177
694.507
476.448
710.9
331.862
492.401
486.951
918.622
659.545
146.973
420.996
653.028
2.586
753.232
299.195
650.264
189.802
223.975
27.9207
558.145
132.762
954.524
690.759
427.486
775.769
560.028
659.66
702.224
763.709
721.499
790.952
553.736
996.552
662.315
1.35282
527.476
74.1904
812.42
578.153
984.938
58.4326
334.995
178.665
114.723
323.29
187.862
82.5119
627.69
941.332
582.841
545.413
57.6818
802.144
169.678
186.88
666.962
796.163
101.895
51.7767
750.426
68.8461
700.182
95.4338
981.9
779.976
590.82
335.358
826.809
542.619
603.688
224.071
826.535
895.689
23.8433
65.0048
249.453
741.321
925.375
607.453
601.593
689.371
714.679
611.296
335.924
60.6553
876.574
914.631
724.276
850.359
470.514
817.761
831.013
13.9135
650.901
818.551
314.794
858.193
386.152
503.364
986.578
277.887
392.279
774.251
661.593
825.178
860.618
339.455
494.196
723.546
893.735
226.424
201.632
594.557
232.002
913.377
30.9005
849.38
184.96
889.081
57.7427
971.637
21.0475
116.064
124.59
680.771
26.978
18.3573
11.999
688.852
149.989
472.456
23.2119
250.549
473.856
534.081
162.201
335.626
660.327
671.211
260.622
233.884
84.2641
436.561
407.988
20.0438
391.738
344.179
652.072
174.913
69.7697
212.086
343.76
971.699
804.05
96.2684
523.537
13.0303
652.117
823.98
97.4979
643.737
625.148
892.785
81.667
293.5
168.34
445.62
147.746
126.993
289.947
174.043
964.915
530.089
10.4149
307.617
175.42
850.255
199.025
485.957
181.437
676.651
315.242
903.489
562.778
608.055
670.231
990.546
835.645
560.106
431.124
326.401
238.813
931.047
82.572
951.72
272.859
429.032
578.485
694.183
188.461
693.884
118.9
179.4
530.24
480.068
795.445
460.627
92.4725
641.676
202.403
458.99
272.288
338.615
212.954
908.115
245.426
208.448
191.628
193.404
710.424
990.794
939.543
270.009
111.293
599.694
149.736
841.288
358.754
590.422
352.36
740.733
619.126
615.977
535.923
247.79
861.875
897.723
389.003
97.36
575.846
105.667
480.419
633.168
545.635
845.805
513.752
778.538
378.788
252.298
899.188
829.706
788.051
876.385
392.185
44.9483
547.557
125.64
80.4491
338.889
785.109
238.052
949.738
280.031
462.928
55.4958
32.3555
918.447
794.99
398.33
412.615
580.55
99.9159
423.32
319.636
702.844
484.276
85.0859
133.594
533.631
472.843
409.192
336.75
310.979
570.991
243.305
490.579
480.234
972.096
80.2615
966.069
1.30325
561.881
370.059
912.387
624.583
765.474
961.705
351.825
697.274
15.0961
273.447
134.083
64.9065
961.414
892.333
84.0472
624.98
424.524
290.6
113.298
192.9
287.057
534.393
431.441
379.997
518.26
395.291
649.314
937.655
621.027
380.745
388.119
471.966
491.277
427.516
638.275
14.3609
838.964
482.441
206.342
783.071
451.135
885.354
70.7843
678.909
79.2635
405.925
775.899
920.564
145.6
333.718
332.195
486.598
717.135
121.389
680.472
143.652
862.352
505.096
101.295
206.462
47.0131
622.516
12.3126
401.535
243.475
594.15
159.672
352.309
916.518
82.6733
58.8049
32.0454
641.234
81.024
721.884
757.38
329.568
263.782
787.919
839.319
556.666
657.517
475.687
241.618
341.919
711.466
654.339
594.099
648.819
475.727
381.911
698.828
409.326
993.701
623.985
481.731
779.99
990.578
425.168
865.626
716.659
870.094
471.902
660.596
571.119
125.624
929.444
624.844
915.762
815.028
346.947
887.684
981.533
355.79
756.715
943.17
130.46
760.316
316.44
118.188
498.511
571.207
692.092
446.097
49.075
271.611
104.931
92.464
624.7
263.089
585.586
192.834
417.953
627.743
523.431
186.389
485.174
655.551
368.448
429.658
273.914
433.233
148.979
220.081
541.008
896.586
891.132
972.237
809.226
461.678
659.088
495.174
592.468
316.884
640.293
395.81
849.59
401.272
851.645
62.2423
482.533
66.9516
783.814
396.627
543.805
53.6632
788.012
107.705
170.171
150.994
665.727
528.937
13.1856
323.451
685.61
393.462
132.91
990.287
826.979
18.8179
389.484
28.0078
155.934
882.713
379.472
169.252
863.367
509.516
881.958
155.969
134.976
41.8568
705.803
944.246
948.532
402.498
257.412
707.586
385.222
821.078
211.638
428.032
647.791
924.249
391.45
661.286
761.893
985.138
509.736
102.204
727.673
170.94
354.828
928.178
530.798
291.129
506.248
455.317
26.3559
161.361
835.717
379.84
901.179
991.352
108.207
96.2395
91.8508
363.149
566.872
164.645
594.121
277.202
722.904
650.26
217.573
248.099
826.064
563.995
705.589
573.885
953.981
109.722
709.093
179.467
8.86173
582.211
342.902
45.9755
470.334
81.4899
701.179
337.459
734.711
312.481
514.38
280.274
626.474
550.284
610.859
448.686
940.447
876.131
534.192
875.134
46.7813
359.946
360.069
801.184
939.794
393.618
767.842
584.342
51.124
603.956
830.584
398.677
483.049
13.0436
888.515
738.868
495.594
512.009
624.237
136.044
438.092
495.602
940.442
901.206
329.675
221.248
93.0685
562.588
831.988
237.264
412.688
94.7654
929.918
28.7254
776.894
140.447
641.906
892.139
215.241
494.676
60.2585
335.956
839.856
902.627
904.708
955.322
918.999
166.603
130.397
516.897
832.911
68.4065
426.485
761.698
872.24
296.578
276.189
367.481
125.777
483.466
616.506
362.01
838.382
367.584
669.797
627.817
649.739
717.892
744.405
648.68
613.307
907.539
382.388
307.433
171.795
277.3
225.166
921.229
675.265
758.554
68.4453
189.445
180.98
660.605
373.311
804.764
296.346
298.76
718.319
941.308
609.326
932.591
435.912
64.918
701.725
685.711
734.4
717.779
32.7367
70.1943
613.431
398.729
801.369
984.303
626.372
6.01777
701.178
588.526
208.076
723.338
738.631
992.357
692.263
733.234
732.933
855.964
1.25759
833.029
1.1108
683.44
154.571
334.052
74.2721
67.2189
454.904
549.999
121.408
449.22
354.519
557.787
373.729
59.0859
355.816
655.391
58.8608
742.573
772.534
285.055
749.298
25.6952
77.8814
954.508
198.092
297.866
839.34
518.681
537.2
718.355
723.914
803.735
526.159
836.279
729.586
15.597
502.463
899.682
27.013
306.625
957.333
51.744
588.729
734.457
664.446
662.525
40.7904
172.68
963.012
716.988
933.92
387.924
844.49
721.242
328.439
924.798
633.99
949.397
290.933
909.12
278.272
936.247
572.558
739.934
53.2902
32.8484
481.731
568.469
152.018
142.273
270.806
712.468
389.991
704.353
361.019
810.184
719.593
816.645
456.855
740.834
437.955
483.294
215.214
616.892
736.567
245.918
191.802
555.421
418.096
446.254
483.521
356.414
307.746
627.557
908.104
629.327
738.784
831.851
938.342
616.459
886.217
977.901
556.245
843.467
66.241
997.722
971.072
491.021
84.8323
808.483
903.797
813.667
495.233
545.711
169.318
146.501
165.161
279.838
267.157
729.729
830.094
881.531
942.916
266.099
554.266
945.261
418.198
405.123
987.111
81.6173
558.627
147.776
506.292
256.536
401.201
990.825
311.502
702.575
577.211
814.091
73.6851
719.497
519.875
467.95
165.712
87.5673
351.574
481.482
881.97
959.321
809.915
601.221
490.473
799.201
941.035
132.055
812.368
983.804
899.479
508.944
166.055
39.8921
524.225
732.724
588.133
617.431
278.125
385.039
908.347
308.411
151.991
854.522
433.331
419.853
644.151
194.822
122.907
85.224
471.656
59.2029
426.911
399.493
180.962
358.595
609.825
39.4796
875.323
440.714
910.24
486.283
324.993
535.746
263.231
106.893
377.416
135.917
322.888
37.126
830.877
626.96
941.501
800.513
410.454
451.921
139.316
613.503
713.982
23.2353
497.709
285.279
643.107
496.65
158.181
892.692
956.065
947.817
554.552
72.4781
870.836
844.796
256.377
852.407
696.757
460.782
984.022
671.656
6.99474
823.027
861.482
303.235
1.70773
325.888
209.255
175.239
211.04
456.374
819.17
434.041
197.667
475.428
384.515
545.052
230.543
981.933
36.2242
282.635
195.432
251.236
228.972
320.13
104.976
106.574
265.158
947.25
183.493
948.593
790.916
571.662
481.798
862.053
663.031
914.008
568.4
444.692
701.273
193.59
929.151
993.982
304.922
91.338
62.2549
854.434
538.772
36.3474
794.504
310.333
661.6
14.3828
373.431
223.719
773.838
966.404
354.886
310.68
161.311
210.773
43.5023
244.025
384.244
665.741
231.885
719.133
347.172
903.687
591.563
851.966
642.815
873.063
303.373
251.923
814.532
68.9615
276.499
363.617
765.925
812.505
633.966
64.8659
66.7646
360.074
468.464
485.82
81.264
755.795
267.502
846.427
663.298
568.136
832.709
145.287
124.337
20.2608
77.3764
448.88
550.292
93.6248
272.088
581.213
605.367
217.782
254.353
283.052
262.224
372.374
848.979
558.238
501.764
238.727
426.507
441.396
761.758
320.446
713
873.985
626.048
280.1
852.256
659.676
45.5998
640.789
397.851
559.034
895.075
208.596
604.953
779.253
285.664
269.205
718.754
297.067
183.664
686.917
176.337
330.021
197.721
327.916
901.37
629.06
84.1893
785.686
466.134
218.264
533.789
702.135
503.756
447.782
113.414
253.471
696.441
274.227
79.9085
758.339
154.835
137.48
908.854
223.88
392.004
590.953
307.498
782.528
125.993
468.534
739.139
901.374
201.356
168.945
874.396
432.565
276.871
17.976
216.372
686.418
998.759
370.456
500.74
870.762
972.047
454.167
443.151
275.752
403.228
82.7432
355.227
271.207
152.239
497.549
952.952
505.033
578.437
291.363
978.885
80.8859
861.811
749.279
709.761
88.7762
936.079
972.589
946.322
754.48
183.793
865.67
121.328
956.495
155.336
828.3
918.563
679.792
714.281
748.775
490.158
584.096
752.343
407.207
476.875
664.06
419.98
522.049
577.305
576.076
286.138
583.004
143.654
661.015
965.868
64.9306
986.288
766.72
171.31
193.086
294.23
384.327
374.301
791.314
887.896
277.475
982.655
880.698
242.594
75.1797
182.612
174.253
201.405
292.864
83.3972
828.907
644.398
970.026
103.13
242.882
723.688
798.728
386.099
126.532
502.141
949.134
557.709
907.427
854.928
164.313
64.1497
964.194
480.371
437.382
358.306
504.291
508.12
243.641
71.788
722.88
942.77
875.798
235.761
395.612
509.288
621.806
401.874
287.952
108.385
985.689
880.893
806.288
296.3
738.276
113.187
598.264
990.85
606.758
655.155
336.387
6.396
881.998
292.813
523.076
332.293
106.421
152.525
747.95
106.041
472.014
284.196
648.7
572.747
229.641
349.973
692.617
561.4
612.519
707.773
452.324
6.19752
786.872
170.738
20.1118
173.759
642.736
28.5839
642.233
666.034
762.297
902.846
187.517
111.39
289.654
684.098
151.617
155.512
265.386
64.6893
75.3953
857.892
75.6495
75.4879
387.457
592.933
245.819
990.149
209.21
766.7
833.194
46.9111
856.46
76.5918
45.1869
617.686
983.109
162.502
535.288
829.869
216.781
591.175
668.438
710.951
988.043
462.466
162.974
813.517
137.267
75.0992
123.838
12.9093
957.305
103.703
0.218872
916.839
85.2485
447.418
302.32
641.124
159.958
158.096
571.635
784.879
309.358
753.261
645.384
368.757
296.278
391.591
419.995
508.768
835.67
228.373
285.299
304.017
79.1829
182.315
58.1383
78.0782
253.422
6.16763
432.181
880.199
721.779
150.309
723.867
314.065
430.857
394.82
529.569
999.102
493.539
571.427
16.5684
603.652
72.2237
137.276
103.466
632.566
356.231
648.924
100.805
356.555
203.742
833.638
289.378
179.993
445.639
498.461
924.752
741.729
259.33
753.27
737.681
404.155
826.224
265.762
820.352
924.349
426.164
593.031
969.753
823.253
513.253
140.858
927.225
720.859
305.644
348.434
285.596
24.0864
230.581
158.854
113.833
317.11
747.094
356.092
8.27155
479.393
752.132
584.349
457.077
453.45
919.529
738.699
191.255
101.791
961.259
365.159
885.47
270.632
301.098
937.867
911.94
947.458
954.567
610.678
291.21
831.71
286.292
755.513
927.778
194.558
615.38
301.213
272.919
187.63
537.795
341.075
781.178
764.629
86.9592
466.847
683.536
738.011
42.8239
859.697
405.048
729.529
486.667
887.865
326.758
553.65
73.1154
155.633
902.97
952.218
19.6942
963.502
470.651
273.573
893.164
585.436
456.321
246.559
374.571
771.746
328.478
167.003
113.127
337.158
245.187
709.493
912.588
500.157
294.507
959.379
40.7819
974.571
860.784
778.347
699.364
366.148
516.477
61.6362
251.208
649.584
934.135
996.713
869.2
864.882
336.628
913.218
863.346
411.336
609.09
434.232
161.483
683.942
239.622
251.835
689.364
307.064
47.3425
198.797
723.28
906.126
208.388
256.783
505.77
517.71
368.911
504.084
433.408
185.22
807.878
677.675
184.447
600.303
303.632
311.022
70.6417
424.326
891.886
256.704
317.314
19.5293
357.529
648.666
622.35
112.285
559.566
980.128
270.078
542.491
482.492
338.167
909.741
880.965
875.954
953.44
308.519
743.517
78.5108
992.901
492.034
34.683
914.751
984.713
555.05
819.975
654.803
848.497
504.236
772.72
881.823
281.932
53.7649
155.398
629.474
188.432
681.863
576.897
434.318
22.6253
148.976
582.844
556.917
874
330.813
768.379
822.985
937.926
715.219
99.2383
538.005
761.893
411.726
551.383
154.25
468.224
515.992
860.572
690.158
598.292
225.564
956.157
893.77
493.854
113.976
648.176
332.737
315.283
410.759
969.598
714.646
121.802
307.269
637.875
977.741
523.569
92.1869
799.095
931.185
518.217
24.1467
226.704
306.631
394.867
58.3141
653.667
53.008
316.535
973.136
875.948
61.1702
58.051
785.302
646.172
444.539
702.33
115.7
414.64
179.485
94.9988
975.433
421.366
681.33
878.52
205.576
14.2246
568.122
715.287
32.1522
896.804
957.376
248.377
221.823
92.9736
616.707
713.269
555.105
67.0496
816.522
318.807
511.899
737.831
933.863
366.752
505.985
166.384
556.266
22.6516
856.587
841.709
811.385
23.3982
169.584
611.207
883.692
886.333
470.35
45.8734
608.226
239.132
414.377
50.5059
790.972
227.906
158.704
749.891
586.674
982.267
43.0486
541.284
161.828
360.666
468.452
905.731
730.172
597.705
215.803
335.547
320.524
598.714
687.143
47.9504
725.545
937.499
27.8944
16.4299
591.408
713.453
974.849
28.4995
601.981
307.222
327.717
753.257
949.741
373.741
744.402
222.538
484.92
651.996
772.926
258.839
13.4565
17.5002
645.447
550.748
545.089
711.706
939.428
627.001
950.722
548.848
153.211
523.99
501.224
711.839
21.74
604.324
359.605
232.369
814.622
657.741
969.612
524.549
293.061
7.33206
813.843
164.917
662.438
26.6009
544.387
133.953
29.5783
934.788
562.661
745.408
172.278
433.287
739.588
670.351
45.87
144.532
822.788
634.311
407.996
651.832
827.329
239.951
336.929
465.251
207.235
797.124
677.542
471.364
165.959
269.868
577.2
395.786
98.149
359.882
104.521
814.643
827.955
112.553
388.162
108.089
189.941
169.799
9.87076
34.6821
209.335
209.505
353.365
914.643
4.12492
150.424
893.607
603.079
830.695
200.997
733.474
887.134
908.728
768.25
108.357
795.34
724.571
986.745
713.735
720.423
62.8453
186.472
24.3709
651.28
644.615
891.838
802.435
124.294
750.834
971.659
600.007
442.725
829.173
772.923
691.3
995.222
770.859
540.377
792.144
116.066
205.142
111.553
487.397
371.36
898.936
885.353
167.782
693.826
727.59
884.758
731.01
706.175
962.315
504.533
411.055
417.26
16.4147
277.343
25.0761
309.641
724.996
871.465
159.176
491.098
573.395
106.034
419.157
900.627
613.36
231.685
746.302
651.894
641.315
162.556
914.559
90.0866
291.347
987.362
986.116
423.054
201.409
550.856
587.083
271.882
232.302
441.212
81.8733
842.461
696.189
493.119
860.036
836.568
728.559
210.76
116.963
652.718
811.791
9.87292
402.504
843.166
230.045
195.297
349.522
429.374
57.3062
341.405
976.531
284.949
509.588
580.428
711.396
889.122
938.115
970.875
311.72
867.482
915.357
998.891
494.761
667.778
236.075
633.915
746.915
780.628
889.777
631.382
198.963
186.979
281.485
755.18
946.001
290.992
9.46901
727.369
905.659
838.877
130.057
339.217
468.486
107.186
32.205
753.484
352.075
609.701
242.708
461.206
355.426
377.605
824.567
135.793
80.2315
435.931
606.803
152.508
177.381
868.812
587.942
352.349
654.228
40.913
234.547
656.644
183.453
342.401
500.687
953.686
958.19
735.085
627.543
743.241
289.13
399.157
750.725
941.459
14.236
679.632
106.11
10.6273
645.509
91.5752
945.557
819.224
592.847
411.171
867.77
882.198
443.606
419.271
55.5915
544.404
127.247
4.24173
261.383
307.314
424.878
416.535
371.907
556.745
88.9488
108.659
41.7356
14.4274
292.662
917.278
441.003
36.1454
33.3386
240.448
303.948
532.283
849.165
239.819
576.787
551.493
982.219
127.894
387.899
94.4534
218.746
972.456
343.991
302.211
674.456
618.349
289.919
973.153
960.621
760.494
357.418
225.492
486.397
636.798
22.3537
750.153
222.759
496.359
847.845
344.729
500.492
953.789
921.122
525.825
343.61
596.677
708.115
868.468
283.545
68.1624
117.272
91.7186
469.447
113.657
151.9
714.21
425.278
339.148
260.554
647.764
822.493
272.852
692.801
327.715
783.419
612.721
111.387
732.105
228.606
655.342
882.915
895.972
683.265
978.726
802.151
649.713
393.226
649.625
137.656
310.808
27.6687
968.132
409.552
835.37
200.38
986.948
17.6203
530.13
387.695
453.867
976.896
267.26
1.93494
143.58
538.423
305.095
664.657
754.043
278.406
259.317
462.94
144.458
435.922
594.047
841.019
952.997
427.302
703.658
33.7551
834.899
826.91
367.833
670.68
253.386
895.178
108.836
530.811
0.539656
374.325
926.153
898.357
251.724
632.288
585.296
625.226
810.377
891.208
290.913
743.367
390.063
756.653
266.365
262.142
933.776
299.09
720.04
934.784
478.142
714.503
521.241
163.508
339.53
994.176
894.06
543.039
103.174
905.35
715.866
603.199
223.54
968.664
867.741
217.21
948.527
512.103
208.252
585.713
731.403
484.695
450.412
207.816
527.953
679.914
726.719
408.348
143.172
704.908
281.096
731.653
608.547
247.033
272.67
341.62
969.781
446.253
498.399
818.238
643.555
946.788
213.962
823.831
974.119
142.661
570.113
766.666
865.168
371.831
290.584
133.074
474.422
177.372
543.814
737.205
297.862
20.1663
841.249
973.597
413.69
977.163
707.23
803.718
844.396
426.995
677.705
793.325
585.993
648.412
405.992
0.988319
769.455
727.277
682.965
935.481
99.079
478.88
556.382
515.299
360.023
990.94
390.315
919.615
622.351
329.293
211.997
187.123
276.918
326.02
511.886
246.009
220.322
795.248
395.788
921.532
128.525
54.5708
628.735
122.27
603.835
32.6534
292.723
434.942
95.6206
231.991
28.7923
422.105
444.835
308.881
813.348
6.07674
15.269
402.519
984.694
3.59651
995.213
666.981
484.826
544.537
192.141
761.928
600.447
237.993
626.19
571.762
603.572
342.103
347.19
833.054
724.012
229.854
61.9608
44.2506
592.373
329.943
536.485
350.599
322.339
745.564
19.7959
584.957
544.944
529.117
577.093
298.711
146.01
309.588
688.499
136.6
12.1405
652.303
502.258
948.182
472.606
276.491
978.126
443.381
186.613
491.419
834.731
299.67
211.039
941.604
756.077
426.567
776.439
808.814
14.9402
555.149
673.53
914.383
348.157
615.144
23.3439
938.98
149.82
111.91
877.555
45.8618
427.933
245.426
517.398
203.224
358.431
101.694
327.028
175.245
43.673
375.015
687.605
541.507
382.149
682.171
840.118
840.578
939.407
244.16
106.601
473.668
800.011
128.741
140.53
884.537
515.094
161.525
37.7225
616.493
143.936
271.759
609.752
578.808
740.646
391.581
973.975
503.623
443.882
977.552
809.659
489.105
89.4805
877.25
270.994
382.02
249.589
181.219
128.05
807.801
89.5713
144.161
359.856
991.755
973.44
444.974
174.113
292.269
403.37
401.803
440.671
75.1018
478.029
137.914
356.436
264.392
442.756
682.062
4.12134
506.457
192.434
111.36
413.166
350.356
401.112
837.061
5.72214
486.354
682.728
178.54
531.999
769.733
241.87
355.944
26.3
200.839
525.177
798.177
97.1794
18.9408
621.34
254.163
292.272
711.755
534.625
108.599
31.2881
736.629
943.354
739.041
0.574166
613.963
885.952
862.36
161.543
387.094
744.256
961.814
995.633
172.303
433.067
870.874
33.4986
152.765
388.969
929.067
479.566
234.107
577.777
284.418
119.441
87.9125
622.367
565.413
101.83
202.324
369.939
404.933
424.428
153.107
864.892
994.458
470.827
749.826
130.69
757.337
79.8638
223.611
267.345
336.551
857.526
757.238
782.133
829.688
632.632
544.753
446.997
709.503
619.926
164.609
239.697
233.305
387.252
393.457
515.648
662.405
667.255
41.5452
677.524
31.0487
339.168
897.525
479.988
972.882
104.054
200.891
212.55
635.298
949.199
62.8332
345.582
594.549
46.8698
107.821
569.586
986.691
252.352
63.5717
288.045
554.144
490.04
669.227
587.509
690.551
568.603
761.704
68.4359
766.738
12.1066
727.504
5.83502
409.985
388.914
239.272
464.623
62.6621
60.6913
728.392
831.239
92.9421
846.683
850.773
866.367
201.165
531.177
84.2505
725.229
545.108
552.971
932.714
339.076
283.591
363.366
212.182
277.011
451.336
473.266
843.61
399.676
772.747
920.293
90.6428
729.695
195.364
954.227
450.037
467.756
275.36
984.675
448.727
713.341
730.902
970.74
523.023
456.139
350.961
311.027
379.033
804.933
316.758
156.794
763.911
247.238
873.23
805.23
248.06
283.251
144.444
208.101
339.971
865.048
888.762
568.423
267.3
275.664
758.845
800.047
877.443
997.34
493.456
238.336
983.753
604.285
700.777
251.469
833.278
148.616
978.112
288.75
250.296
30.4575
984.891
782.921
46.7834
111.582
382.574
206.541
944.382
269.451
867.176
367.515
58.4555
633.409
641.66
755.82
817.785
101.321
853.369
853.059
475.72
122.746
706.346
859.946
380.617
139.233
52.9351
246.176
263.886
994.447
380.091
984.765
649.621
333.183
792.828
792.197
345.534
781.191
122.905
290.176
923.701
84.844
871.055
759.078
302.675
454.649
744.691
232.188
488.982
928.445
952.172
639.23
293.407
493.587
734.613
743.929
301.12
92.8605
385.11
820.076
518.433
112.264
954.642
601.58
244.415
901.749
158.361
642.319
702.659
719.71
563.183
90.0071
525.225
891.409
798.305
164.299
93.2815
118.95
328.591
622.933
121.485
730.112
763.59
881.492
418.085
174.964
942.582
543.721
980.605
508.05
291.769
112.138
96.3585
681.151
550.024
935.434
834.811
733.602
713.953
753.104
749.699
936.287
474.246
902.6
85.9764
419.52
969.11
634.548
721.103
107.448
35.9671
452.149
201.262
971.687
421.643
757.589
878.136
799.096
439.156
797.289
456.384
203.491
114.263
286.096
449.605
374.505
928.551
635.617
665.101
690.439
272.706
281.906
25.0184
482.917
811.281
711.555
741.485
852.496
219.662
822.149
132.301
934.309
478.976
763.245
555.855
605.727
852.391
318.071
1.54634
533.377
266.937
775.305
565.696
160.185
491.768
566.611
221.291
735.316
843.397
311.423
129.696
557.57
220.116
309.199
998.616
18.1926
834.587
584.514
246.004
840.061
790.984
846.616
645.566
680.204
560.272
837.246
695.107
320.797
816.088
564.452
731.725
364.827
79.617
551.982
213.188
286.857
212.991
60.5868
66.4235
992.845
228.693
986.777
373.624
607.179
831.611
934.305
303.965
937.462
968.612
542.816
312.268
140.708
768.531
196.053
501.346
217.193
157.245
508.734
296.424
544.18
125.102
687.525
400.367
200.95
807.667
798.554
407.936
64.2734
868.673
863.653
554.639
820.711
2.90456
402.512
287.554
165.492
15.8631
781.288
676.891
569.393
899.273
403.818
970.77
392.969
572.586
163.709
743.095
625.017
669.535
579.459
334.565
698.502
537.623
965.824
457.339
287.007
812.292
799.427
569.995
568.463
804.864
951.793
654.972
536.389
985.484
666.296
397.351
683.854
983.891
414.999
101.47
938.942
409.562
95.8599
448.582
515.592
999.419
319.685
930.567
298.794
929.831
829.595
355.962
212.259
827.153
824.252
657.602
439.684
27.6739
190.975
606.475
372.852
876.982
358.13
302.662
242.101
426.811
750.226
148.169
813.71
343.937
167.276
662.973
596.732
453.423
945.901
67.6975
236.626
313.242
517.802
185.131
248.12
977.945
126.663
397.579
784.256
527.778
552.862
205.16
597.173
591.499
922.997
257.159
829.296
504.653
134.877
547.984
407.133
651.41
336.074
83.0636
985.494
122.125
873.307
607.822
14.8339
967.921
439.797
662.908
251.407
888.939
937.626
67.1239
87.5787
198.178
132.096
50.293
401.94
855.211
185.792
354.046
185.657
463.76
942.83
209.639
228.025
527.333
600.434
787.116
391.535
314.454
508.185
416.15
991.421
208.909
18.1402
110.598
48.9544
923.684
955.245
19.2147
509.459
905.576
661.644
785.227
218.66
319.954
105.477
166.813
613.657
303.634
40.3571
966.333
802.203
533.841
102.119
483.997
336.492
360.711
371.645
575.036
411.251
771.539
794.037
500.28
72.1894
731.288
793.359
248.067
967.033
113.632
967.38
828.766
130.289
590.698
287.598
237.884
703.076
781.747
306.421
714.124
554.799
418.305
416.302
527.179
714.061
715.888
786.238
587.004
817.127
953.89
681.214
520.45
444.634
61.7536
52.4541
689.255
7.58706
850.815
563.908
680.237
544.24
179.988
227.027
667.328
448.104
515.396
75.9831
386.739
327.495
958.284
494.119
270.47
227.864
243.957
955.204
116.908
674.364
532.456
766.376
935.859
23.9996
47.3565
480.272
762.749
580.385
4.02103
709.479
94.5746
711.004
487.382
245.075
538.458
724.389
379.559
411.609
490.29
685.417
440.173
132.686
462.116
359.668
751.027
24.532
666.86
536.426
948.968
160.036
840.109
554.243
686.438
774.273
51.4597
678.387
231.722
826.104
531.002
306.883
906.722
841.897
736.707
827.853
468.784
89.6346
20.5369
347.746
587.314
748.716
148.193
755.573
211.573
126.797
500.522
495.979
41.9411
45.2527
273.112
573.005
125.326
574.884
211.786
291.342
121.28
299.611
21.1967
923.246
307.256
55.0312
284.977
242.933
390.605
608.421
590.9
837.891
606.07
385.14
192.899
445.252
38.2344
112.326
421.797
694.174
209.601
43.5651
714.187
500.379
510.54
288.011
428.424
660.843
264.361
124.82
0.519103
654.743
69.4676
110.068
731.287
256.594
444.188
240.447
938.193
809.916
824.97
528.528
27.5166
161.457
194.672
561.378
499.769
599.146
307.444
91.6807
76.6789
219.412
845.925
472.516
192.627
34.7519
314.216
958.844
516.48
649.594
908.27
115.936
28.6692
326.29
589.304
994.023
368.634
843.797
643.805
436.016
663.006
345.341
877.14
108.957
146.905
769.604
441.313
207.979
479.39
870.002
28.6259
532.823
437.356
921.312
612.854
930.727
436.254
180.663
131.849
225.918
185.082
964.912
977.413
395.527
429.612
798.333
89.9649
225.918
692.223
708.759
0.317426
204.021
777.723
157.81
675.212
317.86
508.801
798.148
316.699
502.178
187.273
790.166
850.718
52.7857
980.947
579.872
183.102
721.251
221.995
152.53
70.6972
805.009
210.317
911.948
773.4
172.437
861.999
587.862
344.831
254.276
574.04
304.025
263.515
928.872
215.748
23.3867
84.0855
406.609
756.257
665.614
333.994
546.738
826.474
923.598
132.889
26.4398
450.36
112.119
60.3281
826.707
300.964
702.193
936.568
142.64
505.257
732.755
157.949
997.557
181.056
267.058
493.111
112.378
309.533
959.782
202.197
415.768
76.7645
623.37
594.779
579.261
634.107
195.097
753.075
118.029
84.9044
492.127
877.796
545.997
987.015
648.066
280.465
338.019
428.151
714.892
367.275
696.868
773.185
917.596
407.538
404.478
66.9059
810.25
529.734
51.5932
197.595
711.773
268.392
274.518
759.938
423.474
327.019
9.67746
901.961
240.022
710.561
324.257
679.677
568.108
403.126
853.167
783.096
235.578
663.823
918.313
224.148
496.652
329.368
815.741
305.355
270.163
243.825
710.309
109.93
757.271
783.536
897.367
890.082
8.1124
62.3499
588.517
179.162
494.419
645.122
706.302
641.728
313.814
775.637
673.86
608.476
333.483
251.413
743.98
753.331
674.14
117.975
801.971
368.903
253.071
478.153
713.395
423.286
226.696
539.857
476.639
853.154
693.23
883.714
627.865
10.8639
795.013
98.3224
368.878
560.327
773.919
887.145
724.593
459.679
723.473
431.649
54.0474
607.962
905.255
838.144
446.248
726.313
977.537
491.426
828.845
627.512
259.52
880.985
43.8183
65.5809
929.014
202.061
130.664
291.67
544.677
714.575
675.271
544.403
481.415
371.12
293.717
320.624
270.088
707.324
227.111
83.0264
707.058
983.483
119.509
319.207
227.36
338.139
469.704
655.34
965.433
478.067
13.6185
208.034
222.742
603.851
572.27
19.2837
551.448
728.008
246.466
329.087
192.194
858.556
449.745
493.867
282.519
223.454
232.604
529.879
706.24
531.798
891.267
851.052
75.0713
390.724
591.268
660.165
528.952
310.215
928.779
348.795
483.865
72.3958
150.331
951.34
333.864
661.227
444.349
295.762
381.684
939.971
986.453
691.012
899.368
27.5307
586.038
308.769
442.235
14.0557
56.1566
453.918
107.106
627.604
164.722
600.753
855.756
526.6
965.701
905.167
849.093
560.133
838.045
220.057
754.639
75.5398
952.059
852.997
512.811
829.219
552.731
151.124
155.508
394.253
202.949
795.569
58.1939
982.393
412.757
582.147
834.524
86.5799
230.803
679.965
826.447
284.959
868.445
447.023
444.293
362.706
133.704
971.449
127.844
741.827
880.312
556.933
353.626
152.042
225.747
417.181
344.128
821.984
501.546
251.166
145.464
966.301
699.943
80.9394
750.864
440.926
144.289
517.263
443.659
539.29
698.693
324.068
516.084
612.825
647.428
957.367
755.912
579.503
410.024
412.718
363.769
196.907
147.381
810.638
317.977
937.438
582.203
342.615
204.206
331.439
668.426
480.852
503.405
111.602
154.997
289.939
627.978
473.953
295.39
663.843
223.385
295.52
542.766
820.56
536.328
447.754
769.057
221.149
882.9
102.608
472.74
619.741
337.843
532.451
353.455
404.29
882.235
696.611
181.244
40.5507
79.9185
430.236
864.204
898.324
356.971
302.357
201.306
211.627
603.151
889.765
818.412
423.846
834.983
974.925
936.98
793.549
307.813
876.007
769.135
313.359
755.525
64.861
712.905
727.967
403.763
437.077
21.2004
560.947
343.352
32.9304
12.0008
484.77
578.661
838.038
90.2641
333.439
159.95
139.941
169.916
379.945
864.032
106.83
463.207
826.759
764.251
65.5051
881.692
510.437
104.743
868.967
445.568
652.93
306.857
694.168
494.339
732.185
844.671
235.292
140.475
651.174
554.624
148.168
208.378
893.625
629.798
551.057
893.557
130.847
796.565
643.14
992.098
229.386
699.723
14.7892
859.667
74.4308
317.375
896.416
224.195
417.48
789.542
531.826
699.707
755.567
641.502
627.136
823.587
308.205
296.278
680.126
799.699
560.131
548.517
153.199
899.67
744.103
377.513
334.891
819.265
537.593
939.653
212.169
761.882
207.697
644.614
323.729
822.94
355.433
995.723
911.559
464.414
257.363
988.909
465.549
725.334
881.125
708.24
148.479
930.02
841.581
736.398
484.048
289.898
574.21
788.41
929.48
96.3336
617.933
765.072
580.626
461.127
235.25
162.761
768.478
458.739
345.612
438.616
901.737
381.286
428.951
749.535
743.952
845.76
268.824
211.278
742.13
45.3239
75.5009
976.57
856.211
256.106
163.354
540.885
88.1588
181.385
287.185
549.241
41.3155
110.919
379.708
310.484
24.2331
609.415
516.588
306.138
570.328
330.425
783.613
303.8
600.734
26.5983
478.21
610.521
590.883
231.13
968.294
405.69
993.121
895.946
107.073
617.158
252.623
357.83
492.834
105.979
169.67
873.114
25.9079
927.055
198.897
14.152
187.055
573.576
829.235
996.575
606.77
596.644
204.16
435.983
755.728
37.4515
70.5989
687.577
733.43
203.367
389.841
264.076
13.579
462.066
111.444
458.832
797.659
686.194
761.028
215.269
87.4125
537.059
387.661
114.678
295.526
977.469
772.13
626.178
832.825
814.472
532.665
140.514
629.081
21.555
251.736
848.897
530.357
421.518
61.5598
925.563
364.311
636.145
295.234
315.124
649.569
152.887
66.4853
440.591
248.013
813.659
668.306
453.326
99.3998
903.797
867.119
0.972885
744.235
483.03
855.238
542.957
919.318
343.471
354.295
785.553
715.187
456.282
133.068
20.4013
808.129
448.474
714.879
853.022
142.052
269.635
955.887
713.245
235.975
16.284
332.474
500.092
457.85
895.487
493.214
972.624
139.903
561.723
921.258
939.511
147.562
849.49
382.15
697.82
364.539
62.3425
369.16
441.029
759.93
45.9939
625.121
802.953
76.7915
863.587
341.811
274.692
370.902
865.542
93.3146
762.495
357.107
680.527
430.133
23.3932
840.405
289.649
280.488
490.547
49.7265
40.1967
512.122
90.3912
912.182
630.981
792.669
958.18
740.487
697.023
43.3452
517.557
320.646
341.142
556.308
633.853
423.13
523.589
190.849
551.382
589.235
613.633
880.783
43.7968
13.6709
129.93
81.6214
746.334
131.517
16.127
320.72
492.446
377.312
996.782
949.469
778.932
599.263
184.098
749.423
257.395
943.473
221.715
633.074
560.947
161.019
686.901
176.754
379.028
301.919
71.7593
703.242
686.424
540.167
537.768
623.149
501.886
396.605
412.151
478.751
724.775
193.251
460.806
796.018
92.9946
63.7034
738.029
327.932
380.951
967.341
950.892
405.592
761.792
696.467
974.401
947.06
83.7773
939.472
366.503
704.348
336.967
761.908
429.405
756.808
134.795
911.697
780.846
237.483
817.416
742.946
286.91
164.487
152.507
212.05
83.2687
851.451
307.707
834.543
806.666
202.469
180.708
34.7304
870.76
723.424
572.848
383.484
963.753
972.152
494.625
542.074
998.49
546.579
902.813
628.83
603.758
398.012
834.877
346.378
268.653
34.4692
564.207
773.725
316.103
27.7292
526.803
791.413
628.493
592.266
234.606
799.105
135.188
2.08478
701.502
661.466
421.251
343.523
464.522
715.992
867.461
862.256
624.95
559.997
687.868
698.145
392.614
145.451
312.269
562.341
962.884
220.527
252.616
300.592
651.668
213.898
895.329
911.377
661.634
439.112
342.46
506.898
646.054
756.354
265.866
681.844
8.92281
150.768
787.773
504.93
155.751
731.359
221.953
790.537
353.64
411.486
431.16
814.351
527.728
568.645
923.314
282.945
909.947
692.961
231.465
181.099
552.361
894.3
726.82
333.671
48.5412
948.935
691.669
815.753
490.733
708.036
137.148
113.157
486.763
370.051
662.21
515.975
618.091
623.324
303.537
164.905
829.209
608.376
275.382
460.281
79.3858
223.501
213.306
887.574
981.848
523.26
751.803
363.747
814.728
935.639
233.779
822.817
65.1591
176.96
86.554
245.774
805.787
78.8064
936.475
712.352
585.581
891.452
170.437
275.913
918.528
904.508
200.934
706.777
789.646
667.129
730.905
35.7619
173.406
514.463
440.21
683.786
321.417
159.571
587.575
63.3322
360.975
514.519
416.121
364.897
531.402
712.363
108.81
730.79
539.117
143.378
519.504
807.524
43.9242
651.899
428.752
347.344
97.4342
400.946
579.229
893.132
479.936
164.409
938.243
876.095
755.072
393.498
233.464
632.437
553.576
595.939
798.452
806.997
70.1062
711.489
647.628
465.053
113.3
942.759
742.625
537.644
781.833
160.712
895.728
243.675
82.2079
632.702
229.21
79.4134
581.684
578.662
635.224
261.832
667.219
437.183
88.7306
28.5806
714.161
785.303
800.313
509.459
653.052
499.163
167.117
520.321
146.123
941.13
914.497
321.958
74.4979
14.0667
109.817
318.105
910.866
715.233
280.514
726.118
69.2482
58.6874
353.857
281.79
632.929
702.26
744.193
80.2335
253.616
427.361
599.118
204.816
170.134
469.53
948.542
55.9137
534.737
105.195
515.456
414.192
771.371
464.171
995.31
615.564
875.403
184.911
208.88
586.557
141.728
765.076
213.537
402.183
161.453
616.85
17.8805
949.429
331.025
325.566
298.053
877.082
986.711
170.954
540.068
408.78
417.473
920.055
425.619
616.327
866.706
385.058
399.658
172.456
545.052
481.633
82.3972
408.137
119.995
75.556
157.932
123.477
991.434
897.369
243.632
181.184
414.671
194.545
941.66
538.118
592.621
614.28
234.93
337.678
767.685
431.781
818.557
740.696
31.1849
601.273
74.2408
765.308
605.891
980.308
684.22
940.357
206.882
311.008
344.613
658.566
350.289
311.367
441.575
804.683
151.584
290.541
680.035
292.687
868.691
637.211
551.726
290.796
724.893
0.677451
760.14
62.3374
57.1057
979.691
614.188
876.674
632.456
221.42
304.29
422.446
756.417
408.015
494.858
613.747
145.913
144.472
931.52
849.962
188.46
60.8051
661.654
356.373
271.591
883.666
910.051
583.041
104.405
25.6176
810.621
114.664
14.4517
670.329
758.573
688.119
878.382
13.3255
569.404
724.142
814.463
442.939
381.194
955.495
850.584
35.2842
50.3254
929.084
194.51
889.118
918.969
230.525
326.612
967.953
291.929
535.942
152.076
252.836
783.111
50.2018
773.621
972.654
175.677
509.07
851.387
380.858
398.481
873.844
918.863
227.41
233.613
753.047
728.342
549.858
30.6918
771.827
652.514
323.303
873.136
854.209
207.482
589.236
696.101
167.71
864.218
979.571
936.65
238.576
848.407
694.564
561.243
116.835
601.538
439.64
186.687
44.1767
888.484
112.731
426.679
648.396
228.602
24.5753
261.215
502.85
829.312
572.221
860.009
898.183
584.452
840.924
879.194
779.908
926.369
930.608
293.741
115.659
493.204
566.688
593.037
29.6369
184.411
16.22
935.951
141.698
361.872
572.174
182.487
890.412
735.589
52.0709
655.142
622.292
16.7744
371.713
863.535
765.289
282.954
367.532
95.4352
48.69
375.718
547.771
846.332
12.2463
628.89
326.85
154.206
695.919
30.6981
840.716
417.67
602.819
176.223
533.501
611.494
669.304
324.639
55.5076
646.453
898.699
689.13
405.512
139.018
562.55
45.7483
800.858
14.6692
942.936
531.651
159.24
136.31
681.17
434.324
846.89
761.752
65.6944
63.5394
87.77
842.515
391.448
799.43
64.1046
496.783
664.09
866.309
774.925
954.578
917.866
676.601
489.458
680.888
731.468
996.796
547.076
546.042
830.824
122.816
54.6071
911.227
83.5267
521.181
32.2546
425.414
541.724
441.24
906.915
548.373
257.029
169.349
169.771
199.013
353.892
355.789
55.5227
120.463
741.418
67.6308
393.366
210.447
5.5269
414.356
282.843
110.332
544.451
157.375
997.089
217.358
184.828
189.581
876.066
185.986
90.0723
87.4612
885.487
135.77
197.601
667.321
753.781
670.092
100.018
80.7959
8.27636
433.388
824.146
65.5387
989.57
60.7577
420.271
517.977
784.607
785.389
414.866
210.097
567.457
713.762
719.255
755.741
733.124
419.747
443.04
508.997
443.328
375.455
606.758
3.45911
341.432
173.843
58.3457
512.887
631.953
115.937
0.883278
917.878
932.187
660.107
666.205
27.1878
91.021
353.688
504.907
944.447
912.939
95.6387
195.689
750.018
631.57
85.7136
146.717
333.006
332.972
289.259
512.687
450.071
948.482
141.336
80.6153
186.252
112.77
999.156
385.227
769.959
135.2
263.142
754.549
861.334
660.376
375.254
514.282
843.015
723.604
85.1689
605.435
538.088
843.783
482.695
406.096
45.3806
372.961
626.299
561.042
791.822
449.654
966.258
281.01
370.213
821.157
745.899
498.983
564.244
326.011
760.301
788.954
107.159
606.892
119.116
341.668
13.0298
380.206
374.769
33.218
737.754
373.304
680.831
650.667
338.693
483.341
695.039
291.836
216.237
271.483
160.133
424.721
836.84
118.453
421.861
869.811
95.2514
96.5922
281.258
302.743
104.544
302.16
247.366
715.661
277.251
309.827
442.325
526.433
541.495
908.087
614.1
792.17
524.931
26.2032
199.757
826.748
29.7536
25.2846
436.261
703.939
247.808
381.161
684.167
864.232
950.329
395.986
475.798
753.279
497.097
428.242
152.558
975.339
500.491
294.422
160.764
421.19
547.355
865.599
242.079
755.163
612.618
432.057
509.26
251.58
920.861
440.85
132.117
441.562
643.568
604.473
479.591
254.631
219.513
841.816
744.429
156.516
402.946
831.304
505.669
239.107
669.067
244.912
315.068
807.584
19.3441
682.934
196.467
933.638
851.806
463.485
157.224
855.677
605.496
336.397
179.287
363.422
706.297
815.158
200.711
214.928
676.505
657.699
848.842
711.529
506.669
410.226
941.67
266.246
799.669
269.019
347.606
812.875
198.869
552.421
765.173
338.233
10.1263
126.528
447.649
504.196
167.672
338.872
213.74
37.4467
113.443
608.281
130.115
284.738
235.743
347.842
666.424
494.57
114.427
491.47
565.749
130.116
454.83
510.814
65.9149
933.863
660.876
484.473
888.347
845.725
39.2298
879.804
785.281
970.354
571.621
171.524
622.734
46.2693
612.933
21.2138
461.248
692.529
230.153
326.451
879.845
704.447
794.413
194.375
637.578
897.873
868.267
556.815
463.726
224.504
26.7934
305.87
359.919
814.407
538.593
150.924
848.717
165.316
476.193
870.036
442.633
263.47
880.53
817.563
579.85
62.8712
767.308
851.512
988.419
497.283
621.019
731.93
25.4306
283.443
302.854
317.488
883.198
879.416
119.76
931.136
568.019
476.467
922.26
285.303
411.537
167.116
167.888
638.779
258.506
990.056
695.066
15.2981
842.018
401.486
679.783
540.459
677.692
562.306
715.744
269.34
817.294
314.863
879.609
380.756
250.76
707.966
869.221
732.194
650.181
724.293
77.3347
507.069
542.271
482.766
670.147
875.924
174.989
595.82
153.425
146.842
122.762
726.62
444.023
36.7612
632.395
336.394
427.009
272.087
442.782
462.13
314.562
369.388
176.506
398.501
669.298
878.76
776.154
856.262
689.213
645.343
984.368
467.206
642.162
388.398
701.495
40.7511
193.565
570.261
621.041
340.103
691.176
665.607
779.49
130.745
295.37
408.914
267.424
107.763
603.155
837.31
53.151
981.392
180.252
227.546
653.411
395.561
150.059
698.366
749.262
578.517
793.658
989.713
55.5318
237.347
484.351
992.987
91.4441
472.24
347.438
74.9044
516.087
617.257
825.284
272.574
448.75
331.311
4.457
528.416
519.896
838.012
681.272
347.923
138.412
521.159
900.935
496.513
725.125
652.382
190.403
577.427
77.3706
590.08
143.76
852.628
986.259
529.058
29.3163
362.748
134.401
685.687
928.798
978.386
830.137
515.01
740.092
259.602
473.169
217.698
466.256
27.48
750.08
903.454
255.451
53.6404
396.249
533.322
970.472
770.941
168.466
319.896
864.482
0.0867492
201.115
977.961
574.003
299.107
684.746
898.271
854.284
180.637
341.36
476.627
659.716
438.586
273.716
935.039
587.315
592.284
749.857
690.428
769.589
731.791
427.965
781.134
829.912
150.107
525.306
877.679
945.234
222.11
848.801
760.036
734.347
259.682
309.596
820.613
82.7041
89.5488
181.503
584.736
994.968
994.686
590.628
566.401
642.906
389.671
463.662
87.2632
348.38
201.367
853.726
275.088
849.011
762.951
409.419
71.4416
768.258
43.9445
974.488
167.303
323.528
2.13222
387.806
752.914
417.359
603.665
496.907
420.995
970.233
791.944
969.956
560.016
662.399
149.065
472.822
879.166
789.973
768.569
217.837
34.9187
231.913
606.188
352.22
599.532
234.358
285.463
466.242
196.503
902.876
574.829
8.66287
602.196
647.674
917.687
210.121
4.79026
938.762
960.567
360.063
652.914
324.877
788.619
850.96
501.283
869.902
922.171
202.276
557.184
722.328
260.968
478.743
790.413
106.393
370.156
811.447
234.365
397.942
398.234
570.139
274.359
304.504
694.598
590.774
791.209
328.749
873.293
468.923
456.818
369.406
748.986
538.339
920.653
356.373
677.512
781.223
190.876
470.241
371.751
594.859
214.392
644.748
66.852
366.037
461.964
467.95
888.252
993.721
396.713
199.405
670.622
430.586
668.925
711.946
103.385
580.356
62.2642
693.975
584.102
350.398
894.57
248.63
268.609
694.011
231.878
77.0853
567.98
225.626
841.654
102.915
387.059
612.189
928.254
691.602
185.564
857.964
951.016
443.328
6.57017
746.508
17.2639
928.231
823.004
786.616
715.723
121.944
342.799
748.457
760.839
756.774
58.2347
257.12
358.351
292.3
173.268
434.51
883.821
830.848
771.135
513.457
848.123
551.608
448.042
972.265
469.892
245.725
720.402
601.688
700.441
328.001
973.886
82.778
670.601
443.916
51.8847
952.495
123.407
39.2128
846.117
108.971
36.7433
209.469
348.637
370.338
854.282
886.003
526.018
675.975
262.755
169.459
384.718
698.549
463.347
11.7991
591.555
326.496
272.505
729.959
702.748
352.53
993.517
159.446
225.254
952.766
868.81
913.787
499.526
117.32
551.062
886.626
445.519
66.3691
619.175
138.651
74.4775
91.1693
866.177
863.401
936.26
948.214
256.739
576.833
272.494
423.324
901.64
768.528
84.61
503.141
638.061
371.338
935.724
542.115
303.693
825.573
497.642
207.135
218.37
648.483
368.119
898.514
861.287
75.5562
836.357
879.846
80.054
963.197
212.067
860.699
168.193
69.7338
278.879
141.075
781.653
540.807
938.189
286.744
367.038
784.313
304.655
317.152
682.275
437.934
357.383
475.425
195.131
208.305
777.59
251.55
940.328
535.094
178.476
649.229
549.056
236.377
498.442
943.863
85.6413
94.9418
655.319
858.983
438.266
210.485
495.432
192.22
920.511
472.607
793.948
216.165
507.553
697.234
326.887
446.428
517.866
448.368
423.43
656.757
274.03
862.328
580.906
892.651
253.748
567.949
673.263
19.6553
846.366
109.118
574.378
385.109
136.437
822.014
45.7313
82.9618
172.321
485.2
977.349
216.305
176.05
973.965
323.336
343.105
795.211
729.161
718.592
874.473
176.097
853.959
9.47412
744.585
690.732
728.982
64.3919
875.444
122.451
977.067
864.759
272.24
2.66172
594.275
204.915
475.854
295.361
914.82
371.907
303.275
399.275
506.464
31.1766
575.569
336.613
951.901
638.856
882.908
331.865
4.14623
40.5168
399.454
766.597
693.55
332.812
635.335
692.607
385.315
469.596
612.085
865.025
454.262
727.146
850.808
241.043
463.78
821.337
363.72
404.212
454.689
838.601
399.988
696.809
4.03251
925.851
391.823
455.299
81.1505
934.011
518.322
580.795
776.969
555.279
709.678
375.46
720.97
393.742
176.056
727.727
328.298
398.604
602.082
128.126
976.9
33.3325
703.588
890.252
232.124
894.888
617.854
288.413
385.174
505.305
577.221
7.93141
814.119
21.9995
999.856
442.402
114.255
329.892
786.981
524.088
71.8409
642.797
525.464
201.629
505.17
436.411
6.01164
599.308
794.188
421.854
43.892
723.058
729.325
836.307
860.153
192.446
687.64
643.217
91.5061
450.033
286.007
194.354
956.687
758.314
653.842
483.274
842.237
771.135
539.311
616.294
972.793
745.794
231.261
422.759
307.428
431.563
3.0041
929.191
27.1606
170.945
613.051
517.992
137.935
825.626
621.92
95.0237
762.256
286.745
583.935
193.865
601.016
749.093
869.711
168.57
50.13
774.417
180.822
69.7168
305.526
796.622
85.3645
387.37
1.23072
940.874
875.032
84.1245
31.168
352.178
104.67
564.587
3.55905
122.626
598.441
845.747
581.006
39.2838
907.85
944.817
848.58
868.566
991.49
704.776
921.203
573.149
700.87
78.4398
610.679
502.389
837.944
513.16
997.897
188.186
575.477
71.8131
838.537
349.919
769.434
421.648
528.364
202.079
651.807
778.679
789.66
257.519
972.237
347.844
752.099
821.552
397.437
112.352
893.391
24.7376
809.4
941.845
597.168
995.166
638.054
678.816
363.102
27.7497
983.264
974.65
968.158
974.911
627.433
357.565
894.83
619.653
106.548
79.4439
894.274
261.061
428.247
290.089
687.52
859.551
324.631
686.954
89.6319
773.722
770.21
975.1
599.097
744.391
937.29
813.492
72.4945
419.66
498.398
815.155
112.962
395.861
805.086
83.9082
366.184
704.48
702.115
511.067
931.112
589.223
693.74
1.57783
461.646
677.906
623.429
158.489
432.919
601.765
609.279
13.6601
160.084
293.843
484.596
765.349
942.716
605.639
607.369
362.27
633.859
217.13
444.845
179.287
734.694
733.165
522.182
60.8214
44.7555
215.31
999.527
91.0297
970.196
502.26
553.303
589.689
841.028
536.45
268.457
862.629
310.374
505.451
673.603
66.4699
918.035
92.9854
785.285
418.748
776.247
138.033
376.649
713.506
672.049
846.773
596.034
334.71
538.57
669.22
369.176
418.964
602.798
521.951
702.478
556.743
711.525
144.732
432.254
67.6455
527.493
659.932
144.829
897.902
897.073
450.071
824.252
103.85
657.608
74.7878
308.229
567.377
180.948
360.802
279.324
480.969
759.388
967.47
358.851
511.427
516.586
559.502
867.084
751.149
370.036
313.774
67.9228
270.915
949.905
408.571
722.282
553.23
573.757
653.632
665.812
393.444
935.701
733.952
927.719
168.296
155.327
78.287
783.32
177.35
75.5222
996.87
639.295
129.571
43.5618
37.0655
983.64
670.302
967.244
8.99998
879.006
97.0163
833.046
566.946
865.955
397.039
498.147
781.081
289.86
336.856
829.721
685.785
230.477
248.76
836.186
185.773
546.112
182.43
504.377
984.027
334.707
330.952
578.208
862.658
42.861
795.103
457.854
899.917
842.059
336.953
999.244
196.584
950.978
392.643
2.72062
769.674
666.462
191.295
113.604
260.135
716.509
867.318
248.403
506.77
550.388
289.878
306.342
326.824
608.085
377.135
140.261
683.448
878.775
653.304
622.777
933.669
971.558
60.9945
247.791
862.737
927.603
705.181
414.089
500.159
437.979
502.194
223.134
260.738
473.427
188.982
928.629
195.142
449.219
944.569
758.284
206.596
448.953
945.044
611.421
84.0455
114.921
551.714
557.881
411.563
119.788
883.562
328.437
585.848
595.162
192.112
314.188
758.706
78.7794
509.921
467.582
922.6
915.096
331.599
921.821
181.307
206.9
785.481
884.926
553.807
361.028
619.532
202.063
210.654
633.422
939.94
962.571
553.861
381.776
666.088
220.012
942.906
643.173
90.6426
623.643
512.729
224.843
325.583
872.6
499.872
424.936
169.727
10.244
818.465
373.84
524.261
801.454
540.028
532.613
711.749
671.815
114.661
221.753
300.943
841.81
13.7576
939.55
512.439
534.201
316.776
314.073
265.016
157.184
150.77
606.474
33.4876
623.811
818.357
926.475
118.657
929.192
617.832
554.751
698.796
506.628
421.492
703.624
238.796
972.931
891.406
539.259
904.346
668.402
85.3816
578.88
569.222
930.532
152.464
548.914
646.884
610.25
802.768
219.06
234.352
758.975
429.721
527.955
165.851
262.943
786.003
794.107
353.59
72.9937
292.693
907.378
888.512
433.544
672.877
958.396
508.808
529.872
127.457
763.426
269.99
389.654
646.888
548.614
197.38
850.143
915.677
678.878
827.908
359.37
207.453
652.52
389.336
256.706
481.398
672.86
785.624
679.152
822.644
383.585
999.569
84.5826
370.311
886.24
258.529
557.188
850.333
908.424
684.689
64.514
882.646
62.182
844.646
936.38
923.223
17.0772
878.955
315.838
293.527
245.231
813.775
739
459.039
800.633
394.908
397.546
963.587
537.332
828.688
854.103
79.2396
806.335
231.661
861.158
867.821
195.495
277.379
589.181
497.93
377.246
457.454
625.021
52.1097
833.324
847.144
949.119
877.212
751.669
162.975
146.88
664.538
997.461
929.26
28.3633
736.05
897.002
518.063
810.019
502.585
929.985
807.299
6.34569
246.778
983.298
906.794
158.027
467.436
899.139
352.619
721.51
156.714
863.764
964.606
614.192
923.152
83.2788
127.334
565.934
631.903
922.581
95.9617
103.782
721.073
626.705
378.058
490.36
35.8442
174.834
712.225
560.919
568.836
151.134
393.006
238.569
28.1122
559.021
996.776
646.499
498.536
702.784
90.5042
540.375
396.114
949.508
478.035
129.585
420.028
842.66
508.762
884.114
717.792
534.469
70.9558
291.91
133.058
346.341
74.7216
662.368
293.903
854.271
533.667
403.632
715.859
769.682
144.095
938.752
785.57
975.912
478.335
788.182
908.034
958.075
325.19
818.948
646.122
991.044
173.943
245.036
962.006
429.482
525.888
425.78
745.826
268.278
383.58
631.478
449.993
445.239
496.133
775.955
553.909
664.883
389.95
217.867
682.447
497.662
877.571
435.222
864.351
208.638
180.199
25.6853
719.028
889.775
417.473
689.031
330.26
597.545
484.805
733.594
434.712
60.0326
55.8272
107.396
6.19021
233.229
995.131
893.957
741.242
313.678
52.5056
805.488
688.598
403.317
620.396
140.783
858.152
662.434
185.667
405.622
91.7033
658.695
87.2004
789.734
477.726
545.503
323.056
691.626
799.327
393.52
533.36
731.854
774.755
307.397
344.627
213.191
492.871
128.957
2.70206
804.891
474.601
441.904
477.919
645.658
171.399
26.0985
908.602
889.537
612.054
776.543
596.885
539.785
951.878
709.119
601.419
822.681
188.661
968.128
930.348
206.406
565.924
566.691
148.629
845.706
667.634
907.642
928.073
872.483
854.007
317.807
316.337
713.113
133.149
891.357
740.383
917.906
398.852
777.595
526.969
775.225
984.803
705.224
881.567
956.511
936.87
439.364
260.348
318.436
238.182
90.8157
167.795
760.1
339.765
701.035
963.973
197.48
858.923
413.654
947.03
540.909
768.017
307.286
43.217
326.377
70.3843
738.544
971.432
905.755
63.8036
853.13
913.274
908.237
243.954
931.576
2.00293
874.249
572.938
0.330661
412.098
378.79
806.228
854.739
380.74
713.774
363.765
394.977
97.1757
914.503
578.743
196.636
357.308
985.569
245.51
142.675
78.8783
13.3821
103.638
991.58
915.254
119.051
79.3943
97.2546
79.2714
95.017
802.57
419.382
207.061
35.6916
622.902
149.556
347.63
286.152
266.382
49.4384
477.818
829.028
550.915
164.742
912.556
559.063
579.51
295.259
534.062
274.061
356.979
209.787
405.459
172.22
345.769
479.375
397.347
987.108
553.815
237.18
351.321
926.225
1.11652
573.59
771.356
386.273
964.232
446.553
390.017
92.6923
74.2084
375.841
346.878
213.089
921.931
132.861
365.118
999.774
286.971
612.467
770.73
267.441
886.271
947.898
596.979
165.216
775.139
213.478
312.714
180.76
315.854
151.361
943.054
556.313
252.633
798.445
878.949
506.57
642.904
608.312
440.741
25.8891
643.871
231.934
40.4391
142.825
843.69
1.83264
426.727
224.357
564.51
959.946
172.489
117.073
409.842
972.815
31.6507
320.177
43.8725
722.588
633.576
63.3191
491.216
673.236
860.061
674.498
51.187
153.288
151.57
298.611
603.051
524.954
483.019
210.484
713.028
721.102
230.678
267.649
568.443
812.948
94.3231
593.811
590.747
450.239
444.253
265.392
301.794
110.114
311.223
498.054
24.3977
859.705
936.63
770.442
629.636
430.127
636.623
167.15
343.607
605.999
321.387
426.096
592.385
435.547
542.16
206.841
696.018
383.105
433.946
691.338
573.814
990.261
480.154
38.009
350.41
736.527
73.1988
450.58
164.69
838.531
387.35
727.007
594.264
581.951
949.832
418.896
882.759
217.292
404.465
971.581
764.498
384.106
548.288
8.51716
743.406
764.067
602.955
865.715
525.315
147.732
504.817
432.759
203.575
169.725
484.053
692.689
238.496
600.061
405.822
215.133
186.152
643.505
895.002
402.866
159.244
203.041
618.708
944.243
732.812
407.136
793.541
621.239
234.544
923.54
881.708
69.1843
330.393
115.529
984.096
999.426
481.274
11.0925
899.67
765.499
109.206
313.475
547.74
477.85
277.704
385.248
119.524
418.347
921.242
780.883
192.894
556.019
414.72
618.409
192.203
67.415
772.051
893.576
164.857
982.316
422.078
915.059
366.986
237.164
202.166
932.265
669.629
369.432
510.157
934.58
209.799
936.399
992.237
609.28
991.155
117.563
449.156
782.4
588.736
252.708
0.619742
950.778
610.96
684.685
845.344
2.99672
828.06
890.21
32.9949
71.5685
675.318
681.751
567.947
948.318
296.241
203.12
390.648
310.358
97.4361
490.325
530.432
466.479
464.058
762.997
147.365
655.137
430.825
101.18
636.398
458.134
645.562
264.179
264.485
381.581
404.846
654.608
462.986
481.688
217.722
619.685
369.435
351.781
674.608
726.652
173.654
253.597
103.798
429.056
395.186
476.241
904.747
750.213
227.363
586.238
701.03
609.882
306.361
429.032
780.26
85.9541
682.679
33.4299
234.968
876.409
822.303
824.137
917.441
165.15
282.96
272.413
730.78
921.456
388.228
710.432
934.106
815.11
52.7743
41.1915
406.129
611.977
642.673
423.439
130.688
347.524
835.878
271.392
310.739
243.94
282.751
543.854
332.381
241.062
61.5174
909.345
464.492
918.833
538.305
956.069
447.438
281.793
38.5305
801.894
578.936
401.912
431.873
774.284
207.828
838.434
245.665
938.452
686.336
401.442
623.439
209.482
375.856
544.207
411.716
287.143
645.883
68.5239
917.28
287.46
423.978
33.038
660.541
440.385
548.487
658.69
442.775
696.264
324.928
535.046
633.705
294.061
499.512
719.322
111.864
940.785
625.4
74.7788
297.446
24.4812
123.155
871.034
202.928
412.959
418.926
735.347
90.8571
698.601
402.601
236.516
824.165
947.906
182.203
952.608
178.617
955.528
146.899
836.937
569.119
929.511
694.019
85.758
834.304
331.115
458.478
823.862
892.83
33.3795
417.067
574.19
399.268
962.493
64.5058
243.731
609.155
250.745
790.294
835.177
837.234
605.675
270.774
142.305
438.114
923.824
853.09
682.935
636.252
126.91
598.573
208.08
716.708
141.295
502.495
456.84
697.307
887.247
873.019
826.54
227.451
991.963
470.728
235.049
892.856
729.818
645.557
371.185
595.944
855.366
802.739
479.503
178.725
600.624
353.854
792.662
862.14
119.967
212.108
209.268
499.286
186.164
549.091
83.9009
639.512
462.757
198.498
331.388
238.496
335.023
853.634
997.028
742.157
98.5027
221.005
71.923
638.344
445.576
51.3335
466.906
281.948
212.537
539.133
544.534
431.427
448.263
858.226
556.532
16.1487
127.896
556.747
369.998
915.858
488.413
473.143
381.098
160.505
625.793
634.249
917.221
838.361
924.411
965.756
390.403
973.612
237.807
370.347
174.83
745.377
795.996
923.851
593.355
165.451
258.843
297.17
482.117
912.21
488.825
552.103
793.723
586.313
691.836
781.131
349.12
566.659
923.926
591.423
672.831
711.864
328.327
676.793
377.812
886.298
234.477
10.9177
602.791
155.971
693.456
942.152
859.897
167.507
557.397
413.781
402.938
814.951
639.587
991.127
971.38
639.554
263.483
493.946
862.506
275.223
959.683
32.6647
610.102
628.458
677.418
682.068
744.167
800.934
509.728
25.7777
829.641
163.087
97.73
327.437
155.921
558.929
978.888
165.94
511.439
659.866
716.825
376.65
632.913
735.519
626.785
10.6662
386.776
22.6672
862.52
530.421
6.12036
852.819
19.1631
450.715
771.16
350.921
835.024
286.615
151.444
901.988
36.3865
738.269
405.94
461.651
497.124
110.638
10.5833
876.54
203.637
694.539
615.43
600.114
690.343
213.568
854.197
910.949
697.326
36.6543
582.544
38.8829
496.163
63.889
618.185
508.109
219.157
487.317
921.936
746.701
338.912
810.497
285.527
273.761
297.452
960.59
886.853
946.093
935.719
252.607
708.992
166.827
474.736
653.313
484.39
172.679
138.98
856.487
974.086
521.682
271.278
314.024
493.563
399.34
788.073
589.417
387.014
1.66452
776.174
309.914
881.589
894.817
789.563
18.0704
438.983
202.762
210.719
367.194
396.001
749.016
778.996
201.471
646.058
842.166
833.264
21.4169
173.677
416.269
882.34
397.993
992.873
338.511
110.362
881.664
52.6229
202.946
291.482
501.334
818.846
118.896
165.981
786.133
898.286
357.304
595.702
422.171
377.151
172.38
138.677
806.568
663.448
307.127
69.8314
340.215
969.563
210.456
226.064
845.085
89.1815
634.672
409.856
865.63
514.378
292.076
876.572
259.333
924.097
578.616
728.001
669.306
639.967
924.115
800.397
550.582
290.103
209.158
971.889
68.201
913.128
457.757
214.708
654.173
355.084
935.12
316.12
385.027
609.246
67.0681
12.6023
782.948
786.428
670.833
489.711
640.753
510.383
718.125
350.958
91.6208
554.021
815.8
449.072
283.95
577.753
315.372
489.233
653.69
527.33
181.551
283.763
212.75
986.655
646.451
579.449
372.405
968.398
137.838
751.064
303.178
934.792
837.574
506.997
483.386
461.086
544.213
375.414
21.9096
838.975
778.572
812.561
248.921
36.5773
483.284
620.078
471.978
20.6075
380.077
187.394
292.57
256.183
418.332
240.944
396.744
746.913
584.876
27.3077
777.601
794.677
160.721
566.112
250.426
542.726
771.262
55.1917
293.906
630.886
951.432
110.023
432.763
16.7888
558.326
77.5062
885.453
296.988
36.2802
627.119
180.868
56.816
51.4069
527.135
123.915
763.923
345.808
437.59
413.128
139.219
250.528
563.129
514.058
447.591
278.532
616.555
27.9588
672.217
685.428
147.296
802.555
508.94
130.187
428.039
774.532
745.166
337.906
698.255
954.3
90.814
411.792
206.43
833.073
392.296
565.482
635.478
658.925
385.382
155.808
740.615
669.082
495.639
49.9842
369.026
235.105
458.204
322.365
99.7817
558.863
749.785
760.449
65.0726
711.367
568.467
586.463
754.94
422.977
690.21
541.834
823.006
679.492
319.657
112.264
796.467
249.752
647.261
219.337
736.778
240.27
350.89
402.026
25.5526
442.759
629.495
42.6935
681.363
991.188
436.373
944.933
706.187
884.13
562.917
885.64
564.587
541.832
798.932
185.007
804.387
369.905
16.7559
862.813
215.262
485.111
163.273
277.509
612.642
344.046
531.787
929.666
40.4499
101.078
575.616
209.647
760.089
534.566
933.788
590.54
77.8951
324.993
298.567
124.141
742.735
178.182
562.584
55.8908
94.0127
672.407
153.581
103.104
273.074
9.21061
176.239
61.6841
933.542
881.426
528.087
244.923
944.718
83.869
400.289
92.3465
413.851
5.95648
890.31
598.252
935.241
812.969
983.522
933.192
675.065
573.606
62.0845
404.937
729.188
283.947
794.674
319.086
46.5873
208.053
688.392
147.618
133.24
67.4533
448.478
943.163
171.26
808.07
312.115
97.9751
176.857
224.243
684.896
242.754
340.318
974.047
213.452
418.007
844.201
154.833
141.937
189.231
735.453
877.694
705.682
379.442
966.975
267.444
960.32
774.3
548.733
181.799
892.425
935.322
22.8374
178.956
737.354
7.36058
756.756
934.237
986.297
702.984
30.3311
309.157
707.742
16.849
662.363
584.106
164.81
399.132
208.824
280.287
670.644
283.062
185.39
397.722
596.603
905.371
580.734
491.919
105.143
120.783
283.329
588.347
709.581
436.508
233.354
605.444
120.407
277.087
813.478
415.915
992.23
734.168
528.879
442.963
372.158
913.047
610.026
361.626
620.398
814.653
153.788
982.129
843.672
297.606
542.717
237.205
984.021
562.72
532.501
711.498
437.394
257.718
848.136
749.702
751.77
381.877
795.294
600.209
652.332
800.928
80.3295
610.151
456.31
186.986
186.73
331.298
232.768
354.873
614.376
747.977
708.849
256.427
528.395
249.755
565.418
752.77
754.711
572.984
58.8801
848.752
108.551
684.379
775.011
434.769
149.389
512.832
203.48
32.7133
161.313
916.804
922.379
332.116
392.167
246.346
720.281
879.753
919.274
91.5389
444.498
554.396
406.182
151.587
749.189
24.4636
76.0391
787.626
992.503
309.705
446.16
492.539
80.1492
611.246
378.912
805.552
121.571
453.401
330.53
779.364
917.754
814.335
987.011
962.281
865.666
683.166
820.456
554.581
188.189
443.539
176.398
332.789
90.4843
676.442
899.726
581.149
630.014
629.512
951.326
428.256
659.534
400.84
77.5968
38.3298
67.4788
220.044
129.514
259.052
871.161
418.987
736.114
867.308
203.577
312.83
509.38
94.9401
328.397
256.311
974.082
850.975
989.743
300.348
798.47
5.39815
388.892
803.593
361.783
360.867
130.082
908.94
84.8484
939.744
608.776
285.696
513.69
959.169
560.264
976.866
767.011
189.742
142.145
543.698
410.856
204.813
804.665
135.071
22.9096
566.628
886.978
249.701
960.32
80.075
960.079
129.58
94.9841
520.009
278.64
201.96
365.752
427.72
680.302
255.89
895.62
727.828
23.7252
32.49
501.787
668.628
943.116
263.416
696.25
394.628
739.841
500.167
633.848
855.955
569.66
132.016
953.348
609.559
421.052
39.3971
505.956
814.272
435.937
322.775
645.861
636.139
884.03
387.749
30.9423
710.771
67.1383
461.713
851.165
932.474
866.59
925.507
560.623
910.471
837.735
927.761
670.401
33.7037
248.106
825.94
987.918
378.553
313.735
485.282
29.1175
167.666
940.429
237.138
738.57
210.259
368.24
926.632
325.403
620.291
358.283
494.593
47.0214
92.4982
577.413
671.695
375.262
418.992
19.6825
798.265
779.171
631.125
61.1982
409
613.741
860.33
749.823
878.708
464.158
514.023
371.602
157.006
50.3914
772.49
165.933
923.894
127.974
422.506
251.076
574.321
48.9084
173.599
605.981
441.68
983.614
452.162
84.5183
954.051
603.346
163.692
430.708
792.455
25.6632
559.173
650.643
100.204
417.092
471.142
676.3
842.318
101.603
209.257
341.928
202.989
755.82
63.5923
364.141
559.197
87.8005
973.782
367.094
905.062
741.937
628.995
384.421
402.651
385.059
291.202
576.037
982.207
485.568
534.064
761.97
42.665
66.7598
991.889
454.365
449.647
205.923
75.4879
285.569
283.565
662.062
470.535
523.153
449.113
286.92
453.504
936.044
66.2529
737.256
582.693
849.298
971.996
32.2404
917.924
283.86
75.2869
150.322
440.661
622.767
330.366
737.507
963.487
43.4735
786.883
96.8765
288.796
789.317
300.314
581.098
284.401
269.595
759.768
840.113
549.469
540.725
31.0494
750.113
437.204
259.602
592.84
323.024
948.263
59.2576
138.336
164.337
806.572
86.6879
251.972
698.069
350.651
289.147
882.349
138.542
520.48
829.939
402.784
177.668
572.258
665.022
967.688
332.289
419.104
990.394
977.125
508.252
960.978
665.728
297.24
376.427
46.1318
286.215
447.984
801.327
991.541
781.71
961.791
636.755
901.641
5.48657
190.94
416.887
461.837
985.103
853.724
677.875
872.473
361.723
869.794
87.6687
135.105
73.8784
555.822
124.04
839.037
845.046
999.852
497.19
833.292
324.922
575.163
778.851
946.723
391.089
714.411
80.1481
54.237
735.585
567.282
61.9238
925.641
300.008
288.303
900.669
158.964
759.283
927.207
48.2202
144.117
229.64
156.939
82.0875
55.2833
847.887
11.6897
654.491
789.427
259.632
10.0974
411.324
89.9957
302.194
300.884
807.344
683.488
977.519
36.793
421.599
554.396
901.423
7.93343
748.723
761.727
773.053
550.861
469.151
806.406
533.711
1.35434
987.137
170.117
43.6998
36.4767
62.7616
517.548
581.773
417.82
786.752
268.382
812.058
118.644
979.342
964.088
131.408
11.8798
501.503
566.612
335.073
85.7621
504.456
599.096
165.207
114.345
507.69
768.056
645.258
369.688
473.607
365.753
779.842
52.5286
966.03
642.61
605.739
823.303
658.264
342.173
122.522
23.2117
152.941
413.52
983.8
726.391
440.005
344.09
180.663
703.15
640.888
704.09
251.683
197.714
646.843
54.1848
778.594
332.148
178.885
861.68
308.787
94.5073
887.703
95.4259
136.026
610.152
726.797
653.056
85.9711
540.146
714.17
220.705
125.315
512.526
730.874
908.124
40.5485
936.61
463.069
452.171
927.963
46.6079
393
678.395
879.641
690.39
689.077
571.039
135.564
47.8417
382.404
871.974
459.932
908.843
683.497
832.321
466.372
345.234
166.137
128.676
703.431
8.5393
693.475
158.741
175.877
13.5663
893.411
906.834
541.76
517.998
105.376
354.312
928.28
973.752
558.919
367.675
355.506
354.241
36.6678
70.3643
365.463
902.911
991.559
663.588
110.616
505.953
492.609
355.491
861.028
272.188
67.5196
663.413
410.338
365.573
487.177
625.736
979.226
343.036
430.461
980.868
979.114
918.492
302.091
802.501
972.042
121.621
916.591
411.481
673.907
619.57
363.47
183.016
242.456
596.225
828.707
528.933
978.806
65.5447
52.5388
331.852
77.8555
63.9244
180.798
243.43
80.3535
506.433
135.005
911.849
114.829
990.575
43.6378
582.773
43.8827
829.88
393.102
908.957
935.01
642.026
161.786
821.026
315.268
899.46
474.997
147.863
911.393
674.714
83.7377
350.2
757.831
31.272
938.138
343.926
925.524
980.222
149.491
367.128
700.753
952.716
956.312
191.817
858.171
341.085
813.581
530.711
23.1944
803.188
184.574
152.385
819.568
874.068
946.691
233.981
127.423
608.483
831.892
666.672
930.07
812.336
955.218
30.9117
764.603
189.012
78.2487
499.612
87.9997
909.39
785.712
59.7099
68.4999
646.525
591.121
795.856
568.719
635.328
139.922
12.2708
825.216
414.847
45.6571
216.265
487.426
379.935
516.182
313.789
961.149
357.184
233.545
216.029
127.909
77.3142
14.1908
696.998
466.75
545.923
557.485
123.987
890.445
23.2015
192.762
282.266
490.23
170.354
451.327
187.598
144.301
168.807
653.917
607.814
133.234
483.641
540.356
159.167
583.716
843.978
441.733
793.529
559.599
822.356
161.881
316.292
781.029
687.664
790.633
167.41
388.653
510.286
203.184
33.1412
506.528
545.116
235.372
235.394
986.136
892.744
82.0546
149.058
41.8889
228.937
603.73
833.355
188.644
838.441
94.5507
417.107
152.505
335.076
952.995
664.293
201.641
793.085
285.292
257.572
603.738
754.998
82.5677
194.263
896.385
872.128
457.501
890.047
107.129
131.776
857.605
57.3475
497.763
539.724
933.173
672.636
364.788
270.486
212.371
702.967
702.848
136.716
198.175
137.924
443.707
432.27
367.022
8.10502
599.111
892.588
622.732
782.749
56.4235
516.607
487.831
972.511
361.563
84.6191
34.6712
142.45
450.465
367.792
748.417
416.721
599.711
692.039
40.9703
60.1388
516.228
829.302
508.297
810.722
398.054
233.823
642.555
347.691
411.408
713.691
115.158
975.37
547.96
475.824
867.965
227.515
469.848
555.835
658.498
419.151
204.101
346.261
863.419
42.8013
413.611
873.802
854.865
499.662
215.237
708.147
119.976
728.849
919.369
674.321
128.662
432.163
676.986
603.085
292.895
449.163
403.593
108.76
867.582
406.851
833.32
202.889
373.97
617.449
485.855
510.723
777.968
721.959
313.875
983.85
814.53
250.215
965.432
527.818
242.983
891.613
835.774
573.012
564.949
224.611
303.705
697.859
595.227
145.305
921.499
306.647
895.931
552.248
543.277
613.674
255.502
600.178
888.465
788.19
297.507
222.13
314.482
770.94
760.695
657.76
351.286
636.224
713.578
514.457
80.9168
299.852
806.306
853.591
744.345
172.665
863.014
941.957
57.8803
44.1787
562.928
471.169
920.098
17.1107
422.73
136.516
301.05
870.17
691.013
720.893
707.684
425.406
403.829
66.2715
307.473
662.994
674.586
180.223
426.736
738.791
138.803
941.972
96.9276
199.817
322.055
492.992
742.889
494.554
915.96
51.2627
148.909
976.345
541.094
33.8451
924.364
589.953
446.654
545.733
759.018
107.576
784.607
358.019
513.065
388.225
31.5615
897.893
348.206
623.726
886.053
777.198
659.009
808.837
504.154
343.929
9.34474
838.722
354.972
328.93
883.496
253.674
772.693
132.93
107.801
981.355
587.329
740.092
834.292
686.727
56.4743
814.433
66.1626
948.134
860.339
724.164
675.172
306.863
717.729
113.522
558.017
862.081
427.712
97.5707
112.556
31.6129
927.48
166.314
211.624
103.136
508.818
752.105
703.543
444.473
271.841
18.6055
581.592
613.553
474.045
478.46
12.5263
949.042
804.644
326.517
585.094
575.615
68.6537
0.15852
387.641
620.366
982.944
140.424
818.94
9.16599
88.7532
347.659
613.688
647.213
383.883
502.038
174.761
442.94
525.528
879.205
464.737
318.552
94.5249
339.43
951.787
576.329
827.651
837.954
227.507
223.325
190.728
805.882
230.218
767.207
596.861
324.22
595.677
704.689
776.751
775.87
612.849
256.583
727.956
957.138
945.676
638.221
644.225
685.087
568.653
272.357
732.011
301.838
896.068
288.13
727.273
281.316
519.202
542.091
740.402
346.218
225.524
336.363
179.987
139.086
497.311
288.685
477.276
925.65
678.456
176.567
83.1215
983.432
677.003
483.048
309.365
14.4902
922.754
218.149
498.789
966.701
324.884
984.27
334.62
229.996
940.662
255.3
835.104
47.2598
755.216
210.526
354.902
727.26
431.671
921.631
257.122
530.04
684.492
152.871
493.008
903.063
385.433
873.151
186.115
646.303
976.002
869.292
160.619
971.999
843.033
620.646
766.103
773.582
140.895
77.8083
61.2719
530.044
6.54934
867.069
544.756
526.683
119.428
105.138
921.261
678.704
279.716
796.394
515.166
486.733
804.61
241.362
681.41
147.149
526.565
7.4417
95.6853
777.663
490.148
501.236
953.943
120.26
820.315
689.502
586.911
48.1326
925.578
899.227
651.222
157.254
221.328
196.167
138.081
671.806
943.721
608.069
826.916
668.57
670.866
389.596
279.546
139.989
689.037
789.548
935.187
907.961
916.427
999.49
633.654
688.062
320.211
461.455
909.789
332.237
494.82
769.419
503.308
170.732
686.267
496.065
692.498
482.856
190.742
347.653
655.588
81.052
882.733
733.202
99.0965
251.593
61.4485
720.526
767.285
394.254
782.856
234.911
201.15
506.74
72.2396
483.391
679.831
609.843
608.602
908.923
723.135
576.834
622.816
397.576
823.028
964.034
357.138
84.5786
306.989
15.6268
761.166
491.288
910.144
289.484
430.732
137.542
879.957
405.065
679.493
428.271
281.375
410.413
131.474
928.6
776.639
692.268
165.811
990.05
78.2961
278.594
776.955
647.03
712.445
702.015
45.1535
295.961
768.886
279.308
69.0154
630.463
183.192
18.0117
285.985
819.698
410.837
266.272
4.89944
870.882
374.36
384.218
370.22
351.944
440.296
920.644
58.6231
210.296
203.593
141.753
729.371
805.736
703.835
971.626
580.107
679.893
691.278
987.44
534.709
164.502
913.385
664.795
360.582
42.854
456.609
516.773
895.899
932.314
696.989
619.187
95.0168
363.745
770.317
597.124
570.437
161.697
942.695
875.293
35.7805
346.344
260.285
606.244
615.322
506.413
188.534
503.494
476.496
256.941
62.5597
966.644
22.7355
774.962
398.466
616.113
831.001
481.605
937.813
208.173
273.115
145.098
582.326
6.13805
979.563
153.618
632.085
999.142
911.842
540.513
367.225
921.793
242.988
831.186
550.699
200.582
709.891
667.854
808.528
678.536
814.957
905.778
635.504
18.7396
704.114
865.625
440.425
908.682
733.938
277.854
188.153
757.687
429.456
226.045
809.304
253.726
508.216
849.452
265.919
506.887
953.229
416.782
507.532
215.601
321.079
552.055
191.582
337.875
900.69
251.533
30.9069
700.453
337.921
953.34
665.199
229.655
521.519
336.763
619.982
512.181
12.991
967.866
943.131
994.246
988.378
56.4682
613.598
682.84
450.756
834.457
558.485
931.73
541.605
747.657
742.403
63.1787
815.316
316.965
97.136
808.51
798.183
166.306
220.776
38.9151
501.036
35.3153
614.839
22.902
528.482
246.88
457.507
587.04
278.532
940.158
383.427
499.015
470.883
718.065
698.737
141.279
912.384
207.17
787.92
932.833
302.21
353.188
941.073
896.995
810.427
245.976
361.374
503.694
711.056
505.865
8.47412
253.2
109.175
93.8635
140.623
59.8719
631.371
109.742
773.403
62.9648
225.946
195.904
753.579
88.6999
85.3483
505.769
120.904
243.406
315.441
460.806
907.559
489.714
757.444
301.244
403.684
82.5652
257.054
525.739
238.133
283.527
375.498
961.976
816.951
272.866
768.863
363.604
799.303
909.67
210.263
992.183
333.641
299.484
995.282
722.629
828.326
693.382
521.258
366.373
583.882
316.835
447.531
400.894
802.309
394.342
574.699
343.211
336.9
57.5176
489.605
27.3255
218.739
489.603
938.384
913.5
49.2932
635.449
657.105
845.89
978.391
988.475
118.737
912.696
280.459
328.539
972.31
981.168
726.601
128.891
246.838
262.944
644.171
556.147
76.0561
801.189
17.6885
262.767
443.099
900.47
364.681
302.696
435.513
287.34
707.333
602.149
694.367
691.197
436.414
181.2
106.623
771.364
549.018
268.432
562.564
40.8064
848.209
179.096
530.981
5.92585
573.183
263.704
810.606
965.014
326.246
883.639
629.156
297.869
461.513
566.274
79.1498
101.664
574.211
645.287
15.905
352.305
793.848
541.689
76.8753
518.301
44.896
704.845
507.496
550.796
741.459
256.077
357.306
197.222
864.366
783.792
217.299
618.403
508.005
80.3784
646.815
764.552
647.983
17.1031
443.05
22.0106
578.244
182.075
861.284
370.738
596.985
393.989
237.666
986.34
624.645
115.242
403.016
626.89
444.988
64.3822
25.2108
714.197
743.303
740.292
64.8208
154.767
535.692
967.618
874.591
254.009
543.119
131.514
884.814
617.718
556.233
244.638
75.791
470.346
495.993
963.531
593.323
65.7627
225.049
806.197
476.923
742.107
870.808
107.049
872.384
50.0286
538.765
246.908
635.113
338.219
520.285
809.792
508.673
240.1
19.5536
18.6206
210.192
902.159
767.316
890.248
662.312
212.398
772.558
406.489
187.422
114.306
646.181
829.902
896.844
668.544
62.397
387.234
453.928
395.055
794.092
513.838
319.78
589.693
548.435
891.474
973.27
461.837
359.777
640.141
168.454
736.206
280.4
340.65
303.529
659.647
398.4
495.281
442.543
461.524
49.1177
583.925
486.538
247.338
355.853
875.634
732.445
25.0048
711.527
521.606
399.345
240.924
410.523
424.607
221.83
460.48
664.81
768.978
503.737
990.307
636.927
550.305
953.004
585.677
731.392
688.126
555.617
397.301
183.126
390.432
835.345
922.168
334.72
995.14
243.26
570.506
912.649
999.167
549.926
136.359
995.15
936.286
911.951
756.553
251.667
44.9569
457.516
109.095
855.931
719.081
502.231
587.414
303.463
828.726
852.54
894.772
161.195
482.845
579.957
39.9256
644.783
358.729
422.142
640.422
351.021
598.188
868.608
16.3787
602.434
551.289
567.372
1.055
713.057
496.038
7.73543
123.953
223.538
365.936
322.611
709.62
335.845
544.163
356.207
55.9869
599.147
828.942
969.698
738.252
445.918
712.81
534.843
959.515
678.446
451.027
84.8282
922.06
78.8817
900.954
60.2837
311.189
219.583
503.007
679.141
7.51165
434.14
830.762
860.411
117.665
63.1806
977.43
298.019
834.568
193.546
360.299
681.349
706.711
485.888
834.722
429.47
765.007
546.219
913.102
397.071
981.757
993.871
309.158
338.565
528.978
654.888
478.15
14.8606
775.283
549.921
632.959
492.759
377.627
823.573
294.878
733.329
855.406
892.893
526.076
72.0219
801.712
682.065
905.281
754.456
215.212
304.511
194.743
668.056
104.454
289.561
728.77
677.064
505.814
906.059
383.616
168.482
801.418
178.016
695.342
206.378
861.843
326.316
234.353
994.725
161.072
5.14786
758.735
602.799
911.988
372.117
317.714
316.434
196.701
667.719
303.656
762.746
467.421
154.184
226.798
600.617
73.7241
437.622
559.765
75.3907
237.385
973.464
545.766
870.281
205.972
926.464
140.017
231.342
933.9
156.94
841.436
345.217
280.365
458.762
732.061
972.818
296.519
946.976
564.36
716.663
71.4535
739.521
788.807
369.554
893.227
494.494
391.528
167.939
185.626
538.87
787.894
580.697
35.0497
983.868
594.59
394.753
809.366
484.634
259.669
220.135
779.621
926.173
475.498
301.708
126.731
953.071
319.43
381.205
792.895
697.48
775.718
755.672
318.333
478.734
882.059
96.4476
788.403
470.191
235.693
761.998
957.394
66.2855
85.814
509.047
369.894
787.908
157.966
696.191
178.029
280.272
706.925
314.827
365.877
168.166
910.407
771.483
206.731
13.2873
507.775
97.1411
163.557
282.374
795.225
751.858
720.107
388.597
528.819
21.7419
124.822
458.576
604.97
30.4369
20.2125
340.243
308.054
984.662
898.417
480.252
488.467
584.724
203.438
31.7647
891.701
713.395
330.1
913.073
457.668
993.072
339.689
424.145
285.919
510.114
716.544
481.65
980.619
650.823
175.684
984.196
691.742
295.423
348.943
339.557
626.283
559.941
29.5272
736.551
464.064
362.074
648.718
428.449
653.709
582.542
353.25
605.589
240.383
780.353
710.412
505.918
771.028
846.579
905.882
268.015
96.1507
710.274
735.821
836.721
29.0434
71.0656
601.634
542.491
900.941
970.475
668.592
988.349
959.666
938.53
876.135
679.647
273.304
89.6764
319.964
649.415
621.211
284.034
848.212
783.927
662.05
723.78
414.039
898.136
170.592
792.922
645.532
998.175
117.817
760.19
274.885
888.233
946.684
103.568
9.48972
12.5091
261.209
650.622
328.01
490.84
819.653
696.745
698.055
920.946
802.358
514.693
195.145
33.587
737.804
719.837
264.85
442.421
721.717
338.764
924.011
911.763
986.493
941.98
508.556
47.2426
882.96
158.017
813.66
511.555
662.933
365.296
258.828
585.683
416.291
454.461
371.194
581.612
266.205
627.753
193.181
602.35
684.077
129.541
167.099
916.735
103.555
224.783
63.9442
638.107
20.62
317.24
744.134
976.279
422.072
749.645
55.1201
470.757
723.977
992.066
278.667
849.91
789.09
806.599
986.133
426.353
970.176
796.018
393.514
804.612
265.165
986.346
732.715
604.911
418.764
759.608
377.829
499.421
340.236
309.756
544.784
107.481
283.52
624.247
82.252
838.118
436.604
843.778
906.955
125.924
553.311
286.784
926.477
345.167
21.5854
772.524
209.444
62.4197
865.424
481.698
781.607
896.483
18.2409
66.86
775.384
682.648
257.375
192.432
971.096
614.122
254.318
37.4551
725.2
674.74
653.052
440.584
271.782
742.82
147.552
479.076
749.467
885.51
475.183
40.1348
590.447
366.293
689.745
818.027
108.777
936.158
218.523
623.645
941.564
892.555
62.5293
659.984
82.4325
881.526
166.768
748.29
458.295
340.006
894.491
402.064
647.384
70.1658
691.093
171.872
431.537
589.852
252.344
120.841
384.625
386.897
729.341
452.393
790.734
935.452
948.08
777.1
482.336
615.186
112.278
869.512
15.3853
455.488
639.56
888.49
233.405
743.587
376.968
292.188
197.609
965.365
503.729
212.827
609.487
658.678
587.169
24.0258
863.83
560.078
969.692
657.661
334.625
816.297
466.85
846.337
207.595
51.7732
113.108
585.798
378.5
163.585
845.234
448.634
585.726
926.569
833.877
921.86
942.702
796.237
10.4727
187.266
486.449
797.704
865.871
981.529
822.994
578.531
73.8915
645.13
690.852
715.887
0.440702
742.985
496.342
228.11
857.913
778.854
17.9637
112.762
644.709
359.17
403.589
173.183
138.123
534.602
868.92
599.672
981.153
69.8264
676.92
826.693
293.588
689.6
767.172
321.484
546.745
313.885
995.889
790.174
549.422
333.721
229.342
73.9779
7.93709
765.622
346.564
899.455
31.7166
843.949
595.308
933.375
272.009
222.108
205.423
954.995
797.347
424.256
896.282
717.869
845.827
754.809
72.9729
441.582
849.79
284.414
446.082
203.53
529.816
304.833
341.595
535.269
906.972
313.475
603.525
650.799
117.945
949.131
197.995
219.845
348.314
667.158
72.7752
862.755
763.796
394.085
632.648
390.808
335.498
33.0722
183.696
692.697
68.2852
863.267
656.996
411.698
575.125
463.699
825.711
646.083
746.372
437.736
513.698
705.856
571.333
574.304
96.3491
980.648
938.084
80.1225
6.05864
616.023
502.539
591.374
269.611
498.607
843.469
27.8166
69.8508
944.935
48.8942
206.961
389.483
46.0882
381.559
975.954
364.03
301.918
595.636
445.242
650.382
587.514
0.228747
487.487
966.447
623.686
242.435
779.857
738.983
606.42
596.797
365.472
226.465
11.9513
959.946
554.068
480.862
499.25
748.514
301.816
448.455
336.122
52.1641
350.475
460.549
574.945
97.5674
977.082
358.482
886.267
806.823
333.048
765.052
250.699
786.984
927.525
241.047
729.701
845.943
741.429
638.614
43.0235
301.856
918.428
223.57
323.964
224.789
655.93
630.367
993.309
934.52
266.862
433.396
369.607
769.85
871.414
766.813
238.38
362.881
542.381
655.378
848.148
495.13
219.187
387.44
539.042
507.787
340.749
677.716
683.676
190.875
958.27
544.511
713.44
918.394
373.638
729.512
491.065
440.023
920.904
287.012
87.0758
423.711
946.37
285.579
429.339
385.047
941.848
723.924
267.615
684.025
6.08286
42.3839
265.721
541.473
727.028
493.429
780.158
577.647
334.347
53.5422
374.015
834.258
724.31
152.382
357.449
66.4708
131.072
854.127
540.394
819.347
747.638
44.2876
969.513
298.028
190.672
900.117
130.35
745.076
75.5355
404.245
998.52
222.303
106.794
802.621
382.446
706.785
495.898
815.758
317.213
928.271
458.53
646.107
337.701
652.818
301.282
647.006
413.007
238.167
728.859
145.654
187.839
411.267
552.336
763.111
114.925
836.725
785.2
520.351
631.29
224.182
21.7557
636.133
926.831
358.167
112.285
738.252
162.77
499.61
107.128
955.988
447.921
405.435
629.163
222.898
90.4089
621.691
658.256
983.146
870.278
434.213
845.022
202.21
473.811
695.199
103.015
177.938
83.2839
798.51
312.581
627.65
107.11
43.2673
475.542
91.4936
486.004
25.104
823.183
994.852
132.986
125.707
951.526
109.756
211.192
560.881
554.316
456.5
866.765
300.176
277.579
404.743
98.3305
820.146
428.128
334.055
934.171
509.601
45.1717
366.154
418.204
348.208
268.626
506.995
881.908
546.658
104.326
861.614
47.74
313.062
955.57
186.563
7.23347
19.7084
538.236
905.3
521.441
338.751
664.71
265.567
270.774
524.51
527.216
702.397
144.477
902.001
456.839
776.633
806.316
812.132
118.856
580.745
142.58
127.957
932.243
988.342
721.925
935.896
390.984
21.2816
645.155
841.405
402.488
322.028
598.667
458.788
745.017
855.281
150.555
156.554
48.0766
581.579
336.39
807.684
99.5046
709.123
6.28276
721.531
828.368
954.401
770.424
771.849
567.145
946.253
351.882
972.942
489.241
863.764
788.703
960.567
793.291
681.185
918.614
401.4
874.351
31.1024
515.771
758.377
509.925
921.866
57.5101
880.652
887.42
41.3752
498.258
946.28
16.3116
534.388
376.223
570.96
875.846
295.429
725.846
693.428
236.03
518.006
405.1
771.651
910.047
480.381
752.394
66.1585
719.783
28.591
784.219
368.237
418.263
592.356
143.839
549.901
464.395
695.114
565.649
196.292
903.183
105.47
972.596
334.35
700.596
36.4375
358.999
727.266
14.5917
96.7894
102.662
273.425
865.705
204.642
213.35
970.667
81.3297
9.06621
565.234
498.946
822.024
856.307
324.951
382.572
316.239
261.347
411.605
640.554
7.74272
684.624
887.614
872.162
299.33
102.153
48.245
484.314
614.381
32.8896
661.51
705.993
17.2891
940.728
208.393
688.56
73.2653
53.8958
126.136
223.989
691.528
888.933
395.158
867.918
103.276
79.9235
404.472
801.614
862.339
399.68
843.031
955.099
323.055
224.479
497.936
419.476
713.32
697.367
787.872
254.901
963.126
749.624
755.481
534.603
418.07
161.608
109.867
16.0348
526.807
401.687
915.264
686.891
370.283
947.606
219.591
663.722
343.581
743.338
503.579
419.732
518.703
904.848
394.253
59.7024
834.504
491.46
853.281
645.597
670.001
290.368
639.328
286.113
966.515
7.94527
512.747
545.348
545.504
863.645
550.239
485.886
810.94
384.474
356.422
454.301
581.783
697.272
579.376
234.653
341.247
12.5581
279.318
958.6
950.49
440.855
575.678
767.803
606.052
136.55
960.35
602.187
39.3998
835.169
457.16
141.225
195.64
650.025
813.195
187.68
684.493
989.417
401.172
65.3653
483.7
314.896
908.402
643.72
772.009
306.511
992.87
719.66
470.738
657.791
346.754
826.872
439.735
969.615
359.247
328.005
181.575
29.7123
291.437
427.887
998.426
587.761
434.287
655.814
476.598
702.633
625.36
360.19
867.077
939.16
150.175
875.349
824.871
420.694
989.992
622.671
269.887
747.912
530.197
438.399
56.9726
523.809
783.392
649.383
178.095
83.1381
370.844
694.007
366.386
617.957
547.646
585.531
996.476
279.116
443.824
993.819
860.495
779.143
59.6788
762.083
792.137
240.837
923.088
938.784
775.714
446.92
354.513
880.673
442.351
621.467
47.6486
238.305
66.0302
488.596
856.264
65.8916
938.517
636.496
867.867
376.562
450.166
396.682
769.755
993.89
224.948
213.974
291.066
910.634
159.847
219.822
894.397
764.173
374.013
771.001
541.734
761.164
570.101
621.412
62.0239
45.7562
603.304
153.744
582.246
298.7
612.259
410.282
471.661
299.342
625.803
181.567
1.95371
377.466
371.299
994.298
296.75
553.951
90.6588
795.412
375.631
723.231
551.401
470.402
74.1384
299.423
420.024
26.4255
116.723
243.033
557.053
483.568
549.17
545.501
176.496
872.85
406.462
891.931
781.793
562.351
847.53
993.668
206.082
701.563
866.863
705.582
322.619
370.138
72.0046
569.718
193.173
975.187
263.751
487.316
745.349
198.93
681.124
273.007
936.895
946.527
675.412
424.523
714.69
76.3905
296.698
412.611
612.3
459.164
243.091
601.545
272.479
57.1345
908.525
821.12
515.196
146.342
831.514
974.892
298.555
625.642
797.117
563.556
306.029
129.868
670.728
881.511
220.958
650.902
879.052
991.904
566.09
786.563
325.018
561.924
355.581
1.81236
594.621
735.014
558.396
271.861
140.282
497.483
350.199
757.586
903.709
359.127
445.979
268.494
658.182
584.581
83.6945
928.829
433.408
986.056
861.884
862.748
353.542
298.575
28.6005
742.679
329.631
114.03
648.052
541.612
450.898
36.283
523.505
839.31
905.043
250.501
784.363
51.2096
506.725
768.32
621.613
177.333
746.92
736.691
14.4563
260.214
905.845
981.153
182.736
52.0425
551.073
320.436
441.552
231.531
413.616
643.649
658.195
393.18
581.771
616.892
415.348
421.336
449.968
594.034
581.613
427.793
322.639
585.893
360.175
296.656
806.992
310.525
123.297
869.016
579.791
550.31
804.938
690.955
118.696
502.577
191.866
22.9872
25.9883
81.4783
766.957
901.808
509.735
339.541
474.049
593.858
933.431
285.78
814.721
875.525
499.299
419.663
492.005
510.776
632.791
640.732
588.61
820.689
417.04
774.754
227.29
800.908
57.42
549.434
294.027
245.862
299.803
304.465
111.528
389.039
584.175
208.985
697.989
726.312
481.127
39.0283
216.111
716.964
266.121
221.486
458.05
670.419
859.85
540.4
286.703
244.832
467.378
615.516
191.549
978.481
139.863
569.182
863.052
221.805
856.706
591.45
553.53
764.984
169.929
868.283
100.605
594.838
693.922
355.776
733.27
249.952
880.694
544.207
67.6283
562.077
352.063
867.561
202.213
515.816
215.37
62.9432
230.036
71.3262
58.2279
184.459
250.205
73.3175
881.305
319.857
555.822
514.216
907.335
366.201
832.276
83.276
711.51
591.59
172.008
973.168
305.559
570.217
514.817
640.629
918.402
432.863
789.211
640.935
134.005
57.0908
857.856
742.958
546.449
742.216
172.432
451.434
88.2193
312.778
399.236
437.803
986.03
288.089
781.385
535.816
845.423
390.037
516.838
171.372
497.783
960.308
329.669
849.108
938.892
873.271
836.623
545.834
314.83
891.875
419.301
200.526
477.694
579.018
527.074
533.197
39.7329
382.154
595.613
964.438
140.045
218.519
774.775
690.848
733.643
244.873
137.246
949.194
189.817
769.389
971.165
77.1447
307.078
803.027
646.939
257.473
618.291
230.093
657.136
375.029
564.868
257.65
41.0482
484.481
897.003
763.983
69.9906
197.451
532.285
568.525
849.198
269.302
242.626
978.908
216.369
670.444
494.973
302.335
830.209
39.8739
741.052
233.89
755.116
168.047
522.261
127.343
786.395
773.532
155.436
416.141
615.648
507.807
111.579
763.595
115.595
732.732
751.718
589.704
200.251
6.42562
991.112
233.776
78.7149
429.537
15.1891
281.24
222.818
542.206
48.507
202.221
980.362
522.62
702.959
939.008
721.907
174.233
815.336
38.2139
461.054
957.008
279.718
277.835
552.589
927.83
930.211
994.609
881.761
419.459
417.975
805.885
709.414
71.6341
527.841
553.918
345.009
101.337
908.994
818.292
161.918
583.714
556.986
561.406
241.472
836.023
26.9426
538.229
494.454
532.459
617.2
238.366
336.986
909.361
116.3
887.734
533.726
782.557
22.3729
548.618
322.143
229.318
931.36
578.653
320.257
777.186
448.554
677.435
435.072
85.0043
46.7183
828.271
234.121
144.62
704.154
574.443
237.776
425.368
478.897
24.7537
820.633
530.769
872.558
610.715
877.346
444.348
511.825
94.2506
878.272
368.746
320.357
405.131
195.613
271.948
602.661
154.533
668.982
262.363
838.785
786.228
864.265
739.652
159.503
279.293
690.093
282.544
491.661
673.135
317.193
513.783
928.792
842.742
307.441
753.959
579.993
382.831
627.798
371.87
707.791
965.895
690.898
43.7387
501.624
500.837
636.224
34.7602
106.278
43.9465
916.333
454.974
183.659
988.593
569.954
761.186
121.649
198.393
802.176
574.753
196.126
643.146
120.931
861.668
362.911
768.075
34.0603
329.823
617.189
373.423
443.359
395.096
861.577
630.051
397.651
562.527
213.444
12.224
818.531
574.01
541.286
224.248
487.613
155.495
523.204
544.224
796.55
823.576
582.971
645.069
89.7668
605.616
986.358
697.641
469.503
14.4085
118.741
58.6583
543.834
476.182
351.317
820.866
156.634
120.868
915.126
6.28335
785.781
340.603
207.694
845.235
189.3
444.147
965.16
862.288
441.613
671.98
642.804
921.251
671.958
583.399
198.809
829.349
298.59
629.842
700.724
7.95178
65.1538
538.364
842.528
374.248
715.148
848.692
534.57
293.751
187.474
683.391
311.282
934.173
47.472
142.586
885.805
831.955
765.645
865.448
900.155
56.509
968.447
505.772
798.822
185.308
975.425
547.666
957.7
874.398
633.885
911.501
284.686
191.282
510.684
745.145
669.478
965.817
11.2155
189.434
984.859
183.469
594.028
481.2
57.7866
195.692
327.481
696.633
753.876
134.326
999.554
629.933
312.334
98.572
516.289
587.97
479.37
220.636
596.803
304.938
106.692
723.655
747.499
238.824
388.484
255.437
144.69
404.168
126.623
634.444
608.769
776.285
551.665
278.827
65.2033
527.415
638.932
932.098
274.681
734.634
287.937
354.898
708.83
245.561
563.263
754.517
47.0175
566.704
700.235
283.21
187.211
619.71
174.333
692.494
978.88
114.787
624.98
500.592
193.205
943.49
258.339
959.738
905.661
173.071
867.043
922.698
354.538
913.264
274.867
955.37
97.51
958.178
709.369
854.606
574.433
818.703
834.359
65.4513
920.772
645.169
335.969
385.903
501.11
890.087
591.302
164.427
349.986
123.471
987.656
878.083
737.745
638.924
474.52
297.798
907.369
780.501
381.79
250.694
655.472
884.903
28.5611
454.17
623.332
430.315
170.483
777.58
704.236
174.905
523.89
167.771
909.408
470.454
986.129
15.6809
929.78
468.737
408.703
931.828
814.088
972.213
928.773
306.234
999.766
291.445
621.412
48.6929
992.405
687.882
186.758
11.8759
418.032
33.5075
260.427
594.34
861.695
893.083
850.253
282.992
763.182
717.923
116.636
632.912
838.861
573.144
876.673
682.826
726.201
347.124
614.013
681.198
258.493
709.524
597.679
443.218
441.521
892.861
775.095
693.484
556.634
325.615
119.337
471.498
106.914
98.6479
930.595
513.923
571.505
510.834
460.206
483.924
169.84
527.049
26.2054
826.635
360.419
857.714
296.515
802.193
421.347
703.026
544.686
122.952
761.16
618.804
739.278
416.94
183.332
779.78
257.634
100.773
36.4986
418.474
655.082
895.775
400.98
884.946
248.847
212.724
332.097
539.324
660.468
593.274
859.387
192.705
910.005
787.84
350.901
643.688
69.2354
406.496
931.88
811.33
899.416
265.742
601.233
287.824
752.656
11.9644
237.258
775.851
375.874
602.781
811.15
739.661
84.5019
118.69
334.156
792.011
172.203
836.394
618.22
420.595
885.966
776.695
112.974
890.334
956.868
126.911
441.736
757.596
559.948
191.63
859.255
818.112
847.051
335.313
523.475
354.001
409.859
813.459
57.1765
822.288
382.898
340.962
483.481
165.652
475.008
690.822
877.741
457.663
250.172
855.056
378.922
803.638
82.7893
212.555
953.514
192.558
647.344
443.594
176.954
175.701
717.322
394.015
480.227
877.995
733.171
837.888
756.608
425.446
734.833
808.184
905.271
596.671
162.139
381.145
40.0731
531.813
918.01
110.217
464.112
14.4278
317.649
636.448
620.348
990.83
854.699
858.945
607.869
119.628
486.631
764.407
300.084
717.51
650.761
999.985
928.767
154.793
884.312
268.08
285.559
677.797
542.514
942.501
534.918
620.04
134.15
98.2071
390.04
788.805
561.175
635.284
951.851
459.323
535.473
913.609
492.436
310.161
519.805
427.699
535.446
928.15
210.178
499.576
669.956
290.072
242.736
787.192
69.3851
185.43
9.85907
961.345
877.619
626.832
138.077
137.422
689.991
352.256
886.028
330.28
782.788
959.769
925.842
179.721
532.265
636.917
278.643
647.094
379.527
913.234
577.389
65.461
523.195
138.089
961.938
419.508
305.403
183.048
296.283
698.056
561.854
107.142
701.581
590.958
362.495
576.866
676.345
260.683
920.56
775.651
23.4938
802.485
604.675
398.287
9.58998
789.474
77.3171
335.675
372.188
781.712
494.878
499.055
84.8917
241.775
347.022
298.065
945.274
150.796
58.8855
914.567
717.644
45.2359
617.349
247.969
530.835
809.523
666.283
244.923
681.347
555.853
215.004
966.959
745.634
320.205
54.5761
847.133
673.964
201.729
428.964
997.587
174.693
397.809
479.078
463.597
445.049
344.207
499.597
988.917
46.5294
691.747
419.003
127.865
234.074
49.1391
945.983
580.511
243.417
535.014
99.3363
60.6981
226.039
28.4728
948.528
157.528
642.29
231.877
198.362
797.797
817.357
985.936
129.9
541.066
9.48169
757.071
502.377
975.146
103.191
480.503
484.578
565.561
931.245
447.451
941.928
38.7038
146.803
207.455
395.757
538.983
552.076
381.349
398.046
642.292
272.176
289.226
648.088
781.809
214.111
661.329
902.276
650.798
833.05
766.855
95.7066
797.145
443.457
742.859
370.915
475.435
654.693
987.771
177.235
137.116
113.042
284.375
811.733
933.567
619.147
996.727
782.908
699.539
26.679
733.493
20.525
947.732
670.344
354.138
73.7136
14.1338
615.26
9.63694
145.22
176.769
852.404
29.6482
728.408
58.9416
913.594
195.088
136.862
106.55
862.586
148.7
751.485
285.326
495.153
104.49
29.6361
218.642
999.786
405.95
413.674
823.883
582.036
967.092
196.198
602.276
320.145
901.811
116.253
293.768
118.773
226.519
209.95
778.332
273.212
6.98963
971.432
244.407
201.094
639.616
712.462
563.626
85.3175
614.808
673.326
21.2501
884.612
438.93
732.142
519.586
681.193
802.202
797.456
766.161
63.3788
312.641
229.302
901.489
990.543
487.687
11.5071
338.245
804.584
351.261
253.171
52.7479
73.2062
148.215
805.983
172.359
253.191
912.184
987.982
873.315
614.678
36.7234
260.687
480.24
979.106
561.183
138.098
332.063
993.213
628.308
51.3896
743.13
429.497
864.18
556.285
990.111
300.36
215.342
370.782
144.989
970.194
823.169
754.547
155.354
408.722
670.498
688.809
451.798
852.616
176.878
953.568
598.043
423.875
401.491
309.678
855.201
326.473
619.81
624.647
723.072
631.812
432.531
496.322
467.616
33.5304
232.524
57.1221
716.702
358.934
364.816
527.841
481.207
764.007
61.5593
344.608
463.775
998.516
692.061
431.392
484.495
634.718
839.119
325.011
966.045
825.766
576.919
287.244
68.1271
756.865
290.696
432.098
583.051
122.971
730.3
944.198
645.243
501.418
343.022
120.525
664.064
566.929
477.966
702.267
362.074
541.314
815.273
511.57
42.9234
792.743
447.415
20.5246
80.8693
952.239
853.194
173.416
427.183
541.251
562.949
590.233
679.926
787.561
448.839
497.693
928.767
821.738
197.963
176.85
334.454
708.003
877.849
963.07
855.452
77.3034
400.858
479.228
17.193
442.938
781.726
687.056
410.773
427.089
84.6303
880.314
189.148
87.7489
924.309
58.7723
134.539
677.816
950.063
370.865
538.518
500.442
359.659
918.284
756.98
946.444
698.576
116.194
669.805
350.79
862.828
702.221
636.563
416.436
783.184
105.651
845.334
696.536
995.492
210.732
104.919
962.055
544.641
75.5726
237.8
313.734
105.18
167.442
851.802
118.24
84.7174
428.606
665.218
392.116
889.845
541.918
948.894
148.064
639.721
185.83
448.545
621.37
898.784
683.27
233.302
765.405
534.719
102.8
857.462
140.551
486.41
673.838
549.923
407.408
22.5772
956.631
591.255
300.341
287.15
953.544
786.421
819.447
441.811
668.453
879.405
696.703
237.734
188.327
725.39
114.741
163.358
364.056
80.4735
474.486
537.428
560.175
485.336
401.424
738.798
695.264
108.041
470.83
707.229
141.631
725.425
531.778
511.134
745.544
618.906
370.781
85.8402
784.249
848.55
521.525
704.181
625.62
661.46
681.28
683.219
998.321
153.036
711.469
667.703
428.281
401.084
994.766
301.776
630.307
255.424
799.436
522.834
556.346
614.618
709.888
230.783
754.737
135.054
457.414
925.965
563.715
877.391
104.384
621.335
88.9787
835.771
366.899
49.1385
556.638
754.001
413.97
857.189
412.091
200.88
154.92
161.14
890.843
847.985
361.111
851.094
923.104
14.5354
893.864
385.859
369.864
265.692
398.835
216.695
209.404
576.108
540.102
313.111
400.916
906.151
787.317
692.889
512.516
43.5989
929.651
142.022
596.851
1.38471
504.703
30.4977
276.419
848.023
723.446
948.17
126.242
500.603
908.733
790.378
542.632
102.738
0.512633
483.104
708.353
216.864
11.9587
147.613
616.663
210.021
34.2293
638.459
525.72
136.28
210.951
848.178
572.015
801.764
155.014
336.792
484.324
927.499
318.621
922.468
580.792
741.979
502.215
147.378
189.773
483.166
788.856
624.361
764.051
165.879
898.635
367.606
727.676
275.264
93.9592
334.981
240.397
433.607
43.0135
659.236
837.339
412.649
317.891
847.07
317.919
436.281
709.002
583.659
350.161
551.832
162.143
528.924
322.418
907.809
663.527
541.447
827.564
230.974
726.073
356.06
383.984
268.04
573.147
688.846
178.043
772.264
619.845
694.332
614.315
51.0905
253.884
377.525
658.867
629.307
195.655
19.9329
498.791
157.296
238.212
543.731
75.2194
943.826
941.691
469.757
0.162743
8.03902
782.264
259.188
178.024
119.94
373.35
229.844
824.801
179.778
117.002
348.42
231.432
424.47
77.4816
290.127
537.829
246.912
959.02
575.823
471.929
978.176
918.014
20.475
730.04
372.716
39.7772
410.702
713.241
15.5069
795.065
356.021
237.373
653.36
686.512
789.616
664.695
959.422
764.701
119.039
492.799
342.14
293.723
612.738
625.416
682.997
772.799
150.109
450.844
859.321
861.045
934.62
92.7371
311.016
733.992
473.112
166.561
927.62
641.47
939.572
480.382
52.4032
195.478
676.56
33.6211
264.111
343.332
828.042
580.512
848.332
365.508
58.0623
890.295
6.46998
260.089
682.761
623.406
71.0219
857.654
849.197
687.451
454.747
163.878
232.023
789.553
114.677
104.511
14.8674
179.282
769.449
791.971
182.389
811.152
482.737
28.2469
704.166
145.351
982.535
279.691
454.211
863.47
894.528
220.499
419.091
981.625
49.9882
948.977
220.76
291.284
9.61976
580.349
362.916
108.522
702.949
448.74
125.392
841.558
599.629
86.7017
231.807
535.608
538.98
361.291
431.036
980.757
384.905
140.139
921.267
95.4292
135.83
38.5436
142.461
563.689
297.483
699.386
233.256
313.044
967.155
612.36
334.118
590.458
631.883
258.804
690.343
613.217
552.953
835.318
15.0267
39.1224
401.774
565.87
990
583.785
587.08
651.345
867.036
793.856
233.232
861.377
465.153
311.601
749.968
170.076
103.916
501.901
294.241
340.159
156.376
386.539
536.814
24.4679
516.146
787.313
85.3189
476.395
746.603
29.3987
709.767
928.086
489.871
625.493
397.544
835.112
661.013
941.157
917.241
616.689
418.396
839.714
382.014
0.294789
92.7226
893.859
614.301
258.104
460.713
619.326
468.651
290.031
579.21
787.543
665.123
845.092
43.9529
679.071
822.529
0.433658
24.8792
882.944
911.874
47.7762
855.256
179.877
132.273
22.5971
741.937
186.339
553.898
495.407
323.48
813.765
787.837
810.658
164.77
510.712
396.951
481.624
752.256
518.967
923.883
844.045
382.257
566.557
904.256
643.059
333.324
136.062
380.173
923.316
527.966
545.972
509.512
248.016
242.67
941.933
361.851
866.495
369.943
55.29
836.525
350.16
901.915
405.586
470.18
431.631
149.798
924.359
310.976
211.528
273.506
698.305
818.223
581.334
835.071
374.682
146.894
79.8513
750.647
460.39
146.206
526.322
469.35
263.975
843.733
617.113
801.56
77.6768
207.67
337.568
231.372
641.297
139.514
19.3875
32.5256
253.272
210.296
300.408
147.365
644.778
831.318
142.465
745.296
973.401
764.156
599.038
140.121
853.05
996.494
753.391
381.863
61.0198
615.407
366.07
243.818
561.85
926.244
365.002
473.172
386.782
424.834
609.416
365.352
98.8598
517.839
978.664
838.3
464.214
988.379
37.4988
930.961
212.712
962.539
459.866
816.685
594.407
590.721
343.879
121.171
776.167
313.343
201.973
258.445
945.259
633.184
83.6296
167.604
528.846
920.023
195.345
846.411
951.293
283.665
876.376
361.951
351.489
778.492
612.216
78.3909
202.295
659.006
304.664
10.4187
611.566
557.328
542.126
899.334
552.48
969.154
541.388
556.199
449.159
436.384
568.362
540.418
526.649
127.655
436.292
488.058
482.411
920.729
462.787
595.736
225.747
564.481
519.085
454.857
303.404
477.712
394.593
747.142
841.478
364.869
135.518
213.849
308.207
185.794
697.932
833.925
578.102
401.81
722.796
654.844
858.928
580.838
424.036
156.4
249.264
830.022
51.9949
162.859
510.949
538.882
615.371
1.09668
68.6933
165.663
117.688
8.59206
55.1401
343.985
482.496
380.151
185.813
188.777
238.778
289.114
422.676
55.5445
438.762
888.598
330.812
74.367
849.569
180.385
79.2073
911.59
253.6
400.678
528.418
483.213
406.401
908.743
395.477
782.828
422.107
49.8829
215.629
824.993
812.712
900.256
623.061
626.829
216.758
567.362
255.841
543.95
774.177
24.8318
526.798
482.538
786.527
589.43
280.336
71.3079
535.614
716.249
429.534
792.371
99.3397
987.32
507.771
38.8183
522.64
19.777
410.196
742.483
485.698
620.921
693.333
454.285
513.593
295.803
662.778
871.364
34.4853
173.185
141.409
802.587
101.025
390.906
571.706
412.723
116.379
882.94
779.13
454.69
367.128
577.057
888.115
710.714
865.944
61.3075
132.848
342.298
893.698
455.156
501.966
573.868
540.421
250.495
675.611
587.288
454.854
320.849
696.479
618.658
291.356
763.657
420.889
662.72
999.436
198.592
444.268
494.453
34.6685
130.626
826.323
706.189
820.111
864.191
258.61
378.691
785.379
666.712
40.9624
806.474
127.471
696.533
348.682
284.411
35.166
980.396
280.444
440.875
599.953
126.006
344.154
531.855
494.069
740.62
646.804
753.343
864.2
780.092
652.418
201.69
792.062
435.533
23.076
32.4307
275.534
165.9
590.815
509.435
541.916
171.893
767.545
573.307
814.468
874.881
796.566
819.038
501.633
788.011
808.545
89.5134
392.768
846.757
58.7365
448.088
442.953
682.945
397.865
977.832
371.326
187.686
639.397
507.983
731.816
800.854
219.333
33.5967
632.164
401.937
355.25
769.438
557.323
151.731
768.879
663.948
118.178
666.885
176.352
947.048
207.678
98.4353
923.322
253.011
356.758
957.854
865.149
856.168
784.736
394.777
397.401
95.6367
117.222
412.384
226.899
611.229
273.203
620.562
351.993
235.318
17.0374
312.722
871.662
406.637
936.202
226.89
761.242
617.076
588.083
460.867
998.393
449.762
595.825
878.621
272.245
197.552
41.7636
522.248
603.252
300.06
475.459
160.813
198.212
42.2566
730.553
122.122
687.122
209.219
930.098
2.07026
974.479
983.847
93.6037
93.0423
491.426
54.2742
571.492
360.118
876.457
115.515
695.339
292.242
526.661
108.958
6.92411
813.554
49.6196
250.006
818.476
834.554
174.697
208.133
653.56
708.616
933.818
487.502
956.734
419.477
943.727
825.96
864.723
420.927
977.714
204.51
467.513
670.278
33.8536
210.543
910.124
109.566
133.841
101.133
591.102
48.5036
731.659
996.086
188.977
64.463
0.771747
425.527
20.5536
959.047
293.698
648.198
423.102
377.956
636.113
132.033
215.098
118.924
401.703
688.782
476.538
207.539
2.50783
523.441
690.065
127.165
976.411
894.016
878.832
339.153
728.57
878.023
587.52
443.74
122.241
562.266
91.1083
109.061
367.631
668.423
934.403
662.185
241.692
508.328
47.1698
997.183
619.434
242.176
128.706
43.6173
906.136
656.225
526.303
365.93
43.3472
252.599
359.316
769.086
898.839
974.848
470.121
885.947
636.444
703.962
861.374
262.688
956.333
29.0612
442.699
163.816
275.726
206.316
136.606
239.666
125.919
603.447
51.4086
966.63
431.026
923.032
526.821
841.706
329.888
696.706
295.28
224.526
743.59
738.066
818.837
335.892
681.185
681.769
488.392
684.595
35.0631
370.155
880.378
374.308
330.565
580.043
617.676
688.254
62.5837
517.579
679.016
738.02
141.903
207.719
737.732
49.0514
867.924
629.853
420.036
822.179
290.177
417.969
279.608
418.976
882.071
571.623
954.134
858.253
955.735
784.852
956.221
848.764
41.4018
269.256
52.1379
14.8975
648.806
853.124
283.954
471.295
47.5347
412.053
621.496
70.7207
339.84
512.7
608.177
367.089
560.227
417.712
448.058
310.242
494.073
147.318
919.819
706.999
551.109
165.612
586.718
658.552
312.855
954.062
680.8
209.63
265.798
451.679
95.7605
840.737
969.609
233.688
338.039
799.617
242.926
725.051
412.325
528.845
394.892
511.287
198.921
107.771
620.798
429.444
300.15
22.2274
212.885
62.6246
865.517
115.267
525.92
191.072
965.837
996.291
760.739
793.592
480.523
811.394
682.345
170.177
636.125
250.258
732.556
448.483
624.785
208.052
506.741
124.637
616.255
186.249
881.387
807.434
824.455
434.04
861.347
121.876
608.227
960.034
385.471
874.125
275.221
918.317
325.445
379.17
857.861
858.045
939.064
51.9738
571.742
863.818
315.688
412.714
520.808
475.754
363.518
960.313
942.306
312.015
636.619
532.19
490.224
699.282
550.925
851.662
731.904
103.314
74.9414
730.334
812.608
325.095
850.442
556.993
651.345
949.494
464.573
185.896
733.327
391.938
586.546
507.975
615.669
651.81
244.229
923.612
359.662
944.615
258.811
663.498
832.045
221.963
905.292
656.245
906.726
1.03297
114.393
102.341
165.518
293.079
884.91
471.431
500.427
951.884
207.275
634.695
710.356
743.929
397.773
820.05
551.633
486.654
762.41
32.2735
925.437
902.031
419.738
212.983
787.056
410.094
648.269
380.122
654.002
39.8865
537.42
139.623
124.841
390.105
27.8847
612.758
841.307
133.513
660.154
984.141
716.699
760.947
806.339
513.128
788.072
13.5387
654.143
134.51
643.396
994.979
321.759
324.914
333.321
106.527
803.368
54.4353
946.768
351.606
837.214
657.063
447.116
937.829
627.832
819.833
908.914
513.921
782.521
543.964
331.842
447.141
996.874
509.147
748.041
731.467
367.817
365.538
280.123
954.069
663.845
880.778
190.461
101.871
144.855
828.548
218.111
303.406
318.082
971.072
699.536
144.562
327.337
363.797
74.8024
318.443
1.17765
602.763
494.894
746.563
198.189
103.404
861.202
195.518
266.689
306.474
879.049
893.357
729.544
68.2182
617.57
884.162
775.967
826.807
803.57
337.067
620.304
317.454
192.641
814.54
117.478
209.76
53.2622
499.726
316.486
590.992
155.646
557.57
512.985
449.647
904.334
461.144
221.171
409.326
10.086
132.948
731.172
811.408
621.335
838.893
223.74
686.991
277.673
716.453
967.779
238.113
697.685
732.215
882.145
662.338
951.479
440.29
671.027
703.688
315.878
672.112
77.3562
349.878
279.255
828.86
292.118
977.317
106.036
696.702
725.7
780.976
831.076
167.231
722.79
28.6875
915.217
253.87
182.663
14.4703
329.827
760.704
745.396
222.164
964.966
622.542
300.848
270.912
778.765
611.278
165.714
523.2
470.861
939.403
715.091
572.4
7.26622
510.418
424.65
171.732
525.367
719.639
819.398
954.566
874.061
927.446
392.246
664.98
804.065
968.289
73.1563
658.102
16.64
358.968
735.853
436.051
445.41
593.052
728.217
704.267
216.215
997.177
724.086
314.916
275.411
849.912
803.785
912.151
159.508
673.479
579.134
714.794
401.214
979.681
152.642
725.033
621.811
38.7578
522.233
499.643
81.3031
26.5806
760.107
178.992
870.178
852.778
470.581
657.445
695.14
69.2526
996.205
969.006
391.277
72.5432
938.709
229.128
581.281
740.065
401.898
846.086
885.322
153.118
73.2872
424.438
490.61
960.37
731.823
513.569
835.713
604.26
907.59
493.761
410.072
277.358
398.813
781.508
863.364
382.375
860.291
718.83
552.357
52.4171
169.62
985.179
505.437
139.665
223.023
835.48
378.265
21.4188
946.571
577.023
20.0372
700.993
882.075
308.012
621.012
424.095
736.515
360.945
311.659
393.85
801.864
137.465
415.542
982.698
456.252
53.6728
96.5279
17.964
861.265
305.017
800.942
499.375
52.7578
729.986
982.692
308.461
478.614
526.93
60.3416
737.211
526.85
236.915
226.601
720.116
87.2059
728.928
590.229
551.644
840.551
846.601
546.095
240.131
930.286
535.54
249.887
946.957
361.258
258.324
519.12
723
833.051
113.943
431.717
846.833
449.923
557.268
778.173
933.392
578.885
911.995
414.473
888.442
35.8159
890.912
422.37
81.652
268.033
186.606
914.013
476.296
537.006
433.53
812.22
141.352
569.139
731.301
129.912
665.117
283.605
675.071
186.578
649.508
87.5686
880.751
1.36375
180.233
679.869
192.773
346.926
7.4207
169.137
695.268
832.063
29.4833
701.622
842.2
991.054
523.759
333.856
209.686
921.306
712.436
967.082
738.939
146.348
571.368
191.547
768.76
347.335
990.664
542
493.021
552.345
265.43
129.616
765.144
588.997
547.132
844.135
905.211
772.848
12.9864
283.05
546.23
243.07
633.221
497.436
737.625
279.816
132.45
297.637
862.536
697.14
978.71
752.905
230.687
744.419
496.646
179.66
993.074
251.731
822.993
140.971
754.292
295.055
814.012
88.7837
602.034
850.394
915.121
349.295
353.085
557.779
730.024
275.58
456.332
272.773
725.734
930.289
974.091
881.528
404.491
491.116
365.025
373.195
915.706
334.225
849.51
268.673
600.288
103.252
89.2685
706.129
314.35
936.678
848.309
180.862
605.21
842.781
515.455
669.879
274.273
183.113
607.303
570.754
501.009
572.256
84.3638
121.199
290.492
708.83
905.745
202.188
392.327
721.337
325.594
266.015
198.163
309.021
57.0244
564.478
213.097
64.7189
359.247
515.262
96.3033
931.612
56.8746
460.936
639.136
332.159
395.774
909.867
384.12
444.6
849.575
657.405
453.03
734.882
590.103
665.204
942.098
789.988
351.947
813.488
431.044
868.581
87.595
362.874
541.722
278.015
809.515
287.311
451.665
610.489
737.081
326.48
25.7459
198.22
650.025
304.107
61.5338
566.446
740.172
758.064
665.166
627.982
246.587
409.527
176.902
343.649
456.243
283.209
369.555
304.54
906.01
90.5363
947.359
425.698
688.916
655.308
104.195
693.092
957.497
939.9
63.4982
708.833
42.577
503.313
950.427
931.415
32.6709
764.674
951.285
821.69
356.41
172.317
734.924
160.57
499.961
594.793
363.299
195.653
798.607
902.597
49.0641
861.584
544.73
634.746
850.638
478.855
934.89
820.292
781.377
209.623
571.069
819.518
479.172
294.09
973.134
471.693
994.018
130.011
442.01
785.359
939.946
529.401
429.877
923.129
88.4913
694.542
571.989
746.627
895.931
319.817
664.639
769.758
726.353
731.919
38.6964
981.867
5.95564
629.683
84.4813
749.087
897.383
42.7014
691.038
375.439
571.517
877.286
333.873
38.8368
860.709
407.052
695.731
735.429
163.313
356.908
453.918
733.826
423.653
652.626
87.1582
414.241
901.738
308.219
820.176
442.802
168.543
410.332
663.38
95.1867
289.173
358.835
649.756
423.726
789.514
827.275
5.83089
476.542
621.832
723.173
6.04952
184.773
659.334
429.055
490.993
983.963
45.0303
979.117
523.443
18.3775
110.517
527.691
909.448
572.812
258.132
463.829
524.507
506.915
685.534
56.7915
711.005
143.875
724.057
330.947
808.629
641.172
787.663
482.193
954.189
89.0806
993.138
93.6641
153.754
826.537
747.033
484.15
754.187
8.28706
412.212
41.6717
491.821
716.879
305.68
436.243
395.415
693.835
57.2491
264.654
793.705
512.382
920.938
316.544
303.202
66.4951
201.425
141.006
930.9
85.1263
88.2424
578.159
753.636
864.599
10.4545
57.6802
168.885
55.0198
92.4362
679.139
541.477
537.556
443.111
815.533
491.045
728.688
210.923
425.831
823.054
975.614
527.256
644.279
652.245
635.259
412.525
19.1204
4.44005
419.666
280.325
2.12498
717.562
245.487
22.6488
709.583
854.737
138.016
548.111
367.4
854.408
344.466
658.39
265.449
990.131
231.495
946.81
42.9508
315.194
443.214
976.446
36.3558
496.444
233.924
910.67
588.827
872.905
560.709
422.217
256.249
736.245
11.8811
571.243
874.724
453.398
685.476
220.258
370.348
321.131
835.851
824.09
900.917
345.897
234.637
304.208
593.998
820.619
394.297
474.945
474.85
167.161
868.37
748.619
615.286
26.1748
952.819
799.717
550.317
704.946
88.9848
535.601
338.669
492.194
822.486
201.344
537.119
872.854
156.409
165.951
833.475
635.346
794.62
901.397
171.306
271.35
985.626
707.452
198.969
889.504
223.68
765.465
599.62
268.674
856.674
362.283
886.78
285.553
995.598
428.722
176.433
90.5699
964.074
530.981
131.859
353.691
705.808
861.743
97.5104
139.199
60.1343
652.168
534.705
430.402
989.379
396.47
402.091
649.296
705.33
805.249
510.481
293.111
95.0918
18.4163
63.313
833.588
929.012
177.566
274.716
542.592
475.937
423.531
856.696
869.664
425
17.957
270.665
306.53
380.446
936.81
447.389
436.958
759.119
625.499
459.974
647.186
172.427
894.609
669.12
25.1752
449.575
255.138
696.176
521.974
381.081
503.762
281.246
904.467
196.057
561.237
479.624
267.781
289.162
507.958
585.04
472.826
979.779
345.536
752.836
358.231
203.717
215.502
156.337
677.637
234.195
927.804
36.8051
617.614
422.164
572.451
608.851
346.005
794.906
415.443
131.708
166.068
305.818
1.23351
741.007
552.444
877.336
512.594
809.53
117.635
803.687
667.269
638.805
602.666
902.031
279.777
411.468
456.164
231.252
684.731
308.242
818.716
589.96
431.861
29.6004
573.572
102.109
527.462
193.037
73.3241
384.022
345.187
0.140646
670.821
334.774
572.208
496.876
940.357
917.969
933.88
764.701
594.029
212.613
268.7
574.121
403.395
950.247
950.962
766.351
706.452
61.757
904.757
778.917
295.937
907.834
71.5507
938.843
81.6392
730.063
314.467
69.8253
34.4192
943.879
323.526
520.244
643.907
599.556
163.624
355.641
749.178
203.046
45.2283
376.301
879.31
45.468
638.996
37.7129
618.691
809.719
570.304
754.228
393.65
966.926
466.62
455.121
68.8639
946.779
266.566
404.204
903.592
257.449
189.215
971.254
511.835
276.436
388.727
303.708
212.82
857.897
543.925
253.829
467.711
869.676
444.141
798.946
347.194
340.12
598.993
895.098
237.849
757.118
416.182
837.951
301.217
806.508
31.5962
894.994
779.725
191.661
241.659
111.552
782.69
258.782
558.966
687.164
71.1602
722.069
396.662
341.254
933.231
488.808
71.0312
326.34
45.5791
216.681
309.503
657.177
249.437
974.835
455.221
175.204
130.209
47.7296
589.911
994.554
832.758
228.536
452.691
929.892
525.542
749.286
740.418
703.878
655.742
531.321
140.119
105.507
627.102
595.639
98.8479
117.657
748.123
22.8772
792.349
166.484
409.49
711.955
250.117
645.827
78.2997
660.497
948.545
331.379
167.869
525.353
41.0379
82.2229
434.052
654.708
478.157
707.631
743.532
592.074
633.571
196.115
790.953
604.856
322.861
819.072
247.836
95.2065
740.008
355.673
497.712
707.733
376.805
777.432
342.781
597.469
297.784
884.302
104.779
92.9806
659.838
318.818
336.677
954.845
362.173
86.1769
815.862
550.924
537.053
677.137
709.8
649.403
921.826
393.874
351.557
661.665
242.86
798.609
197.638
183.416
675.168
888.869
480.142
608.66
378.921
715.065
228.253
591.945
544.9
524.763
592.633
765.682
372.675
988.395
335.504
577.334
853.353
743.456
477.525
482.982
106.821
14.5002
151.304
246.606
633.238
816.08
885.223
366.622
59.9742
632.357
717.8
941.528
506.286
163.367
562.972
744.369
334.904
922.238
154.274
191.173
926.593
114.222
188.178
942.205
893.075
296.892
163.799
388.074
355.933
46.6117
31.3207
457.429
162.907
990.439
471.108
391.617
115.114
621.515
239.248
107.463
944.006
831.99
45.8257
896.111
238.407
868.487
345.431
757.931
190.786
754.438
884.171
65.9983
647.391
210.534
985.873
289.209
826.257
833.645
197.426
636.969
356.01
126.308
827.629
47.5666
210.407
779.169
86.9105
409.282
220.441
39.2719
401.532
145.202
267.481
704.958
172.906
818.386
955.356
196.3
871.469
622.858
562.584
696.863
188.907
57.9491
752.42
752.304
769.683
669.399
810.439
163.593
252.782
51.7461
857.377
12.8242
380.859
804.616
397.742
208.675
382.861
423.326
888.85
803.109
767.329
174.716
505.453
293.238
839.679
496.23
514.956
230.084
393.572
884.348
328.489
272.893
43.0284
272.535
343.128
682.697
930.225
594.691
707.663
486.729
139.193
283.788
524.013
776.468
96.1677
454.036
212.37
952.393
774.651
185.967
622.111
89.7112
331.786
795.472
342.355
878.492
270.267
978.841
763.783
961.693
687.376
935.678
53.0973
643.981
183.902
770.192
937.551
327.15
557.691
839.516
251.657
113.963
199.595
76.6199
592.099
546.893
796.953
377.001
258.526
662.3
387.89
755.199
354.16
460.864
308.255
392.421
485.867
553.634
144.6
794.045
771.447
437.824
417.052
829.763
743.664
400.937
534.233
354.89
475.099
24.9992
210.557
714.293
652.715
259.39
339.499
657.051
51.5672
911.322
553.136
877.031
616.993
543.403
849.763
519.719
215.652
309.524
672.395
927.044
687.818
360.793
309.014
638.273
584.408
535.194
51.4693
125.863
438.389
46.6278
987.858
960.391
465.883
515.007
860.071
499.05
659.627
648.958
44.227
848.98
597.179
191.676
310.212
731.78
286.907
869.641
693.966
71.5208
693.053
309.803
132.05
138.549
472.131
495.695
725.138
39.1893
999.322
864.627
831.152
271.451
126.737
670.08
58.8262
134.168
784.567
574.795
510.525
537.207
578.623
445.553
884.44
409.845
849.142
100.614
819.102
529.983
209.586
941.193
878.93
426.139
682.257
370.856
22.9091
655.239
69.7792
78.4438
157.054
490.975
855.918
304.038
286.004
19.2347
501.788
311.988
893.758
118.978
608.75
414.187
995.302
489.512
749.36
990.482
9.94205
89.7399
343.246
276.471
366.761
293.553
374.404
983.185
919.313
90.5476
936.737
594.676
629.946
516.017
60.7923
990.71
96.7458
562.267
349.407
660.335
803.826
379.336
44.6165
521.628
147.487
32.0936
1.88851
322.455
448.713
248.132
977.934
861.363
131.766
913.184
790.543
197.112
807.592
884.841
506.678
485.812
130.79
478.724
410.23
737.791
434.647
602.066
223.282
279.324
427.825
476.759
862.419
960.214
749.604
606.626
940.706
605.183
221.98
642.184
640.737
69.4754
953.605
10.9073
426.926
746.429
492.541
183.545
106.55
972.682
395.623
699.05
837.604
485.864
488.111
174.856
993.944
676.875
788.009
478.67
89.5057
626.281
327.539
666.449
816.479
869.873
635.586
723.218
328.391
65.4683
368.543
243.864
187.334
560.785
864.761
15.7503
462.478
635.226
325.141
710.118
709.985
517.273
917.474
141.8
456.213
289.652
596.443
544.219
148.308
378.258
509.331
147.199
708.954
385.145
907.058
797.555
43.0037
743.624
842.138
76.1108
379.332
733.065
153.303
129.886
805.505
246.55
308.073
435.213
958.4
825.726
299.616
757.871
591.036
599.485
626.103
391.861
743.359
137.351
276.004
191.696
929.246
871.348
910.777
207.252
118.479
683.863
90.0508
769.077
173.839
801.414
389.382
429.998
711.022
88.8614
785.976
160.999
321.908
784.436
355.501
931.2
557.311
247.845
458.401
219.828
649.16
271.906
475.336
949.027
387.746
308.736
259.958
767.967
908.981
725.952
747.722
928.95
19.445
93.9867
229.531
184.017
551.321
935.253
259.61
95.2256
631.325
278
811.913
933.458
531.607
456.391
375.81
369.85
388.807
603.364
139.811
512.129
800.411
179.487
155.171
467.161
483.977
170.341
505.612
623.342
491.377
533.514
594.888
735.39
161.918
366.298
962.994
793.263
157.878
644.546
770.488
590.908
715.043
315.228
667.43
44.1931
148.171
839.322
61.0892
196.557
744.662
822.261
389.812
691.729
354.306
246.834
427.873
372.385
212.639
664.008
618.881
809.262
121.808
892.245
148.248
595.25
935.878
732.841
805.83
412.118
65.1504
600.331
499.034
343.201
212.515
981.66
598.416
953.629
898.313
229.697
629.056
971.165
211.065
335.443
362.079
296.764
160.214
244.395
264.843
766.434
602.421
736.85
892.036
927.445
891.556
396.175
952.719
825.561
669.473
275.361
983.017
809.493
902.653
338.43
256.382
918.732
790.251
912.94
442.223
946.169
261.057
322.031
701.136
563.307
757.877
663.893
206.327
409.571
23.282
733.563
284.27
115.161
874.256
212.621
454.742
326.7
36.7436
128.098
55.6389
804.621
134.293
860.149
999.102
69.7558
845.967
581.495
613.323
293.185
103.592
378.813
772.84
688.327
351.429
641.299
356.326
507.905
284.934
824.211
944.936
442.36
889.889
890.678
989.566
222.203
867.503
604.492
38.365
147.384
831.801
156.431
86.0144
95.0778
757.684
139.294
446.458
927.229
624.454
689.971
476.632
655.04
701.404
254.106
909.347
884.525
448.696
229.241
860.842
20.8253
125.366
50.5748
837.843
145.545
302.633
709.941
308.581
987.797
48.1555
369.228
853.567
713.529
377.454
535.979
259.561
477.158
42.0899
118.339
551.821
573.355
48.5153
741.956
216.17
244.473
762.805
681.109
287.647
530.535
669.115
84.576
573.541
174.692
5.96011
333.098
735.726
338.737
624.851
85.2296
933.6
452.757
599.08
102.779
81.185
772.615
783.255
312.597
809.519
392.059
691.425
790.346
961.111
436.508
556.372
741.976
842.776
727.407
165.917
923.366
695.483
264.591
283.233
857.131
527.13
734.851
964.546
272.596
921.461
864.379
534.664
270.824
962.116
627.608
92.2908
177.271
476.381
83.0038
244.638
31.7747
343.248
295.499
944.478
336.367
262.536
434.466
280.38
458.66
736.929
604.728
388.656
910.872
870.738
316.142
177.706
295.864
185.158
155.501
724.42
751.762
939.871
264.056
288.562
221.036
338.398
606.873
243.249
319.404
586.087
849.028
514.505
251.111
624.611
421.41
615.349
392.315
747.974
199.544
132.875
391.323
428.205
156.645
741.553
976.675
963.007
552.277
961.651
950.801
874.778
235.967
25.7896
922.741
915.743
677.442
254.51
308.743
595.821
468.516
247.201
630.265
79.7178
503.735
269.349
556.706
282.132
455.807
340.916
882.255
912.637
776.37
411.553
365.455
925.5
422.216
432.598
284.887
358.462
121.793
217.535
628.876
395.306
937.14
414.265
11.1219
860.136
463.92
214.597
922.836
399.995
458.547
197.541
546.532
693.175
339.292
869.902
583.454
942.938
620.796
535.335
918.084
193.016
292.332
424.375
257.121
98.0477
714.027
964.125
450.095
367.993
196.927
396.588
103.68
302.55
858.071
986.366
436.325
464.969
46.8459
937.204
444.562
392.662
960.773
86.2083
243.097
286.127
485.041
16.3152
539.242
292.482
668.747
551.565
265.631
443.108
100.674
634.008
346.255
607.21
168.025
361.724
848.19
278.626
312.742
858.751
579.113
368.921
872.719
592.071
748.401
885.882
480.475
518.715
102.787
836.385
751.718
886.117
977.088
512.572
733.214
797.878
733.059
560.046
286.621
549.933
877.159
648.927
896.248
821.797
798.877
889.052
828.513
735.185
118.585
268.229
804.168
557.157
406.944
719.331
426.857
994.39
881.237
13.3942
239.545
994.748
208.148
560.008
40.6873
215.613
873.304
604.682
712.301
637.257
607.01
930.029
410.455
573.725
990.268
381.287
303.922
771.266
778.2
687.698
768.294
671.471
357.857
683.497
840.702
867.139
558.278
142.871
995.134
485.978
222.163
732.325
731.511
720.93
266.129
704.906
794.997
84.9655
651.047
769.93
908.083
629.273
772.23
379.012
950.002
331.808
293.213
486.88
439.649
971.153
684.658
639.468
743.979
959.724
504.785
181.218
558.763
59.7703
348.927
80.261
198.291
462.767
997.976
669.51
31.4412
23.1874
469.03
772.012
850.352
224.889
792.37
701.491
32.3052
774.209
548.715
438.606
423.524
188.286
656.621
517.622
944.188
837.971
24.8259
407.796
886.443
148.306
416.795
232.818
791.701
919.941
918.69
787.097
80.5383
454.64
477.354
929.794
339.565
617.583
66.8496
469.625
306.391
497.095
651.723
701.937
239.026
605.649
509.052
384.082
2.74923
859.185
931.619
398.289
989.478
958.108
409.258
868.93
926.443
433.864
137.812
492.19
897.464
8.95652
964.537
172.863
47.0845
113.134
489.694
320.3
661.482
299.674
117.068
861.998
707.371
886.878
7.01211
920.199
688.605
712.844
526.054
348.777
467.976
316.171
314.367
832.431
757.681
849.454
179.223
848.412
455.393
382.431
857.525
526.807
183.926
71.6772
227.7
815.74
961.823
656.169
760.339
562.989
211.021
403.408
113.345
318.715
508.03
577.73
552.058
201.824
959.359
657.615
824.308
864.295
573.339
397.298
776.995
946.566
892.864
742.556
162.357
908.341
721.29
982.556
62.0438
412.107
431.86
88.1817
234.671
653.182
905.175
269.812
562.229
995.494
35.7635
529.544
993.113
764.838
324.585
607.987
830.468
52.5
806.869
785.786
535.623
326.47
322.235
624.784
64.9482
672.659
425.349
881.31
57.2056
685.415
459.799
530.469
375.978
689.171
15.5814
469.966
792.104
848.28
92.0907
967.077
183.941
260.239
365.214
43.6076
24.0876
731.845
470.898
609.508
110.91
214.874
770.94
433.144
258.39
887.126
652.894
729.83
760.739
368.878
668.72
843.183
946.691
279.756
260.498
847.272
595.91
185.672
121.233
900.67
735.627
331.911
450.201
403.745
714.149
481.834
181.633
843.381
69.6736
709.34
279.797
128.382
703.79
358.643
130.228
25.9357
120.84
271.61
34.1134
384.452
914.104
178.634
589.476
378.963
440.47
194.515
968.271
328.166
415.281
200.112
562.738
321.341
432.556
520.661
358.133
151.228
642.482
432.76
513.527
895.918
733.287
297.557
709.55
27.6713
219.343
383.93
704.515
575.894
848.216
22.1103
471.154
640.363
738.568
627.904
149.351
272.044
946.211
326.26
619.867
323.704
340.681
549.337
695.403
560.223
538.518
710.531
43.977
926.45
776.79
187.325
951.788
44.0928
881.578
660.628
735.501
472.182
267.127
837.941
4.63538
69.7909
333.851
666.753
421.778
574.871
874.414
960.828
120.286
717.24
569.765
506.145
415.606
353.083
299.546
979.335
927.182
107.078
507.982
646.43
143.909
278.776
976.821
763.911
888.498
582.683
46.5575
780.652
26.8499
995.267
96.9183
944.901
230.075
253.53
214.144
314.481
122.458
643.82
718.059
713.596
872.052
719.13
144.251
91.8579
226.246
649.457
439.258
439.312
327.589
532.042
358.688
767.438
920.972
233.957
204.295
255.494
978.381
103.977
206.639
12.5256
408.607
147.658
681.021
749.277
614.209
310.764
947.451
175.718
824.733
241.553
317.838
26.6121
632.543
9.93822
888.049
110.35
135.01
537.293
617.658
719.055
834.273
49.0087
189.996
627.866
644.016
395.116
389.393
948.454
322.919
112.923
446.578
439.572
608.688
228.337
737.978
872.272
617.207
936.044
896.882
508.802
441.721
967.913
336.189
194.936
720.709
986.939
191.69
451.351
514.757
141.745
84.9597
949.569
557.251
723.546
955.125
994.08
626.787
0.76031
613.649
929.653
877.119
911.795
996.321
529.938
790.171
597.426
197.69
381.613
466.59
302.504
916.995
492.218
104.795
102.27
578.253
957.016
252.156
169.398
33.6611
611.661
140.326
930.074
857.068
467.004
680.789
825.344
987.313
117.117
427.175
439.827
109.248
681.811
578.937
254.406
148.76
593.782
368.712
71.1196
607.94
274.61
545.444
424.072
944.407
522.596
130.406
784.585
586.871
21.6911
817.401
675.044
525.115
490.225
836.021
585.086
280.313
539.854
462.948
825.194
779.874
681.085
706.627
723.76
574.727
167.149
701.363
269.839
556.397
541.236
615.114
898.642
982.322
74.4997
128.291
412.216
92.3087
438.498
897.068
403.499
803.993
333.485
632.778
216.07
83.4801
733.986
158.262
710.609
287.578
459.444
832.781
536.496
520.163
927.329
249.699
415.616
307.09
899.321
927.155
155.717
406.909
441.154
543.053
821.238
589.582
40.0728
964.616
127.219
748.878
169.984
132.502
691.459
798.493
576.173
664.004
114.668
734.987
134.527
613.388
868.999
845.842
493.693
85.1873
901.303
877.452
454.399
643.783
516.207
650.323
503.626
646.235
141.003
977.621
380.639
581.958
713.196
184.359
488.579
210.048
723.985
179.609
313.962
110.924
26.8696
60.3876
414.638
222.405
838.092
46.0908
575.486
910.617
450.675
95.1298
204.166
173.424
920.893
544.705
193.78
118.975
807.267
260.317
265.5
975.737
218.328
68.8899
125.351
535.052
304.9
179.335
731.917
205.202
592.377
133.546
135.313
260.504
443.281
861.462
974.997
533.789
553.252
183.806
30.7558
750.162
875.694
678.858
626.399
99.2749
230.871
34.2645
61.4162
48.1066
151.653
686.197
167.286
2.7147
145.856
816.386
80.5965
322.545
487.913
258.792
126.099
602.173
192.089
953.415
493.808
680.973
845.606
682.302
63.0247
779.984
200.849
604.947
113.464
646.506
627.344
765.599
813.507
900.87
820.807
227.441
785.012
606.936
250.581
768.059
913.295
749.505
218.671
382.29
53.2039
9.98568
702.094
933.57
734.005
338.685
282.044
689.674
196.792
71.3866
933.366
705.736
620.839
113.027
589.024
874.272
675.737
286.827
617.776
262.245
243.08
738.17
398.397
178.014
407.112
94.4844
357.888
351.109
443.139
361.744
309.709
25.39
314.171
621.768
904.743
537.443
101.413
959.904
44.3261
718.46
277.662
568.047
330.973
876.675
921.886
142.009
6.55361
111.537
959.242
924.587
385.672
718.578
587.351
576.097
898.166
669.631
963.966
413.542
451.327
816.216
433.348
19.0454
680.205
50.0854
462.103
239.793
621.78
164.887
646.313
787.898
602.646
363.447
700.12
992.58
425.042
28.3692
4.19167
392.585
855.569
567.452
796.511
308.272
625.933
423.252
346.651
965.332
634.697
27.1196
840.175
211.317
360.894
926.861
287.268
68.3278
59.6864
134.301
587.423
887.294
580.955
50.2626
161.498
438.759
435.332
21.6087
988.209
10.1703
408.726
575.06
841.907
239.126
803.81
828.546
363.048
645.29
551.403
191.171
846.141
420.762
600.383
681.704
299.114
180.254
354.184
492.501
113.245
879.806
495.487
536.301
237.374
697.804
427.088
888.404
930.44
187.38
182.859
292.888
282.128
697.949
33.0977
271.048
755.124
809.536
956.405
150.94
980.214
101.023
586.633
342.283
95.8333
897.58
407.73
990.127
689.143
18.9962
678.783
348.335
191.083
925.633
471.797
680.418
681.79
869.295
19.3397
596.611
956.451
679.885
349.902
613.77
319.829
23.5405
565.549
536.16
557.98
362.73
547.187
423.021
468.897
333.04
893.657
371.777
13.8837
865.053
376.169
807.678
825.591
553.512
561.686
151.475
426.784
581.201
798.244
621.679
979.663
903.462
810.515
18.0472
805.115
493.723
401.926
894.77
844.4
733.767
455.227
847.629
945.04
638.753
649.543
257.026
553.96
560.463
229.821
811.682
513.172
477.934
263.416
315.127
48.5301
518.378
165.749
493.53
295.578
149.095
768.004
889.341
346.474
630.171
808.397
66.5502
560.008
45.4104
756.306
661.812
937.223
153.503
205.504
698.372
615.96
681.573
406.787
709.535
819.474
668.487
637.627
783.883
951.16
345.539
141.356
599.567
456.326
498.21
3.16963
829.587
773.223
605.709
85.4427
209.339
322.321
517.055
619.115
812.839
391.702
345.931
167.978
201.533
776.917
394.694
953.473
621.682
638.434
634.515
282.07
130.859
714.727
848.062
466.615
744.527
443.035
398.475
916.457
489.163
814.967
529.263
306.006
723.606
755.593
570.514
63.2933
605.629
240.819
764.277
72.5358
12.1359
240.042
103.797
9.61715
210.474
324.056
475.526
256.478
782.322
549.42
8.36138
827.818
643.35
111.019
270.729
227.277
919.852
538.131
353.025
994.719
141.801
643.18
861.173
853.717
910.216
466.546
997.98
589.358
380.446
498.784
684.439
929.698
573.188
109.712
675.763
946.356
448.196
431.68
849.754
585.675
634.025
694.65
922.105
474.708
748.606
909.235
298.606
776.998
933.412
759.629
273.192
591.153
887.651
973.326
378.871
757.741
672.919
354.069
92.1606
362.748
473.466
126.699
867.652
172.268
468.702
479.078
365.192
505.025
894.283
881.578
846.183
26.6244
143.405
306.414
816.357
840.162
563.585
198.205
729.542
338.033
124.712
507.547
730.398
183.793
825.635
288.074
184.635
703.103
38.7046
974.715
943.93
899.646
699.872
159.958
631.766
374.028
587.178
322.311
568.089
37.9305
909.27
846.353
518.31
686.913
80.2662
819.638
139.415
56.3896
185.624
463.833
577.417
847.514
59.245
825.001
60.8354
612.231
673.793
132.861
840.317
147.054
289.061
366.305
390.876
808.613
367.327
310.898
257.744
654.403
26.1528
244.796
266.778
581.16
899.465
277.269
404.12
310.809
874.326
926.231
505.982
617.946
686.372
349.024
887.603
139.483
729.944
527.755
220.483
320.696
373.568
904.125
769.712
974.74
287.403
408.931
599.85
835.413
771.858
441.601
510.209
714.011
326.854
231.822
371.244
107.421
985.678
717.884
696.04
600.951
538.341
867.717
828.547
248.83
234.618
464.378
87.5841
458.967
950.03
197.048
737.768
245.656
947.988
313.334
321.091
111.904
122.899
674.218
872.173
177.373
72.6389
337.491
943.133
452.246
150.25
510.543
408.126
673.411
175.862
43.4601
321.043
747.059
157.637
466.154
921.417
289.112
848.03
749.672
372.722
808.07
437.274
535.704
263.894
847.949
113.755
26.7767
989.885
594.621
570.707
262.891
171.5
567.284
45.684
281.702
490.691
666.896
894.516
25.2386
57.3728
961.718
541.659
626.15
430.916
661.687
446.051
393.324
77.4114
101.093
273.806
886.122
627.191
624.111
89.6603
587.525
220.816
789.457
147.246
981.153
301.53
596.057
868.616
130.6
874.338
626.815
216.447
930.232
843.265
335.788
753.902
25.837
36.5461
717.249
898.845
425.976
802.683
423.003
868.275
178.217
117.205
994.99
498.22
259.426
380.062
289.785
952.459
319.959
46.883
754.295
504.417
874.932
854.468
910.269
310.094
402.045
243.218
989.477
871.328
987.874
108.61
980.468
719.006
269.732
832.788
578.2
491.691
507.58
649.179
424.595
828.606
452.78
411.333
174.164
385.086
973.591
296.54
975.351
376.704
70.0556
540.123
914.547
694.608
335.501
23.2979
393.028
153.746
173.373
122.532
693.103
448.079
184.933
258.172
611.908
18.4565
336.877
782.439
801.544
181.226
482.762
339.784
732.32
426.105
935.965
374.85
199.864
943.116
415.533
704.369
312.866
869.077
353.701
799.196
540.52
908.263
262.088
822.092
859.68
349.167
302.856
357.016
341.87
805.131
54.7239
858.565
758.246
501.997
558.157
998.317
383.059
637.403
378.793
531.315
148.171
276.16
656.043
934.648
475.519
722.197
870.47
655.378
402.433
133.196
538.134
261.997
255.54
898.551
844.472
427.861
940.029
579.216
689.853
432.894
537.847
869.807
11.8467
588.203
74.5611
464.984
57.0492
644.649
71.8858
35.1759
432.518
209.07
481.185
898.456
911.209
469.424
250.545
838.565
688.088
22.1992
650.493
802.315
877.742
341.919
435.273
616.897
757.469
864.179
390.266
118.688
542.054
841.683
82.0741
165.463
231.246
39.0851
34.6734
414.281
404.559
59.6581
779.615
754.484
310.23
138.033
525.377
171.352
468.466
722.311
643.696
128.887
499.487
130.127
940.142
363.426
413.139
161.767
251.576
102.412
31.2014
344.964
361.913
9.38765
131.002
666.641
445.175
717.514
828.051
303.746
204.98
275.569
387.438
225.813
883.908
584.135
253.334
224.228
244.71
352.661
500.787
186.163
185.94
933.253
984.918
424.145
633.481
772.764
233.527
885.334
860.887
125.237
97.1538
778.416
127.807
51.6223
535.898
891.887
7.49949
838.385
838.198
847.352
600.318
542.059
389.686
87.7269
926.642
929.604
649.786
286.24
665.09
166.843
762.56
461.492
382.866
7.06987
692.291
671.105
905.997
262.727
602.336
146.631
237.137
83.7918
509.999
931.108
765.117
112.089
875.689
934.168
568.799
291.355
499.832
164.96
621.865
864.604
887.33
217.716
206.602
524.73
531.318
736.881
973.396
458.595
503.318
87.0703
796.625
61.8663
406.468
197.059
912.976
840.197
446.145
76.7702
149.199
655.926
845.217
752.236
295.388
248.175
529.432
897.28
627.43
333.315
335.488
723.931
77.0652
583.231
556.492
329.012
766.684
147.324
496.442
675.02
323.542
912.856
619.744
343.179
147.401
434.997
569.34
659.757
287.946
976.266
706.889
428.51
782.869
703.978
272.485
358.025
781.615
148.661
844.946
49.1536
929.092
136.426
535.063
691.498
781.586
700.068
494.725
136.637
275.645
838.684
559.235
887.566
849.571
341.215
545.963
527.52
934.412
388.261
250.679
856.286
473.153
987.37
57.3378
298.452
507.37
933.746
304.856
176.291
882.351
390.83
835.741
21.5911
785.093
88.6894
139.555
947.494
243.313
793.684
55.6467
65.9241
304.377
127.012
423.902
261.608
385.772
34.7186
382.109
203.781
76.4445
535.418
169.781
65.8817
382.063
607.83
479.867
946.897
286.402
807.354
223.716
751.157
362.852
13.99
366.228
232.658
660.152
473.421
525.594
882.233
928.37
374.827
796.84
308.706
496.713
754.737
685.133
106.711
393.841
683.099
761.181
922.856
71.9193
898.62
267.876
427.884
893.907
253.801
208.504
215.354
233.706
210.035
679.524
707.93
63.2374
909.39
325.212
31.7368
529.726
27.6296
690.752
479.548
609.169
183.581
41.0443
727.149
134.768
409.754
454.22
887.367
597.064
360.396
954.172
916.727
178.485
93.7429
331.334
854.855
680.241
478.62
534.253
41.7105
813.174
370.814
968.327
378.13
823.7
526.554
287.668
67.2279
506.875
879.304
839.628
184.987
294.501
927.915
550.622
105.253
598.806
960.553
910.98
865.609
821.533
76.9875
713.487
264.996
112.146
144.624
165.644
980.852
863.552
119.568
973.71
573.052
183.478
537.099
484.066
584.677
866.732
396.014
164.791
376.917
238.652
363.605
770.728
59.1623
241.644
963.651
815.309
247.999
221.639
695.272
281.437
153.767
544.398
398.033
354.636
34.0727
765.922
426.211
820.174
644.857
7.88612
636.034
300.948
376.146
187.243
903.178
846.656
87.2326
136.396
968.455
342.337
700.993
572.027
217.966
564.109
716.257
550.515
415.827
453.25
428.16
37.5644
64.6392
741.299
677.398
649.141
628.317
576.212
889.029
448.037
236.611
363.717
409.361
941.513
139.09
942.696
245.574
484.74
292.624
205.849
187.703
94.6123
270.258
807.238
517.721
989.345
656.096
69.8157
547.692
839.847
241.477
225.306
680.763
925.823
428.836
745.212
548.357
887.892
63.4959
518.148
678.095
139.64
498.05
710.814
614.103
911.618
612.462
236.784
109.527
332.117
94.6048
220.881
995.891
474.492
875.462
762.501
301.774
313.311
820.893
697.099
730.94
505.396
733.806
162.65
445.211
648.594
308.256
281.794
348.036
550.768
807.763
558.257
489.822
272.058
86.7401
998.86
464.974
571.027
824.921
53.886
533.252
504.155
954.096
215.896
855.31
490.69
694.115
230.389
505.223
181.505
116.261
4.40683
523.507
60.184
967.784
307.644
55.06
283.526
638.177
554.455
820.747
842.249
657.905
347.055
682.898
523.578
291.645
15.9894
658.064
296.961
434.069
282.529
320.156
861.567
716.007
11.153
429.148
6.79644
77.0485
143.879
761.177
790.438
917.831
590.167
342.061
56.7686
687.134
567.995
575.448
550.784
527.335
587.989
477.276
464.578
553.779
580.855
388.618
135.762
902.16
179.747
38.8772
341.829
781.538
677.393
710.571
62.8101
123.207
930.017
946.399
159.757
737.049
426.41
810.089
409.125
162.597
784.34
126.72
91.5481
132.733
184.19
488.19
534.647
20.4052
260.96
608.58
908.202
95.1807
13.1618
986.015
249.295
424.696
566.537
796.696
316.04
879.591
570.893
678.167
920.45
768.463
481.726
108.135
941.323
986.433
559.901
648.703
162.201
317.446
640.767
490.499
391.094
312.42
310.218
724.517
299.624
364.391
263.857
209.647
949.236
625.134
204.325
49.6401
759.361
928.168
491.851
694.105
502.857
89.1306
948.03
824.027
902.037
800.277
219.944
153.952
236.534
791.04
141.059
401.677
582.562
226.606
730.283
153.908
480.519
212.204
207.571
545.484
901.102
278.918
483.039
313.511
853.96
379.576
509.492
270.008
190.55
18.3893
141.282
831.669
505.277
989.117
384.54
368.378
275.53
882.636
277.093
588.555
819.234
140.617
925.965
415.843
433.539
337.992
234.626
164.713
433.869
448.887
552.52
770.022
290.531
730.435
310.455
235.425
790.353
203.454
804.832
846.689
91.2981
441.377
752.319
447.768
724.942
937.387
348.312
739.972
399.237
908.663
74.4637
68.5096
804.612
235.621
862.94
77.1376
300.606
808.46
841.114
402.845
206.556
864.087
356.685
850.658
615.137
710.319
379.152
227.183
946.65
333.222
452.043
854.069
447.862
815.556
846.918
253.589
173.085
822.883
364.093
263.138
656.298
968.181
708.116
949.151
58.7846
990.423
613.695
850.181
452.614
987.971
938.119
870.472
549.815
559.667
0.873426
296.879
412.164
516.891
224.557
41.6122
856.935
745.757
1.14348
79.7499
617.815
992.879
14.8617
803.274
113.504
509.287
541.471
442.469
533.696
69.1741
510.549
991.642
65.3983
352.916
62.7611
40.5162
472.557
782.659
611.305
267.224
7.19533
874.574
882.209
946.164
197.653
41.3305
371.544
907.204
433.767
573.662
131.542
835.624
283.087
548.84
747.892
399.226
37.5656
470.061
966.143
345.186
345.792
113.164
288.162
730.192
749.271
940.535
315.2
779.5
157.875
396.802
940.661
350.576
493.08
803.083
174.534
582.664
949.747
557.507
347.284
412.916
207.827
86.9958
331.39
241.589
922.523
901.409
824.633
32.5641
471.247
114.89
454.46
581.142
102.406
624.487
734.491
999.431
757.063
492.679
682.596
731.854
190.284
953.705
98.3056
581.385
953.243
354.444
202.104
403.541
986.529
515.707
119.872
803.122
274.615
741.392
815.21
481.932
303.986
558.858
746.285
858.744
114.2
307.542
171.256
380.495
21.4152
733.477
519.232
121.941
694.975
639.538
157.331
25.8751
75.1345
495.482
747.082
554.586
607.429
353.942
926.548
832.965
738.39
840.273
462.74
182.721
448.157
792.596
179.819
534.36
495.976
996.508
723.111
708.33
810.856
575.122
610.96
269.028
185.89
913.559
553.037
255.943
823.484
487.334
875.138
906.291
850.306
861.756
239.924
715.042
273.971
185.355
47.1265
183.765
914.934
231.149
744.844
132.402
121.758
977.401
298.514
871.69
898.796
662.367
711.696
132.923
853.55
508.735
441.982
841.13
845.76
972.246
928.099
403.138
709.106
519.957
65.9384
609.784
64.633
947.25
120.014
858.55
276.44
974.825
214.258
666.735
566.406
969.33
646.643
234.068
335.78
760.995
953.556
636.2
795.237
611.689
2.9874
486.247
117.691
855.566
714.389
130.431
864.015
796.041
34.5151
576.708
333.191
317.016
992.959
963.166
525.856
838.297
421.712
918.009
432.316
716.131
856.334
247.603
539.656
726.219
301.848
6.40638
552.457
650.71
706.925
786.629
920.801
270.428
861.125
540.388
528.949
802.348
930.86
78.0943
807.428
349.25
352.433
629.472
157.751
588.294
380.13
204.204
318.113
328.25
272.274
534.732
623.703
837.372
119.813
851.645
828.635
876.889
364.96
750.631
637.729
76.1798
509.361
717.837
553.451
827.602
713.042
137.195
362.484
950.253
480.913
598.768
181.818
426.695
419.974
242.195
648.314
24.6059
827.767
525.117
588.954
311.801
294.346
914.927
450.067
709.052
422.594
415.965
319.417
817.254
504.585
806.365
550.123
335.907
547.681
853.121
622.897
756.567
388.855
374.834
874.198
481.178
938.429
744.184
311.845
660.335
476.943
572.06
753.817
465.069
716.53
838.712
605.89
558.201
309.244
471.331
463.01
593.576
120.674
289.43
429.761
785.142
822.535
717.692
236.654
110.228
830.385
709.187
339.412
965.192
913.031
829.493
764.03
15.4467
722.447
464.426
365.324
279.802
284.313
61.288
843.525
880.772
99.6654
267.188
582.475
363.394
841.011
749.992
483.069
536.145
788.089
480.253
143.195
685.279
698.703
809.357
235.76
40.6925
11.5373
933.778
842.172
74.9425
346.336
312.254
971.264
660.906
621.237
466.84
22.0885
126.826
619.502
905.923
600.978
674.858
83.5336
853.59
773.918
581.053
921.257
142.218
498.554
697.067
610.126
251.246
937.637
418.176
561.727
673.121
487.27
875.845
952.931
815.958
367.139
328.87
178.568
661.116
301.887
753.438
679.667
672.613
287.367
423.584
947.415
684.764
374.983
799.008
196.409
995.925
342.222
532.519
694.782
881.677
646.413
625.468
389.828
562.714
108.545
212.923
85.4293
64.2832
849.406
683.414
524.532
769.053
434.468
628.509
772.067
68.167
387.969
788.877
949.841
770.997
949.704
794.942
767.285
648.462
487.619
186.333
245.57
103.925
490.864
295.656
325.977
826.654
775.125
974.406
667.778
863.02
986.6
463.889
311.041
708.347
822.805
628.906
143.208
286.249
555.442
199.675
356.008
441.928
479.071
46.3294
605.02
371.204
183.408
44.6122
135.279
168.767
999.286
0.674107
162.663
978.479
368.995
872.6
706.008
527.464
89.6329
157.404
455.155
726.793
549.918
571.331
195.204
517.848
981.586
820.608
549.737
868.844
958.953
387.179
71.4774
304.839
565.693
402.899
916.826
251.937
795.526
185.21
862.899
847.936
430.781
202.303
337.355
413.709
245.18
736.423
460.783
79.0206
378.3
446.371
80.0809
840.801
930.794
285.904
83.7599
719.339
611.439
720.992
324.094
427.156
837.492
78.436
567.328
725.909
334.747
839.826
595.727
208.6
617.359
222.222
891.153
788.29
942.407
930.034
939.26
521.709
450.662
256.703
759.696
258.565
321.902
10.9473
647.249
837.48
316.981
57.0805
611.312
390.53
54.75
624.534
639.022
654.093
612.694
255.989
646.814
788.517
457.064
140.023
994.803
998.141
540.499
191.879
340.517
521.937
470.108
199.746
728.152
279.942
592.166
503.995
425.154
448.546
384.645
399.245
610.827
476.111
747.491
885.479
526.578
907.583
262.755
701.929
751.887
871.369
720.394
178.937
465.012
93.3759
706.93
277.025
676.793
881.574
697.402
952.93
736.668
100.644
318.645
419.296
852.458
801.284
534.227
933.209
842.89
844.656
787.225
959.995
960.643
671.666
302.939
179.093
943.516
802.563
54.7242
110.72
734.807
848.388
415.228
693.264
777.019
796.648
413.655
995.338
844.423
264.139
286.495
232.334
912.01
845.868
711.791
219.856
136.029
826.736
651.049
445.901
173.048
449.03
61.9052
706.108
521.661
871.298
190.408
113.428
518.235
531.053
584.182
672.33
943.068
93.7755
94.7561
171.083
736.933
683.215
745.175
82.2027
134.016
933.127
541.808
424.844
82.9699
258.941
799.569
103.648
353.199
940.781
847.903
331.466
362.057
348.595
689.637
119.633
866.724
278.495
222.854
995.549
51.6882
649.911
512.152
615.498
721.822
119.568
643.126
578.779
747.615
775.112
323.679
830.757
272.382
393.363
347.139
646.51
603.082
591.417
622.514
408.08
992.116
9.41037
852.046
587.229
455.286
778.574
319.203
398.126
342.59
424.887
193.033
132.029
18.1453
905.196
387.44
886.13
851.058
178.063
294.258
174.062
861.235
975.107
673.276
194.607
96.9916
800.336
994.757
542.08
891.851
575.568
532.966
86.3009
6.36489
340.791
273.182
117.462
710.471
471.155
68.3975
642.427
709.242
589.712
641.967
700.803
519.446
730.243
733.942
523.543
228.867
971.319
514.569
331.926
230.59
245.446
999.684
133.808
439.429
990.998
588.625
346.308
39.3986
815.038
573.399
804.152
54.8626
68.6006
933.44
311.284
11.9371
789.305
407.233
485.838
892.486
566.932
521.939
126.939
165.035
653.9
344.987
603.129
292.974
833.318
405.225
999.51
111.217
821.75
801.96
652.244
372.125
112.206
592.162
699.174
586.886
335.661
311.778
853.527
730.039
258.016
966.903
499.486
85.5907
145.749
123.185
664.712
349.82
280.014
254.016
462.297
377.782
118.914
284.711
245.414
680.566
884.779
123.919
279.874
914.276
962.068
816.251
26.4224
318.375
346.833
20.5367
715.005
982.724
796.423
633.95
382.139
274.297
234.354
188.647
790.253
14.6986
207.101
868.457
30.446
549.598
744.364
680.109
269.112
625.573
210.478
96.4609
191.53
626.388
660.631
826.194
644.673
810.217
731.09
791.583
725.667
525.635
237.524
777.486
805.501
214.562
860.588
993.059
439.696
284.759
634.375
233.326
783.792
556.447
383.153
789.291
502.88
63.4615
877.409
409.558
507.473
78.6972
794.935
718.231
445.09
599.129
710.139
626.284
275.74
383.233
319.509
597.683
523.723
402.1
108.116
636.67
756.672
117.053
226.98
616.002
340.477
906.284
680.236
963.285
665.873
759.28
101.319
737.298
465.103
772.061
656.35
60.2533
926.71
193.002
568.637
605.13
480.474
676.085
669.694
77.4897
35.5757
836.489
398.547
164.824
301.765
216.564
82.7087
367.561
559.68
855.411
821.419
166.91
842.318
12.7779
176.103
646.2
180.264
381.023
366.238
562.821
99.6678
684.056
123.558
894.287
460.69
718.837
516.957
558.876
517.512
156.106
308.246
672.092
566.745
248.134
9.63419
755.709
42.8145
661.561
202.399
505.852
495.586
84.7406
648.312
367.663
642.007
876.779
727.426
402.251
980.09
607.785
104.525
990.337
166.205
868.397
739.637
348.132
127.016
635.775
283.463
764.333
362.585
910.82
45.4063
860.788
20.1801
378.095
489.241
69.382
517.556
779.786
139.661
268.413
973.999
285.148
802.406
75.4318
687.08
827.322
682.854
420.831
858.079
573.641
794.693
575.882
720.451
999.888
584.133
957.358
930.135
513.118
949.243
533.063
316.12
974.146
442.2
91.6617
912.385
525.648
928.873
677.172
161.572
753.799
10.3946
112.761
625.643
772.639
140.69
317.259
804.022
396.092
298.825
446.781
355.727
181.096
882.215
246.51
274.677
18.0302
903.908
175.873
268.351
796.184
722.391
253.927
646.505
870.077
164.473
368.69
611.553
937.779
670.218
290.669
643.971
59.0116
783.618
441.078
148.819
885.794
114.459
781.664
142.885
451.848
626.799
36.158
251.369
722.338
479.753
921.784
899.528
399.147
509.165
589.704
344.741
518.368
37.644
50.7016
130.395
178.756
918.96
829.771
952.589
268.317
335.446
361.728
627.43
479.949
788.828
948.748
409.777
848.227
261.531
267.282
938.298
823.14
623.154
81.5318
427.147
801.256
852.542
717.299
767.264
541.791
517.132
25.2966
81.9846
938.996
566.183
646.735
159.437
840.826
862.007
844.294
481.031
587.855
892.675
514.507
219.643
489.801
821.005
117.427
296.995
806.82
858.623
588.536
86.8934
909.298
981.733
106.819
614.892
56.2561
188.925
230.232
636.411
765.432
943.399
52.3592
41.0947
606.952
635.578
936.636
913.394
700.059
980.946
130.229
825.888
444.447
256.586
309.539
616.171
493.246
343.285
352.654
829.367
545.747
233.877
438.334
41.1362
779.708
189.055
831.642
520.913
183.849
156.048
406.931
777.818
422.425
640.916
381.23
844.053
350.086
559.906
764.986
99.6787
784.279
948.133
390.762
701.378
475.09
924.193
839.825
434.703
432.565
287.282
265.98
18.2879
376.271
239.552
707.808
519.559
261.364
302.173
505.222
829.688
763.021
740.714
492.524
842.116
623.261
86.6425
654.776
600.358
690.41
380.007
412.091
759.292
824.55
947.636
970.445
37.5758
67.9855
145.773
658.971
240.717
257.031
951.066
601.636
983.657
702.332
384.866
763.072
533.404
514.706
949.195
509.806
586.46
380.388
875.385
562.571
168.589
75.0996
515.856
134.831
837.472
185.067
513.91
286.763
639.166
512.654
974.585
30.8917
739.96
575.583
130.954
541.349
764.559
755.58
494.801
307.731
823.777
761.905
128.991
179.02
229.67
597.738
52.4596
733.617
458.747
556.126
349.351
136.742
35.4496
533.579
904.118
783.149
435.178
193.087
817.41
326.122
630.919
996.853
107.171
745.997
577.876
578.404
789.953
574.289
309.914
252.764
534.036
251.98
739.167
44.1452
834.214
430.152
50.5702
518.426
774.365
213.346
376.751
970.692
505.044
374.52
351.515
367.913
296.891
236.908
63.8462
567.923
554.8
602.449
776.009
115.924
251.311
16.6884
701.898
699.65
509.977
82.3042
853.694
667.989
330.655
81.9666
910.276
882.319
879.246
38.4322
709.388
275.377
185.86
546.165
52.6755
492.314
219.518
352.951
289.301
739.265
986.816
178.731
626.6
775.767
779.763
637.053
337.301
871.482
857.957
205.209
290.103
470.586
466.771
883.349
337.326
438.028
81.4801
729.929
629.107
722.506
432.69
678.177
482.748
386.8
157.584
571.279
878.948
505.274
671.08
926.407
359.508
892.403
38.648
601.242
205.391
939.647
626.416
921.174
437.035
638.582
113.073
388.932
823.241
746.709
971.337
377.104
649.45
802.816
804.532
62.088
184.747
568.09
386.665
737.977
319.286
407.753
973.669
821.007
705.354
38.9626
391.078
668.395
426.927
60.6394
661.843
466.158
10.9838
309.306
10.5142
143.925
761.201
614.598
100.263
633.711
488.827
174.702
351.792
965.296
800.021
954.536
322.949
172.497
2.79484
100.028
950.589
839.643
264.731
935.66
168.197
241.39
995.071
197.721
100.842
395.387
167.744
484.05
930.803
257.903
836.841
656.866
240.808
627.254
830.323
6.39496
436.051
786.751
214.124
210.16
870.397
304.048
785.817
549.969
846.56
821.429
538.712
972.901
405.112
814.197
703.388
604.119
84.3106
682.337
859.608
391.463
833.794
772.689
468.247
40.974
352.778
931.765
516.918
98.2644
40.56
467.944
336.649
455.766
877.828
289.02
828.041
186.101
175.732
888.26
647.359
86.1416
651.114
518.292
425.064
786.749
516.214
634.879
916.033
564.991
655.982
657.299
472.662
867.077
842.696
502.334
264.953
992.793
783.424
756.572
887.366
840.48
479.214
886.642
47.7454
203.164
404.442
507.189
851.934
932.266
790.032
468.02
217.226
639.247
355.167
749.077
372.672
234.679
109.448
807.197
454.208
958.762
912.438
872.472
362.866
40.6075
792.066
593.015
326.125
341.998
190.019
551.91
752.133
354.539
314.223
283.922
776.495
489.71
269.457
85.102
419.319
445.185
131.68
797.05
59.786
466.847
294.62
848.336
325.681
926.265
304.35
715.998
830.929
873.195
705.245
25.5356
85.4545
130.225
735.751
212.039
474.708
303.529
762.33
819.864
352.484
474.293
243.035
503.373
917.507
697.481
527.059
814.778
824.478
109.041
572.854
213.179
102.332
973.355
494.926
15.6938
370.517
386.722
909
429.583
27.7911
290.26
158.039
373.92
772.829
589.968
379.648
619.32
752.664
389.405
871.14
271.293
840.415
920.996
565.228
801.725
49.9334
728.078
530.626
526.946
199.986
967.299
32.3304
550.849
457.618
538.806
740.935
976.887
898.763
731.863
474.739
460.84
318.491
521.344
338.928
572.605
64.032
844.273
129.59
683.402
26.7153
606.626
374.435
246.643
255.978
753.643
754.812
26.0054
106.684
119.484
903.942
501.108
823.138
545.13
603.444
885.656
937.81
710.903
244.411
789.337
523.939
518.838
511.045
985.415
908.748
630.744
655.533
281.451
913.13
823.281
424.38
479.509
535.494
268.363
771.237
531.276
508.519
245.107
442.677
497.719
610.054
401.192
485.083
895.135
551.279
722.608
717.204
610.911
759.834
260.34
409.2
292.256
252.184
272.653
360.561
16.916
892.631
347.44
472.705
42.0607
776.494
798.933
853.992
469.631
878.099
918.428
703.104
65.3471
861.807
684.04
309.204
104.071
473.76
187.621
742.947
694.395
886.046
158.691
340.571
346.249
942.139
599.419
194.047
701.278
406.85
188.473
234.283
39.1439
25.298
965.151
452.876
924.17
679
21.8325
562.915
764.64
944.058
869.022
303.282
48.2017
423.086
602.576
387.029
96.2111
871.375
509.811
166.449
680.413
166.511
765.984
709.879
178.253
892.86
63.9361
573.084
847.629
806.997
509.702
906.905
595.356
812.135
730.672
119.088
441.575
659.121
658.907
438.663
968.436
284.695
851.768
893.507
937.307
136.021
929.795
273.964
94.5163
671.172
885.402
126.36
919.056
391.238
736.279
99.4254
733.12
689.391
558.356
593.959
561.823
699.796
81.8472
572.313
334.563
414.307
220.487
140.66
237.585
92.9352
531.835
585.44
104.122
425.906
282.02
528.477
841.718
777.555
570.979
756.074
800.899
937.381
626.888
709.819
268.259
169.236
616.886
125.212
581.354
549.363
64.2636
533.634
701.889
946.841
582.165
359.249
14.8531
870.708
205.673
841.526
40.0093
397.037
156.267
582.957
122.221
622.338
636.466
887.965
810.067
458.675
912.652
340.912
918.151
997.842
888.159
27.487
405.275
299.826
937.73
83.8423
474.489
993.026
512.1
651.828
326.135
964.365
925.085
7.11214
963.751
136.326
505.079
431.216
385.676
610.354
581.816
30.4094
490.907
552.979
443.993
16.6008
513.094
129.077
753.39
200.908
776.316
578.068
949.324
493.365
873.457
481.412
889.245
826.573
913.849
197.04
516.177
42.126
510.434
917.36
343.42
201.936
495.608
437.007
326.782
458.506
614.482
354.873
532.84
875.608
368.284
458.149
389.848
411.303
820.702
585.745
160.425
26.9169
166.092
501.72
239.806
577.265
648.575
649.157
551.039
668.528
551.33
39.6725
472.975
80.7388
310.051
667.608
645.351
72.509
786.018
440.631
597.838
987.715
632.969
675.268
349.998
29.2672
856.686
217.902
33.0784
956.365
773.544
485.429
752.019
291.917
879.272
457.477
599.732
529.938
724.662
441.567
171.345
833.063
922.223
337.401
522.723
972.919
365.996
975.615
147.2
346.653
703.274
744.686
782.296
997.659
947.442
257.436
232.591
764.452
839.011
871.829
637.246
206.204
449.143
861.038
905.628
424.871
456.207
332.322
279.592
580.858
219.388
295.98
997.249
931.287
10.0634
772.923
874.255
897.035
655.906
456.451
781.979
667.663
96.8491
180.26
687.513
503.269
466.604
525.941
281.682
401.175
897.087
80.2727
614.43
515.762
222.544
641.93
391.842
394.742
640.306
611.233
178.189
108.666
498.974
672.961
155.707
976.745
143.509
14.5668
993.154
246.302
889.466
789.5
883.724
570.901
42.9071
432.429
758.731
899.855
573.737
120.364
844.002
776.157
812.069
26.9434
82.5088
518.561
921.494
678.111
934.108
204.664
39.5635
343.271
818.863
284.261
822.627
909.607
85.3312
435.25
725.256
527.12
153.17
468.167
48.3509
682.108
147.607
620.54
546.852
477.055
361.952
30.0332
968.403
250.556
656.63
997.739
146.868
262.947
35.7206
452.42
376.156
768.35
194.235
796.268
495.124
174.089
563.998
686.559
6.51108
201.751
18.9712
809.873
292.981
574.05
850.929
1.35121
570.71
87.1509
265.833
206.477
202.904
333.994
555.081
473.308
777.684
430.8
292.46
985.949
410.606
992.212
628.51
832.823
863.353
192.181
683.678
864.165
656.871
944.833
567.817
390.9
607.253
215.08
17.0657
261.097
412.314
911.146
583.912
810.547
680.172
174.494
739.311
501.388
310.702
636.701
847.358
558.309
436.947
92.8791
406.447
297.735
305.111
298.331
72.6502
973.95
945.344
245.831
100.606
80.5893
266.051
357.46
967.445
30.1115
124.972
825.154
51.7807
762.113
901.848
671.551
491.725
18.7765
359.391
556.367
365.12
77.9506
948.951
518.251
447.071
597.681
840.142
578.05
282.636
737.337
553.439
812.8
647.653
857.353
203.132
282.041
592.75
230.192
644.927
206.457
812.266
328.235
725.847
486.335
641.928
289.287
890.176
942.213
360.645
137.398
468.115
266.642
899.737
686.215
506.085
313.761
497.546
845.641
259.638
7.92199
181.968
251.836
810.422
324.671
324.455
848.302
364.3
753.797
446.03
754.995
893.469
676.966
231.553
606.899
984.213
729.615
538.663
547.773
204.955
531.74
491.447
393.776
505.79
994.019
398.065
691.138
167.972
579.219
801.421
678.18
535.579
534.247
990.872
611.84
155.257
831.606
502.385
759.776
325.38
761.973
698.968
209.497
293.065
209.316
340.387
764.36
144.183
289.363
961.968
732.284
594.013
429.652
930.513
656.605
518.7
69.1157
728.231
670.265
862.645
926.72
533.202
495.926
34.7781
467.607
670.634
377.339
666.12
532.34
359.417
764.115
568.757
606.868
182.878
125.941
417.271
429.966
383.846
227.185
400.815
358.965
887.913
823.028
278.473
457.053
564.229
458.887
651.626
705.466
762.167
671.579
162.069
176.106
440.099
849.662
879.143
785.018
7.55629
648.713
576.812
260.551
315.698
652.33
474.098
843.663
487.84
789.734
449.594
648.844
619.487
374.606
700.794
475.378
886.698
916.784
337.92
608.699
576.648
618.57
844.048
994.423
741.976
631.494
640.93
323.019
31.1423
288.505
943.631
516.432
163.882
102.892
515.438
860.129
110.366
941.066
24.316
341.774
354.453
425.025
208.299
423.103
438.102
935.519
562.656
532.588
11.4776
93.1494
427.594
586.477
770.45
956.838
170.874
153.969
322.075
453.015
192.47
823.35
254.582
430.733
123.735
510.148
529.515
814.678
325.116
1.86563
991.639
327.222
406.065
848.116
991.372
290.44
378.251
687.276
222.756
858.144
416.543
423.977
237.969
315.937
327.614
24.2874
251.174
614.061
327.696
531.431
787.123
244.048
801.335
694.102
163.568
757.275
372.5
77.1319
374.52
363.219
966.716
941.533
520.194
990.227
4.76294
554.271
818.622
184.969
449.791
949.839
446.112
152.34
963.48
813.589
954.836
869.728
824.232
904.338
974.734
463.398
760.587
860.104
945.725
215.866
273.474
930.655
70.1113
627.852
7.07487
14.2394
802.391
723.644
3.63372
719.384
485.82
241.975
294.153
167.567
136.699
864.014
864.639
56.185
506.027
204.581
54.1959
536.309
4.85893
831.582
423.126
664.836
658.219
122.062
940.42
269.779
199.923
741.737
423.049
740.444
687.325
19.7809
784.792
506.346
504.118
443.848
168.594
301.045
437.36
24.4105
120.389
986.055
221.448
865.59
868.83
17.9956
799.439
65.5774
587.466
126.949
776.884
77.9028
394.712
499.093
553.966
60.231
281.72
551.178
290.467
75.703
216.395
93.0324
759.952
489.429
248.776
407.382
813.023
606.438
512.482
159.827
325.924
754.779
880.654
477.399
344.721
246.687
572.68
409.026
534.532
210.567
927.991
978.234
848.553
326.464
651.499
346.036
586.923
307.628
206.054
174.295
217.862
231.516
372.999
86.6009
683.162
856.325
843.092
400.279
560.384
75.8346
635.212
800.438
761.396
18.5248
96.3131
861.672
220.823
729.78
717.785
827.292
781.177
272.252
343.802
627.698
679.817
713.586
957.469
72.1191
355.291
257.746
849.943
560.642
839.204
521.73
923.511
630.839
609.649
109.931
297.414
535.814
231.835
530.529
498.622
724.096
382.211
609.849
880.593
198.053
378.731
759.504
651.053
923.669
259.662
246.396
963.206
673.49
857.227
406.47
969.485
344.646
494.444
69.7354
917.311
109.405
640.792
256.955
224.796
946.241
544.987
39.0636
781.233
650.367
924.553
780.494
321.402
335.061
838.42
419.925
800.798
475.436
960.102
969.481
5.7587
496.887
367.702
670.078
751.252
819.075
389.011
750.692
610.741
696.499
904.13
167.948
176.466
477.504
186.521
105.258
932.005
379.815
931.288
83.9799
327.594
162.585
605.217
869.757
56.0554
288.56
888.03
672.768
635.053
206.944
443.054
559.299
589.643
154.942
945.725
272.603
5.73426
546.857
550.929
452.848
276.233
282.273
338.963
339.133
101.605
613.554
742.063
611.724
427.683
37.1887
219.126
911.111
26.3632
748.943
168.762
464.123
947.885
780.126
106.637
8.76331
523.577
28.3445
791.735
81.6606
980.031
42.9121
280.441
599.066
872.727
920.692
782.909
298.361
370.267
825.814
862.181
927.292
158.859
45.7434
574.818
378.18
207.911
731.128
927.75
210.457
487.027
398.223
797.903
24.0589
676.019
276.343
710.323
915.846
14.4933
800.377
531.672
139.671
325.988
137.171
846.699
106.573
381.649
17.3195
136.465
904.437
675.994
259.168
662.699
626.192
236.867
923.611
429.658
403.061
725.474
746.46
693.579
215.639
71.021
344.895
123.443
262.729
576.464
186.994
991.852
8.34279
504.167
714.987
250.899
494.293
857.506
606.018
287.617
233.122
499.858
486.696
772.899
8.18644
56.9811
552.931
735.433
369.532
721.873
313.728
680.444
81.45
190.063
921.403
806.972
446.603
393.595
381.397
685.362
389.193
447.183
978.617
870.135
653.466
572.071
905.458
26.8661
81.9587
601.72
736.712
132.997
939.135
706.778
741.233
12.2788
789.893
990.809
238.011
924.911
818.763
717.369
249.293
657.326
365.255
825.507
545.303
737.283
174.982
595.201
49.3366
194.695
636.753
435.221
229.468
52.9785
445.467
710.193
60.4634
279.133
442.33
806.157
928.908
756.019
221.65
587.561
273.94
433.201
731.444
434.706
118.791
832.166
948.573
908.256
33.6252
649.829
583.56
84.0365
572.773
146.2
112.118
882.423
209.581
96.1744
576.467
505.842
125.887
313.121
27.4399
946.961
542.009
547.841
56.2228
569.015
254.501
68.2195
101.168
946.272
605.484
523.336
509.916
523.207
677.702
84.907
230.019
569.544
297.572
85.7129
423.118
317.581
654.24
889.362
819.734
838.428
491.269
931.674
715.802
993.713
900.078
377.54
760.791
865.711
507.297
697.968
93.6818
176.472
83.8794
452.75
581.155
938.613
360.14
380.748
426.316
597.85
671.201
470.969
911.324
219.579
310.815
385.618
569.013
406.094
482.906
506.255
343.266
2.95166
119.718
4.41649
882.465
736.112
709.284
930.053
742.356
517.677
534.483
49.3624
72.2167
647.032
278.583
435.915
80.2027
724.175
970.66
966.007
869.477
68.9001
417.152
435.054
896.317
417.804
47.0907
993.494
505.466
842.91
958.101
698.392
567.853
221.822
623.243
843.974
893.371
288.167
456.376
227.185
669.177
729.521
252.348
932.562
925.19
982.896
450.363
596.992
836.843
138.219
512.042
405.069
315.116
609.104
273.62
438.739
720.548
207.051
503.308
82.8029
976.804
777.133
665.054
295.78
796.976
266.003
918.883
972.045
8.77609
720.129
51.8488
827.331
50.9348
305.387
473.876
170.389
980.366
628.366
786.657
216.336
787.02
882.994
164.208
842.949
360.042
179.48
809.065
683.782
125.041
700.363
772.579
438.51
608.59
513.06
171.066
211.655
53.7621
220.176
277.026
469.011
671.569
496.674
617.218
933.19
270.04
623.493
333.729
985.332
348.608
635.282
942.46
161.759
414.221
738.582
803.586
348.17
291.521
387.133
163.949
698.693
727.715
312.346
371.155
14.8538
188.894
966.629
638.087
885.51
604.94
140.854
664.95
841.278
31.7146
938.239
129.828
847.486
989.376
127.243
929.643
832.704
222.744
35.4875
498.612
513.197
72.2563
293.272
223.601
367.991
691.801
675.11
103.737
288.597
292.458
135.056
319.265
668.896
109.739
578.902
251.704
714.397
207.452
484.02
969.263
689.4
755.851
764.385
9.0599
41.9686
407.704
210.886
967.717
659.586
586.575
920.33
486.484
425.656
280.703
693.475
484.07
234.421
577.79
844.275
263.322
348.374
95.8527
958.415
475.864
569.855
468.686
186.58
966.532
972.518
577.722
802.306
597.253
676.979
622.053
219.196
143.956
339.693
862.715
999.692
911.614
89.5497
834.05
727.19
479.071
730.436
493.002
913.157
889.503
221.013
575.893
407.226
82.8371
39.0828
891.568
435.158
627.29
784.218
330.591
349.55
68.0115
719.087
583.58
211.695
957.144
300.347
399.739
278.705
862.24
710.582
281.752
524.668
135.668
33.1592
798.591
233.039
748.497
774.64
837.208
42.8123
96.3126
650.436
632
274.234
934.891
827.661
972.397
890.313
829.816
536.636
649.504
635.457
50.6143
194.483
658.849
127.756
317.254
959.038
514.745
440.357
340.75
180.273
980.171
791.802
581.9
224.259
692.582
755.036
989.921
998.966
329.404
97.9685
848.93
552.832
756.637
271.224
943.199
889.914
829.957
275.208
506.123
646.601
350.733
361.313
312.452
204.675
940.575
771.419
544.066
827.025
999.55
594.494
957.275
352.242
307.376
245.836
420.933
182.041
456.999
58.1458
111.851
753.773
59.7628
847.216
844.82
374.955
305.265
989.775
992.621
376.776
912.045
766.016
795.672
640.903
73.0658
292.141
166.296
993.939
628.924
944.266
219.201
24.7558
228.654
477.879
83.7959
43.2077
640.497
128.579
216.819
98.8899
21.2177
469.799
592.863
853.437
851.27
159.774
228.417
240.084
293.749
469.163
430.611
43.8607
977.648
506.825
658.977
41.8673
71.1373
796.637
666.995
105.846
69.7338
573.364
635.298
591.958
939.123
209.252
821.141
531.823
225.732
231.737
95.7698
154.014
972.956
701.574
904.726
368.982
891.102
372.589
213.949
258.729
248.966
210.423
960.071
744.289
549.608
997.243
235.795
331.375
777.965
959.876
755.313
732.539
59.7181
525.631
170.798
761.228
36.2785
406.911
175.036
920.641
367.339
544.29
418.798
752.855
138.389
877.915
501.94
158.994
834.664
176.957
337.182
390.105
94.581
22.4546
223.606
284.797
964.951
624.532
957.217
90.6657
527.635
153.047
218.154
52.2854
874.329
191.721
543.642
32.4054
684.549
388.326
173.57
111.367
464.289
294.388
458.258
192.281
572.412
271.88
877.669
638.818
882.273
524.686
836.067
354.401
571.976
200.152
579.191
145.13
522.86
840.275
911.66
815.915
938.143
560.211
965.216
55.3126
518.278
339.454
443.865
547.724
183.478
951.791
426.062
893.39
394.577
885.783
578.297
251.558
459.059
247.921
186.087
288.033
328.514
53.7836
660.289
95.8169
696.336
534.563
567.246
560.711
230.316
481.573
964.779
909.605
454.396
162.1
122.027
357.929
698.708
736.77
45.1028
267.745
128.89
240.097
623.336
645.593
747.18
228.794
419.213
209.104
422.085
911.694
931.132
396.212
84.2345
533.68
609.724
296.391
747.889
655.087
569.107
468.596
645.389
736.776
133.269
347.662
551.366
676.944
439.41
504.919
21.0256
44.2141
895.004
448.073
359.203
186.243
479.402
151.452
401.685
965.803
585.716
785.025
745.697
966.904
221.661
546.96
671.21
829.979
101.809
440.607
298.303
203.697
156.917
816.708
318.185
255.738
712.584
522.387
97.4036
958.325
519.335
260.225
907.391
476.955
684.547
916.854
186.912
41.1769
614.542
27.4055
955.557
91.2747
339.1
509.431
5.44219
279.172
93.0141
340.234
189.458
888.739
67.8084
930.777
772.242
341.196
634.91
736.354
329.453
904.613
658.562
761.162
377.704
350.069
357.191
385.908
737.858
736.336
396.264
653.047
415.216
483.568
879.808
264.514
499.08
466.319
793.314
16.5361
609.257
646.946
394.985
852.948
757.208
240.293
477.992
753.214
44.0771
85.5061
272.114
78.0225
426.843
665.176
722.95
20.9392
277.933
498.167
700.459
409.391
714.178
710.951
331.371
165.492
639.809
811.607
622.913
383.399
237.939
727.777
114.947
764.534
748.669
279.434
746.197
337.85
923.532
522.59
995.717
195.178
569.749
981.985
726.446
810.458
258.826
178.676
842.839
258.508
128.006
119.724
723.789
878.98
946.252
447.26
515.803
172.741
335.823
716.844
395.547
702.458
463.471
91.8408
227.118
681.26
260.154
481.57
54.8863
660.694
553.629
524.073
260.422
112.608
553.793
605.776
160.231
783.025
206.268
434.223
284.007
976.549
706.026
228.94
520.485
607.672
261.248
889.732
985.159
83.6852
229.93
140.051
602.082
219.369
370.563
552.202
517.263
235.636
896.653
46.0137
106.088
975.679
686.762
246.091
299.516
248.636
651.518
396.192
547.106
351.346
311.656
101.7
38.1649
445.465
902.376
320.129
910.402
405.239
235.364
890.516
448.551
778.957
457.598
709.119
589.692
605.87
223.214
972.738
48.8431
434.888
509.24
852.181
715.234
139.18
866.86
484.834
569.188
102.876
706.344
323.124
670.351
366.227
805.987
9.21735
974.111
100.994
543.969
7.7612
64.2363
798.597
948.259
988.648
831.356
193.109
5.50494
258.988
679.879
815.82
367.742
574.72
776.946
247.551
638.954
172.304
948.154
361.753
445.77
432.805
124.107
851.502
22.2876
885.488
312.611
25.8572
733.309
265.084
242.789
617.605
878.651
623.539
444.238
240.454
960.131
458.789
196.879
197.588
939.109
933.605
641.405
806.546
593.662
318.562
267.802
952.26
18.7802
184.52
907.48
598.428
359.162
799.826
416.045
818.102
671.615
941.696
137.034
91.2948
172.921
524.323
436.257
157.676
219.766
270.506
561.316
306.24
11.4537
129.489
546.922
284.471
915.373
369.914
104.625
873.469
342.207
680.093
422.201
912.311
485.788
192.999
585.464
177.274
875.1
953.566
221.389
995.316
337.645
872.166
759.808
965.234
559.226
899.71
0.557189
296.445
250.874
834.186
48.5556
379.316
945.374
470.991
1.25788
551
480.647
463.877
417.233
98.0057
262.516
